Copyright 1986-2022 Xilinx, Inc. All Rights Reserved. Copyright 2022-2024 Advanced Micro Devices, Inc. All Rights Reserved.
------------------------------------------------------------------------------------------------------------------------------------------------------------------------------------------------------------------------
| Tool Version : Vivado v.2024.2 (win64) Build 5239630 Fri Nov 08 22:35:27 MST 2024
| Date         : Mon Jul 14 11:23:14 2025
| Host         : DESKTOP-VI8FS3U running 64-bit major release  (build 9200)
| Command      : report_timing_summary -max_paths 10 -report_unconstrained -file TopModule_timing_summary_routed.rpt -pb TopModule_timing_summary_routed.pb -rpx TopModule_timing_summary_routed.rpx -warn_on_violation
| Design       : TopModule
| Device       : 7a35ti-cpg236
| Speed File   : -1L  PRODUCTION 1.23 2018-06-13
| Design State : Routed
------------------------------------------------------------------------------------------------------------------------------------------------------------------------------------------------------------------------

Timing Summary Report

------------------------------------------------------------------------------------------------
| Timer Settings
| --------------
------------------------------------------------------------------------------------------------

  Enable Multi Corner Analysis               :  Yes
  Enable Pessimism Removal                   :  Yes
  Pessimism Removal Resolution               :  Nearest Common Node
  Enable Input Delay Default Clock           :  No
  Enable Preset / Clear Arcs                 :  No
  Disable Flight Delays                      :  No
  Ignore I/O Paths                           :  No
  Timing Early Launch at Borrowing Latches   :  No
  Borrow Time for Max Delay Exceptions       :  Yes
  Merge Timing Exceptions                    :  Yes
  Inter-SLR Compensation                     :  Conservative

  Corner  Analyze    Analyze    
  Name    Max Paths  Min Paths  
  ------  ---------  ---------  
  Slow    Yes        Yes        
  Fast    Yes        Yes        


------------------------------------------------------------------------------------------------
| Report Methodology
| ------------------
------------------------------------------------------------------------------------------------

Rule       Severity          Description                    Violations  
---------  ----------------  -----------------------------  ----------  
TIMING-17  Critical Warning  Non-clocked sequential cell    272         
TIMING-16  Warning           Large setup violation          34          
TIMING-18  Warning           Missing input or output delay  16          

Note: This report is based on the most recent report_methodology run and may not be up-to-date. Run report_methodology on the current design for the latest report.



check_timing report

Table of Contents
-----------------
1. checking no_clock (272)
2. checking constant_clock (0)
3. checking pulse_width_clock (0)
4. checking unconstrained_internal_endpoints (554)
5. checking no_input_delay (3)
6. checking no_output_delay (29)
7. checking multiple_clock (0)
8. checking generated_clocks (0)
9. checking loops (0)
10. checking partial_input_delay (0)
11. checking partial_output_delay (0)
12. checking latch_loops (0)

1. checking no_clock (272)
--------------------------
 There are 28 register/latch pins with no clock driven by root clock pin: U0/clk_div_reg/Q (HIGH)

 There are 244 register/latch pins with no clock driven by root clock pin: U2/clk_out_reg/Q (HIGH)


2. checking constant_clock (0)
------------------------------
 There are 0 register/latch pins with constant_clock.


3. checking pulse_width_clock (0)
---------------------------------
 There are 0 register/latch pins which need pulse_width check


4. checking unconstrained_internal_endpoints (554)
--------------------------------------------------
 There are 554 pins that are not constrained for maximum delay. (HIGH)

 There are 0 pins that are not constrained for maximum delay due to constant clock.


5. checking no_input_delay (3)
------------------------------
 There are 3 input ports with no input delay specified. (HIGH)

 There are 0 input ports with no input delay but user has a false path constraint.


6. checking no_output_delay (29)
--------------------------------
 There are 29 ports with no output delay specified. (HIGH)

 There are 0 ports with no output delay but user has a false path constraint

 There are 0 ports with no output delay but with a timing clock defined on it or propagating through it


7. checking multiple_clock (0)
------------------------------
 There are 0 register/latch pins with multiple clocks.


8. checking generated_clocks (0)
--------------------------------
 There are 0 generated clocks that are not connected to a clock source.


9. checking loops (0)
---------------------
 There are 0 combinational loops in the design.


10. checking partial_input_delay (0)
------------------------------------
 There are 0 input ports with partial input delay specified.


11. checking partial_output_delay (0)
-------------------------------------
 There are 0 ports with partial output delay specified.


12. checking latch_loops (0)
----------------------------
 There are 0 combinational latch loops in the design through latch input



------------------------------------------------------------------------------------------------
| Design Timing Summary
| ---------------------
------------------------------------------------------------------------------------------------

    WNS(ns)      TNS(ns)  TNS Failing Endpoints  TNS Total Endpoints      WHS(ns)      THS(ns)  THS Failing Endpoints  THS Total Endpoints     WPWS(ns)     TPWS(ns)  TPWS Failing Endpoints  TPWS Total Endpoints  
    -------      -------  ---------------------  -------------------      -------      -------  ---------------------  -------------------     --------     --------  ----------------------  --------------------  
    -52.042    -1082.922                     73                  419        0.159        0.000                      0                  419        4.500        0.000                       0                   237  


Timing constraints are not met.


------------------------------------------------------------------------------------------------
| Clock Summary
| -------------
------------------------------------------------------------------------------------------------

Clock        Waveform(ns)       Period(ns)      Frequency(MHz)
-----        ------------       ----------      --------------
sys_clk_pin  {0.000 5.000}      10.000          100.000         


------------------------------------------------------------------------------------------------
| Intra Clock Table
| -----------------
------------------------------------------------------------------------------------------------

Clock             WNS(ns)      TNS(ns)  TNS Failing Endpoints  TNS Total Endpoints      WHS(ns)      THS(ns)  THS Failing Endpoints  THS Total Endpoints     WPWS(ns)     TPWS(ns)  TPWS Failing Endpoints  TPWS Total Endpoints  
-----             -------      -------  ---------------------  -------------------      -------      -------  ---------------------  -------------------     --------     --------  ----------------------  --------------------  
sys_clk_pin       -52.042    -1082.922                     73                  419        0.159        0.000                      0                  419        4.500        0.000                       0                   237  


------------------------------------------------------------------------------------------------
| Inter Clock Table
| -----------------
------------------------------------------------------------------------------------------------

From Clock    To Clock          WNS(ns)      TNS(ns)  TNS Failing Endpoints  TNS Total Endpoints      WHS(ns)      THS(ns)  THS Failing Endpoints  THS Total Endpoints  
----------    --------          -------      -------  ---------------------  -------------------      -------      -------  ---------------------  -------------------  


------------------------------------------------------------------------------------------------
| Other Path Groups Table
| -----------------------
------------------------------------------------------------------------------------------------

Path Group    From Clock    To Clock          WNS(ns)      TNS(ns)  TNS Failing Endpoints  TNS Total Endpoints      WHS(ns)      THS(ns)  THS Failing Endpoints  THS Total Endpoints  
----------    ----------    --------          -------      -------  ---------------------  -------------------      -------      -------  ---------------------  -------------------  


------------------------------------------------------------------------------------------------
| User Ignored Path Table
| -----------------------
------------------------------------------------------------------------------------------------

Path Group    From Clock    To Clock    
----------    ----------    --------    


------------------------------------------------------------------------------------------------
| Unconstrained Path Table
| ------------------------
------------------------------------------------------------------------------------------------

Path Group    From Clock    To Clock    
----------    ----------    --------    
(none)                                    
(none)        sys_clk_pin                 
(none)                      sys_clk_pin   


------------------------------------------------------------------------------------------------
| Timing Details
| --------------
------------------------------------------------------------------------------------------------


---------------------------------------------------------------------------------------------------
From Clock:  sys_clk_pin
  To Clock:  sys_clk_pin

Setup :           73  Failing Endpoints,  Worst Slack      -52.042ns,  Total Violation    -1082.922ns
Hold  :            0  Failing Endpoints,  Worst Slack        0.159ns,  Total Violation        0.000ns
PW    :            0  Failing Endpoints,  Worst Slack        4.500ns,  Total Violation        0.000ns
---------------------------------------------------------------------------------------------------


Max Delay Paths
--------------------------------------------------------------------------------------
Slack (VIOLATED) :        -52.042ns  (required time - arrival time)
  Source:                 pulse_inst/beat_count_reg[2]_replica_12/C
                            (rising edge-triggered cell FDRE clocked by sys_clk_pin  {rise@0.000ns fall@5.000ns period=10.000ns})
  Destination:            pulse_inst/bpm_reg_reg[13]/D
                            (rising edge-triggered cell FDRE clocked by sys_clk_pin  {rise@0.000ns fall@5.000ns period=10.000ns})
  Path Group:             sys_clk_pin
  Path Type:              Setup (Max at Slow Process Corner)
  Requirement:            10.000ns  (sys_clk_pin rise@10.000ns - sys_clk_pin rise@0.000ns)
  Data Path Delay:        62.143ns  (logic 29.511ns (47.489%)  route 32.632ns (52.511%))
  Logic Levels:           172  (CARRY4=134 LUT4=2 LUT5=12 LUT6=24)
  Clock Path Skew:        0.074ns (DCD - SCD + CPR)
    Destination Clock Delay (DCD):    5.020ns = ( 15.020 - 10.000 ) 
    Source Clock Delay      (SCD):    5.133ns
    Clock Pessimism Removal (CPR):    0.187ns
  Clock Uncertainty:      0.035ns  ((TSJ^2 + TIJ^2)^1/2 + DJ) / 2 + PE
    Total System Jitter     (TSJ):    0.071ns
    Total Input Jitter      (TIJ):    0.000ns
    Discrete Jitter          (DJ):    0.000ns
    Phase Error              (PE):    0.000ns

    Location             Delay type                Incr(ns)  Path(ns)    Netlist Resource(s)
  -------------------------------------------------------------------    -------------------
                         (clock sys_clk_pin rise edge)
                                                      0.000     0.000 r  
    W5                                                0.000     0.000 r  clk (IN)
                         net (fo=0)                   0.000     0.000    clk
    W5                   IBUF (Prop_ibuf_I_O)         1.458     1.458 r  clk_IBUF_inst/O
                         net (fo=1, routed)           1.967     3.425    clk_IBUF
    BUFGCTRL_X0Y1        BUFG (Prop_bufg_I_O)         0.096     3.521 r  clk_IBUF_BUFG_inst/O
                         net (fo=236, routed)         1.612     5.133    pulse_inst/clk_IBUF_BUFG
    SLICE_X5Y81          FDRE                                         r  pulse_inst/beat_count_reg[2]_replica_12/C
  -------------------------------------------------------------------    -------------------
    SLICE_X5Y81          FDRE (Prop_fdre_C_Q)         0.456     5.589 r  pulse_inst/beat_count_reg[2]_replica_12/Q
                         net (fo=85, routed)          1.401     6.989    pulse_inst/beat_count_reg_n_0_[2]_repN_12
    SLICE_X2Y81          LUT6 (Prop_lut6_I0_O)        0.124     7.113 f  pulse_inst/bpm_reg[15]_i_217/O
                         net (fo=2, routed)           0.495     7.609    pulse_inst/bpm_reg[15]_i_217_n_0
    SLICE_X2Y81          LUT6 (Prop_lut6_I0_O)        0.124     7.733 r  pulse_inst/bpm_reg[15]_i_130/O
                         net (fo=2, routed)           0.653     8.385    pulse_inst/bpm_reg[15]_i_130_n_0
    SLICE_X3Y82          LUT5 (Prop_lut5_I0_O)        0.124     8.509 r  pulse_inst/bpm_reg[15]_i_134/O
                         net (fo=1, routed)           0.000     8.509    pulse_inst/bpm_reg[15]_i_134_n_0
    SLICE_X3Y82          CARRY4 (Prop_carry4_S[1]_CO[3])
                                                      0.550     9.059 r  pulse_inst/bpm_reg_reg[15]_i_86/CO[3]
                         net (fo=1, routed)           0.000     9.059    pulse_inst/bpm_reg_reg[15]_i_86_n_0
    SLICE_X3Y83          CARRY4 (Prop_carry4_CI_O[0])
                                                      0.222     9.281 r  pulse_inst/bpm_reg_reg[15]_i_53/O[0]
                         net (fo=12, routed)          0.883    10.164    pulse_inst/bpm_reg_reg[15]_i_53_n_7
    SLICE_X2Y82          LUT6 (Prop_lut6_I0_O)        0.299    10.463 r  pulse_inst/bpm_reg[15]_i_120/O
                         net (fo=6, routed)           0.361    10.825    pulse_inst/bpm_reg[15]_i_120_n_0
    SLICE_X2Y83          LUT5 (Prop_lut5_I3_O)        0.124    10.949 r  pulse_inst/bpm_reg[15]_i_179/O
                         net (fo=2, routed)           0.601    11.550    pulse_inst/bpm_reg[15]_i_179_n_0
    SLICE_X2Y82          LUT6 (Prop_lut6_I0_O)        0.124    11.674 r  pulse_inst/bpm_reg[15]_i_119/O
                         net (fo=5, routed)           0.609    12.283    pulse_inst/bpm_reg[15]_i_119_n_0
    SLICE_X0Y82          LUT5 (Prop_lut5_I0_O)        0.124    12.407 f  pulse_inst/bpm_reg[15]_i_122/O
                         net (fo=11, routed)          0.876    13.282    pulse_inst/bpm_reg[15]_i_122_n_0
    SLICE_X4Y82          LUT5 (Prop_lut5_I2_O)        0.124    13.406 r  pulse_inst/bpm_reg[15]_i_121/O
                         net (fo=4, routed)           0.334    13.741    pulse_inst/bpm_reg[15]_i_121_n_0
    SLICE_X4Y83          LUT5 (Prop_lut5_I1_O)        0.124    13.865 r  pulse_inst/bpm_reg[15]_i_274/O
                         net (fo=1, routed)           0.306    14.170    pulse_inst/bpm_reg[15]_i_274_n_0
    SLICE_X4Y81          LUT4 (Prop_lut4_I0_O)        0.124    14.294 r  pulse_inst/bpm_reg[15]_i_190/O
                         net (fo=1, routed)           0.821    15.116    pulse_inst/bpm_reg[15]_i_190_n_0
    SLICE_X2Y81          LUT6 (Prop_lut6_I2_O)        0.124    15.240 r  pulse_inst/bpm_reg[15]_i_123_comp/O
                         net (fo=6, routed)           0.488    15.728    pulse_inst/bpm_reg[15]_i_123_n_0
    SLICE_X0Y80          LUT5 (Prop_lut5_I2_O)        0.124    15.852 r  pulse_inst/bpm_reg[15]_i_203/O
                         net (fo=3, routed)           0.451    16.303    pulse_inst/bpm_reg[15]_i_203_n_0
    SLICE_X0Y80          LUT5 (Prop_lut5_I4_O)        0.124    16.427 r  pulse_inst/bpm_reg[15]_i_126/O
                         net (fo=11, routed)          0.522    16.949    pulse_inst/bpm_reg[15]_i_126_n_0
    SLICE_X4Y79          LUT5 (Prop_lut5_I2_O)        0.124    17.073 f  pulse_inst/bpm_reg[15]_i_251/O
                         net (fo=6, routed)           0.838    17.910    pulse_inst/bpm_reg[15]_i_251_n_0
    SLICE_X7Y79          LUT6 (Prop_lut6_I1_O)        0.124    18.034 r  pulse_inst/bpm_reg[15]_i_166_comp/O
                         net (fo=10, routed)          0.375    18.410    pulse_inst/bpm_reg[15]_i_166_n_0
    SLICE_X6Y80          LUT5 (Prop_lut5_I2_O)        0.124    18.534 r  pulse_inst/bpm_reg[15]_i_247/O
                         net (fo=4, routed)           0.184    18.717    pulse_inst/bpm_reg[15]_i_247_n_0
    SLICE_X6Y80          LUT4 (Prop_lut4_I0_O)        0.124    18.841 f  pulse_inst/bpm_reg[15]_i_255/O
                         net (fo=5, routed)           0.711    19.552    pulse_inst/bpm_reg[15]_i_255_n_0
    SLICE_X7Y81          LUT6 (Prop_lut6_I1_O)        0.124    19.676 r  pulse_inst/bpm_reg[15]_i_168_comp/O
                         net (fo=10, routed)          0.485    20.161    pulse_inst/bpm_reg[15]_i_168_n_0
    SLICE_X6Y82          LUT5 (Prop_lut5_I2_O)        0.124    20.285 r  pulse_inst/bpm_reg[15]_i_253/O
                         net (fo=4, routed)           0.185    20.470    pulse_inst/bpm_reg[15]_i_253_n_0
    SLICE_X6Y82          LUT5 (Prop_lut5_I3_O)        0.124    20.594 r  pulse_inst/bpm_reg[15]_i_167/O
                         net (fo=10, routed)          0.511    21.105    pulse_inst/bpm_reg[15]_i_167_n_0
    SLICE_X6Y85          LUT5 (Prop_lut5_I4_O)        0.124    21.229 f  pulse_inst/bpm_reg[15]_i_260/O
                         net (fo=7, routed)           0.644    21.872    pulse_inst/bpm_reg[15]_i_260_n_0
    SLICE_X5Y84          LUT6 (Prop_lut6_I1_O)        0.124    21.996 r  pulse_inst/bpm_reg[15]_i_169_comp/O
                         net (fo=10, routed)          0.923    22.919    pulse_inst/bpm_reg[15]_i_169_n_0
    SLICE_X5Y85          LUT6 (Prop_lut6_I3_O)        0.124    23.043 r  pulse_inst/bpm_reg[15]_i_177/O
                         net (fo=3, routed)           0.439    23.482    pulse_inst/bpm_reg[15]_i_177_n_0
    SLICE_X4Y85          LUT6 (Prop_lut6_I1_O)        0.124    23.606 f  pulse_inst/bpm_reg[15]_i_116/O
                         net (fo=27, routed)          0.359    23.965    pulse_inst/bpm_reg[15]_i_116_n_0
    SLICE_X6Y85          LUT6 (Prop_lut6_I4_O)        0.124    24.089 r  pulse_inst/bpm_reg[15]_i_332/O
                         net (fo=1, routed)           0.333    24.422    pulse_inst/bpm_reg[15]_i_332_n_0
    SLICE_X7Y87          CARRY4 (Prop_carry4_CYINIT_CO[3])
                                                      0.580    25.002 r  pulse_inst/bpm_reg_reg[15]_i_294/CO[3]
                         net (fo=1, routed)           0.000    25.002    pulse_inst/bpm_reg_reg[15]_i_294_n_0
    SLICE_X7Y88          CARRY4 (Prop_carry4_CI_CO[3])
                                                      0.114    25.116 r  pulse_inst/bpm_reg_reg[15]_i_222/CO[3]
                         net (fo=1, routed)           0.000    25.116    pulse_inst/bpm_reg_reg[15]_i_222_n_0
    SLICE_X7Y89          CARRY4 (Prop_carry4_CI_CO[3])
                                                      0.114    25.230 r  pulse_inst/bpm_reg_reg[15]_i_140/CO[3]
                         net (fo=1, routed)           0.000    25.230    pulse_inst/bpm_reg_reg[15]_i_140_n_0
    SLICE_X7Y90          CARRY4 (Prop_carry4_CI_CO[3])
                                                      0.114    25.344 r  pulse_inst/bpm_reg_reg[15]_i_89/CO[3]
                         net (fo=1, routed)           0.000    25.344    pulse_inst/bpm_reg_reg[15]_i_89_n_0
    SLICE_X7Y91          CARRY4 (Prop_carry4_CI_CO[3])
                                                      0.114    25.458 r  pulse_inst/bpm_reg_reg[15]_i_54/CO[3]
                         net (fo=1, routed)           0.000    25.458    pulse_inst/bpm_reg_reg[15]_i_54_n_0
    SLICE_X7Y92          CARRY4 (Prop_carry4_CI_CO[3])
                                                      0.114    25.572 r  pulse_inst/bpm_reg_reg[15]_i_28/CO[3]
                         net (fo=1, routed)           0.000    25.572    pulse_inst/bpm_reg_reg[15]_i_28_n_0
    SLICE_X7Y93          CARRY4 (Prop_carry4_CI_CO[3])
                                                      0.114    25.686 r  pulse_inst/bpm_reg_reg[15]_i_9/CO[3]
                         net (fo=1, routed)           0.000    25.686    pulse_inst/bpm_reg_reg[15]_i_9_n_0
    SLICE_X7Y94          CARRY4 (Prop_carry4_CI_CO[1])
                                                      0.157    25.843 r  pulse_inst/bpm_reg_reg[15]_i_4/CO[1]
                         net (fo=34, routed)          1.013    26.856    pulse_inst/bpm_reg1[15]
    SLICE_X8Y87          CARRY4 (Prop_carry4_CYINIT_CO[3])
                                                      0.800    27.656 r  pulse_inst/bpm_reg_reg[15]_i_303/CO[3]
                         net (fo=1, routed)           0.000    27.656    pulse_inst/bpm_reg_reg[15]_i_303_n_0
    SLICE_X8Y88          CARRY4 (Prop_carry4_CI_CO[3])
                                                      0.117    27.773 r  pulse_inst/bpm_reg_reg[15]_i_231/CO[3]
                         net (fo=1, routed)           0.000    27.773    pulse_inst/bpm_reg_reg[15]_i_231_n_0
    SLICE_X8Y89          CARRY4 (Prop_carry4_CI_CO[3])
                                                      0.117    27.890 r  pulse_inst/bpm_reg_reg[15]_i_149/CO[3]
                         net (fo=1, routed)           0.000    27.890    pulse_inst/bpm_reg_reg[15]_i_149_n_0
    SLICE_X8Y90          CARRY4 (Prop_carry4_CI_CO[3])
                                                      0.117    28.007 r  pulse_inst/bpm_reg_reg[15]_i_92/CO[3]
                         net (fo=1, routed)           0.000    28.007    pulse_inst/bpm_reg_reg[15]_i_92_n_0
    SLICE_X8Y91          CARRY4 (Prop_carry4_CI_CO[3])
                                                      0.117    28.124 r  pulse_inst/bpm_reg_reg[15]_i_55/CO[3]
                         net (fo=1, routed)           0.000    28.124    pulse_inst/bpm_reg_reg[15]_i_55_n_0
    SLICE_X8Y92          CARRY4 (Prop_carry4_CI_CO[3])
                                                      0.117    28.241 r  pulse_inst/bpm_reg_reg[15]_i_29/CO[3]
                         net (fo=1, routed)           0.000    28.241    pulse_inst/bpm_reg_reg[15]_i_29_n_0
    SLICE_X8Y93          CARRY4 (Prop_carry4_CI_CO[3])
                                                      0.117    28.358 r  pulse_inst/bpm_reg_reg[15]_i_10/CO[3]
                         net (fo=1, routed)           0.000    28.358    pulse_inst/bpm_reg_reg[15]_i_10_n_0
    SLICE_X8Y94          CARRY4 (Prop_carry4_CI_CO[3])
                                                      0.117    28.475 r  pulse_inst/bpm_reg_reg[15]_i_5/CO[3]
                         net (fo=34, routed)          1.318    29.793    pulse_inst/bpm_reg1[14]
    SLICE_X6Y86          CARRY4 (Prop_carry4_CYINIT_CO[3])
                                                      0.595    30.388 r  pulse_inst/bpm_reg_reg[15]_i_308/CO[3]
                         net (fo=1, routed)           0.000    30.388    pulse_inst/bpm_reg_reg[15]_i_308_n_0
    SLICE_X6Y87          CARRY4 (Prop_carry4_CI_CO[3])
                                                      0.117    30.505 r  pulse_inst/bpm_reg_reg[15]_i_236/CO[3]
                         net (fo=1, routed)           0.000    30.505    pulse_inst/bpm_reg_reg[15]_i_236_n_0
    SLICE_X6Y88          CARRY4 (Prop_carry4_CI_CO[3])
                                                      0.117    30.622 r  pulse_inst/bpm_reg_reg[15]_i_155/CO[3]
                         net (fo=1, routed)           0.000    30.622    pulse_inst/bpm_reg_reg[15]_i_155_n_0
    SLICE_X6Y89          CARRY4 (Prop_carry4_CI_CO[3])
                                                      0.117    30.739 r  pulse_inst/bpm_reg_reg[15]_i_97/CO[3]
                         net (fo=1, routed)           0.000    30.739    pulse_inst/bpm_reg_reg[15]_i_97_n_0
    SLICE_X6Y90          CARRY4 (Prop_carry4_CI_CO[3])
                                                      0.117    30.856 r  pulse_inst/bpm_reg_reg[15]_i_60/CO[3]
                         net (fo=1, routed)           0.000    30.856    pulse_inst/bpm_reg_reg[15]_i_60_n_0
    SLICE_X6Y91          CARRY4 (Prop_carry4_CI_CO[3])
                                                      0.117    30.973 r  pulse_inst/bpm_reg_reg[15]_i_34/CO[3]
                         net (fo=1, routed)           0.000    30.973    pulse_inst/bpm_reg_reg[15]_i_34_n_0
    SLICE_X6Y92          CARRY4 (Prop_carry4_CI_CO[3])
                                                      0.117    31.090 r  pulse_inst/bpm_reg_reg[15]_i_15/CO[3]
                         net (fo=1, routed)           0.000    31.090    pulse_inst/bpm_reg_reg[15]_i_15_n_0
    SLICE_X6Y93          CARRY4 (Prop_carry4_CI_CO[3])
                                                      0.117    31.207 r  pulse_inst/bpm_reg_reg[15]_i_6/CO[3]
                         net (fo=34, routed)          1.183    32.390    pulse_inst/bpm_reg1[13]
    SLICE_X5Y86          LUT6 (Prop_lut6_I0_O)        0.124    32.514 r  pulse_inst/bpm_reg[15]_i_350/O
                         net (fo=1, routed)           0.000    32.514    pulse_inst/bpm_reg[15]_i_350_n_0
    SLICE_X5Y86          CARRY4 (Prop_carry4_S[1]_CO[3])
                                                      0.550    33.064 r  pulse_inst/bpm_reg_reg[15]_i_313/CO[3]
                         net (fo=1, routed)           0.000    33.064    pulse_inst/bpm_reg_reg[15]_i_313_n_0
    SLICE_X5Y87          CARRY4 (Prop_carry4_CI_CO[3])
                                                      0.114    33.178 r  pulse_inst/bpm_reg_reg[15]_i_241/CO[3]
                         net (fo=1, routed)           0.000    33.178    pulse_inst/bpm_reg_reg[15]_i_241_n_0
    SLICE_X5Y88          CARRY4 (Prop_carry4_CI_CO[3])
                                                      0.114    33.292 r  pulse_inst/bpm_reg_reg[15]_i_160/CO[3]
                         net (fo=1, routed)           0.000    33.292    pulse_inst/bpm_reg_reg[15]_i_160_n_0
    SLICE_X5Y89          CARRY4 (Prop_carry4_CI_CO[3])
                                                      0.114    33.406 r  pulse_inst/bpm_reg_reg[15]_i_102/CO[3]
                         net (fo=1, routed)           0.000    33.406    pulse_inst/bpm_reg_reg[15]_i_102_n_0
    SLICE_X5Y90          CARRY4 (Prop_carry4_CI_CO[3])
                                                      0.114    33.520 r  pulse_inst/bpm_reg_reg[15]_i_65/CO[3]
                         net (fo=1, routed)           0.000    33.520    pulse_inst/bpm_reg_reg[15]_i_65_n_0
    SLICE_X5Y91          CARRY4 (Prop_carry4_CI_CO[3])
                                                      0.114    33.634 r  pulse_inst/bpm_reg_reg[15]_i_39/CO[3]
                         net (fo=1, routed)           0.000    33.634    pulse_inst/bpm_reg_reg[15]_i_39_n_0
    SLICE_X5Y92          CARRY4 (Prop_carry4_CI_CO[3])
                                                      0.114    33.748 r  pulse_inst/bpm_reg_reg[15]_i_20/CO[3]
                         net (fo=1, routed)           0.000    33.748    pulse_inst/bpm_reg_reg[15]_i_20_n_0
    SLICE_X5Y93          CARRY4 (Prop_carry4_CI_CO[3])
                                                      0.114    33.862 r  pulse_inst/bpm_reg_reg[15]_i_7/CO[3]
                         net (fo=35, routed)          0.989    34.852    pulse_inst/bpm_reg1[12]
    SLICE_X2Y86          LUT6 (Prop_lut6_I5_O)        0.124    34.976 r  pulse_inst/bpm_reg[11]_i_146/O
                         net (fo=1, routed)           0.349    35.325    pulse_inst/bpm_reg[11]_i_146_n_0
    SLICE_X4Y87          CARRY4 (Prop_carry4_DI[1]_CO[3])
                                                      0.507    35.832 r  pulse_inst/bpm_reg_reg[11]_i_126/CO[3]
                         net (fo=1, routed)           0.000    35.832    pulse_inst/bpm_reg_reg[11]_i_126_n_0
    SLICE_X4Y88          CARRY4 (Prop_carry4_CI_CO[3])
                                                      0.114    35.946 r  pulse_inst/bpm_reg_reg[11]_i_106/CO[3]
                         net (fo=1, routed)           0.000    35.946    pulse_inst/bpm_reg_reg[11]_i_106_n_0
    SLICE_X4Y89          CARRY4 (Prop_carry4_CI_CO[3])
                                                      0.114    36.060 r  pulse_inst/bpm_reg_reg[11]_i_86/CO[3]
                         net (fo=1, routed)           0.000    36.060    pulse_inst/bpm_reg_reg[11]_i_86_n_0
    SLICE_X4Y90          CARRY4 (Prop_carry4_CI_CO[3])
                                                      0.114    36.174 r  pulse_inst/bpm_reg_reg[11]_i_66/CO[3]
                         net (fo=1, routed)           0.000    36.174    pulse_inst/bpm_reg_reg[11]_i_66_n_0
    SLICE_X4Y91          CARRY4 (Prop_carry4_CI_CO[3])
                                                      0.114    36.288 r  pulse_inst/bpm_reg_reg[11]_i_46/CO[3]
                         net (fo=1, routed)           0.000    36.288    pulse_inst/bpm_reg_reg[11]_i_46_n_0
    SLICE_X4Y92          CARRY4 (Prop_carry4_CI_CO[3])
                                                      0.114    36.402 r  pulse_inst/bpm_reg_reg[11]_i_26/CO[3]
                         net (fo=1, routed)           0.000    36.402    pulse_inst/bpm_reg_reg[11]_i_26_n_0
    SLICE_X4Y93          CARRY4 (Prop_carry4_CI_CO[3])
                                                      0.114    36.516 r  pulse_inst/bpm_reg_reg[11]_i_6/CO[3]
                         net (fo=1, routed)           0.000    36.516    pulse_inst/bpm_reg_reg[11]_i_6_n_0
    SLICE_X4Y94          CARRY4 (Prop_carry4_CI_CO[3])
                                                      0.114    36.630 r  pulse_inst/bpm_reg_reg[11]_i_2/CO[3]
                         net (fo=34, routed)          1.067    37.696    pulse_inst/bpm_reg1[11]
    SLICE_X3Y88          LUT6 (Prop_lut6_I0_O)        0.124    37.820 r  pulse_inst/bpm_reg[11]_i_152/O
                         net (fo=1, routed)           0.000    37.820    pulse_inst/bpm_reg[11]_i_152_n_0
    SLICE_X3Y88          CARRY4 (Prop_carry4_S[1]_CO[3])
                                                      0.550    38.370 r  pulse_inst/bpm_reg_reg[11]_i_131/CO[3]
                         net (fo=1, routed)           0.000    38.370    pulse_inst/bpm_reg_reg[11]_i_131_n_0
    SLICE_X3Y89          CARRY4 (Prop_carry4_CI_CO[3])
                                                      0.114    38.484 r  pulse_inst/bpm_reg_reg[11]_i_111/CO[3]
                         net (fo=1, routed)           0.000    38.484    pulse_inst/bpm_reg_reg[11]_i_111_n_0
    SLICE_X3Y90          CARRY4 (Prop_carry4_CI_CO[3])
                                                      0.114    38.598 r  pulse_inst/bpm_reg_reg[11]_i_91/CO[3]
                         net (fo=1, routed)           0.000    38.598    pulse_inst/bpm_reg_reg[11]_i_91_n_0
    SLICE_X3Y91          CARRY4 (Prop_carry4_CI_CO[3])
                                                      0.114    38.712 r  pulse_inst/bpm_reg_reg[11]_i_71/CO[3]
                         net (fo=1, routed)           0.000    38.712    pulse_inst/bpm_reg_reg[11]_i_71_n_0
    SLICE_X3Y92          CARRY4 (Prop_carry4_CI_CO[3])
                                                      0.114    38.826 r  pulse_inst/bpm_reg_reg[11]_i_51/CO[3]
                         net (fo=1, routed)           0.000    38.826    pulse_inst/bpm_reg_reg[11]_i_51_n_0
    SLICE_X3Y93          CARRY4 (Prop_carry4_CI_CO[3])
                                                      0.114    38.940 r  pulse_inst/bpm_reg_reg[11]_i_31/CO[3]
                         net (fo=1, routed)           0.000    38.940    pulse_inst/bpm_reg_reg[11]_i_31_n_0
    SLICE_X3Y94          CARRY4 (Prop_carry4_CI_CO[3])
                                                      0.114    39.054 r  pulse_inst/bpm_reg_reg[11]_i_11/CO[3]
                         net (fo=1, routed)           0.000    39.054    pulse_inst/bpm_reg_reg[11]_i_11_n_0
    SLICE_X3Y95          CARRY4 (Prop_carry4_CI_CO[3])
                                                      0.114    39.168 r  pulse_inst/bpm_reg_reg[11]_i_3/CO[3]
                         net (fo=35, routed)          0.844    40.012    pulse_inst/bpm_reg1[10]
    SLICE_X1Y95          LUT6 (Prop_lut6_I5_O)        0.124    40.136 r  pulse_inst/bpm_reg[11]_i_153/O
                         net (fo=1, routed)           0.528    40.664    pulse_inst/bpm_reg[11]_i_153_n_0
    SLICE_X2Y89          CARRY4 (Prop_carry4_DI[1]_CO[3])
                                                      0.520    41.184 r  pulse_inst/bpm_reg_reg[11]_i_136/CO[3]
                         net (fo=1, routed)           0.000    41.184    pulse_inst/bpm_reg_reg[11]_i_136_n_0
    SLICE_X2Y90          CARRY4 (Prop_carry4_CI_CO[3])
                                                      0.117    41.301 r  pulse_inst/bpm_reg_reg[11]_i_116/CO[3]
                         net (fo=1, routed)           0.000    41.301    pulse_inst/bpm_reg_reg[11]_i_116_n_0
    SLICE_X2Y91          CARRY4 (Prop_carry4_CI_CO[3])
                                                      0.117    41.418 r  pulse_inst/bpm_reg_reg[11]_i_96/CO[3]
                         net (fo=1, routed)           0.000    41.418    pulse_inst/bpm_reg_reg[11]_i_96_n_0
    SLICE_X2Y92          CARRY4 (Prop_carry4_CI_CO[3])
                                                      0.117    41.535 r  pulse_inst/bpm_reg_reg[11]_i_76/CO[3]
                         net (fo=1, routed)           0.000    41.535    pulse_inst/bpm_reg_reg[11]_i_76_n_0
    SLICE_X2Y93          CARRY4 (Prop_carry4_CI_CO[3])
                                                      0.117    41.652 r  pulse_inst/bpm_reg_reg[11]_i_56/CO[3]
                         net (fo=1, routed)           0.000    41.652    pulse_inst/bpm_reg_reg[11]_i_56_n_0
    SLICE_X2Y94          CARRY4 (Prop_carry4_CI_CO[3])
                                                      0.117    41.769 r  pulse_inst/bpm_reg_reg[11]_i_36/CO[3]
                         net (fo=1, routed)           0.000    41.769    pulse_inst/bpm_reg_reg[11]_i_36_n_0
    SLICE_X2Y95          CARRY4 (Prop_carry4_CI_CO[3])
                                                      0.117    41.886 r  pulse_inst/bpm_reg_reg[11]_i_16/CO[3]
                         net (fo=1, routed)           0.000    41.886    pulse_inst/bpm_reg_reg[11]_i_16_n_0
    SLICE_X2Y96          CARRY4 (Prop_carry4_CI_CO[3])
                                                      0.117    42.003 r  pulse_inst/bpm_reg_reg[11]_i_4/CO[3]
                         net (fo=34, routed)          0.952    42.955    pulse_inst/bpm_reg1[9]
    SLICE_X0Y94          LUT6 (Prop_lut6_I0_O)        0.124    43.079 r  pulse_inst/bpm_reg[11]_i_159/O
                         net (fo=1, routed)           0.000    43.079    pulse_inst/bpm_reg[11]_i_159_n_0
    SLICE_X0Y94          CARRY4 (Prop_carry4_S[1]_CO[3])
                                                      0.550    43.629 r  pulse_inst/bpm_reg_reg[11]_i_141/CO[3]
                         net (fo=1, routed)           0.000    43.629    pulse_inst/bpm_reg_reg[11]_i_141_n_0
    SLICE_X0Y95          CARRY4 (Prop_carry4_CI_CO[3])
                                                      0.114    43.743 r  pulse_inst/bpm_reg_reg[11]_i_121/CO[3]
                         net (fo=1, routed)           0.000    43.743    pulse_inst/bpm_reg_reg[11]_i_121_n_0
    SLICE_X0Y96          CARRY4 (Prop_carry4_CI_CO[3])
                                                      0.114    43.857 r  pulse_inst/bpm_reg_reg[11]_i_101/CO[3]
                         net (fo=1, routed)           0.000    43.857    pulse_inst/bpm_reg_reg[11]_i_101_n_0
    SLICE_X0Y97          CARRY4 (Prop_carry4_CI_CO[3])
                                                      0.114    43.971 r  pulse_inst/bpm_reg_reg[11]_i_81/CO[3]
                         net (fo=1, routed)           0.000    43.971    pulse_inst/bpm_reg_reg[11]_i_81_n_0
    SLICE_X0Y98          CARRY4 (Prop_carry4_CI_CO[3])
                                                      0.114    44.085 r  pulse_inst/bpm_reg_reg[11]_i_61/CO[3]
                         net (fo=1, routed)           0.000    44.085    pulse_inst/bpm_reg_reg[11]_i_61_n_0
    SLICE_X0Y99          CARRY4 (Prop_carry4_CI_CO[3])
                                                      0.114    44.199 r  pulse_inst/bpm_reg_reg[11]_i_41/CO[3]
                         net (fo=1, routed)           0.001    44.199    pulse_inst/bpm_reg_reg[11]_i_41_n_0
    SLICE_X0Y100         CARRY4 (Prop_carry4_CI_CO[3])
                                                      0.114    44.313 r  pulse_inst/bpm_reg_reg[11]_i_21/CO[3]
                         net (fo=1, routed)           0.000    44.313    pulse_inst/bpm_reg_reg[11]_i_21_n_0
    SLICE_X0Y101         CARRY4 (Prop_carry4_CI_CO[3])
                                                      0.114    44.427 r  pulse_inst/bpm_reg_reg[11]_i_5/CO[3]
                         net (fo=35, routed)          0.706    45.134    pulse_inst/bpm_reg1[8]
    SLICE_X3Y101         LUT6 (Prop_lut6_I5_O)        0.124    45.258 r  pulse_inst/bpm_reg[7]_i_146/O
                         net (fo=1, routed)           0.331    45.588    pulse_inst/bpm_reg[7]_i_146_n_0
    SLICE_X2Y100         CARRY4 (Prop_carry4_DI[1]_CO[3])
                                                      0.520    46.108 r  pulse_inst/bpm_reg_reg[7]_i_126/CO[3]
                         net (fo=1, routed)           0.000    46.108    pulse_inst/bpm_reg_reg[7]_i_126_n_0
    SLICE_X2Y101         CARRY4 (Prop_carry4_CI_CO[3])
                                                      0.117    46.225 r  pulse_inst/bpm_reg_reg[7]_i_106/CO[3]
                         net (fo=1, routed)           0.000    46.225    pulse_inst/bpm_reg_reg[7]_i_106_n_0
    SLICE_X2Y102         CARRY4 (Prop_carry4_CI_CO[3])
                                                      0.117    46.342 r  pulse_inst/bpm_reg_reg[7]_i_86/CO[3]
                         net (fo=1, routed)           0.000    46.342    pulse_inst/bpm_reg_reg[7]_i_86_n_0
    SLICE_X2Y103         CARRY4 (Prop_carry4_CI_CO[3])
                                                      0.117    46.459 r  pulse_inst/bpm_reg_reg[7]_i_66/CO[3]
                         net (fo=1, routed)           0.000    46.459    pulse_inst/bpm_reg_reg[7]_i_66_n_0
    SLICE_X2Y104         CARRY4 (Prop_carry4_CI_CO[3])
                                                      0.117    46.576 r  pulse_inst/bpm_reg_reg[7]_i_46/CO[3]
                         net (fo=1, routed)           0.000    46.576    pulse_inst/bpm_reg_reg[7]_i_46_n_0
    SLICE_X2Y105         CARRY4 (Prop_carry4_CI_CO[3])
                                                      0.117    46.693 r  pulse_inst/bpm_reg_reg[7]_i_26/CO[3]
                         net (fo=1, routed)           0.000    46.693    pulse_inst/bpm_reg_reg[7]_i_26_n_0
    SLICE_X2Y106         CARRY4 (Prop_carry4_CI_CO[3])
                                                      0.117    46.810 r  pulse_inst/bpm_reg_reg[7]_i_6/CO[3]
                         net (fo=1, routed)           0.000    46.810    pulse_inst/bpm_reg_reg[7]_i_6_n_0
    SLICE_X2Y107         CARRY4 (Prop_carry4_CI_CO[3])
                                                      0.117    46.927 r  pulse_inst/bpm_reg_reg[7]_i_2/CO[3]
                         net (fo=35, routed)          0.724    47.651    pulse_inst/bpm_reg1[7]
    SLICE_X0Y106         LUT6 (Prop_lut6_I5_O)        0.124    47.775 r  pulse_inst/bpm_reg[7]_i_150/O
                         net (fo=1, routed)           0.338    48.113    pulse_inst/bpm_reg[7]_i_150_n_0
    SLICE_X3Y105         CARRY4 (Prop_carry4_DI[1]_CO[3])
                                                      0.507    48.620 r  pulse_inst/bpm_reg_reg[7]_i_131/CO[3]
                         net (fo=1, routed)           0.000    48.620    pulse_inst/bpm_reg_reg[7]_i_131_n_0
    SLICE_X3Y106         CARRY4 (Prop_carry4_CI_CO[3])
                                                      0.114    48.734 r  pulse_inst/bpm_reg_reg[7]_i_111/CO[3]
                         net (fo=1, routed)           0.000    48.734    pulse_inst/bpm_reg_reg[7]_i_111_n_0
    SLICE_X3Y107         CARRY4 (Prop_carry4_CI_CO[3])
                                                      0.114    48.848 r  pulse_inst/bpm_reg_reg[7]_i_91/CO[3]
                         net (fo=1, routed)           0.000    48.848    pulse_inst/bpm_reg_reg[7]_i_91_n_0
    SLICE_X3Y108         CARRY4 (Prop_carry4_CI_CO[3])
                                                      0.114    48.962 r  pulse_inst/bpm_reg_reg[7]_i_71/CO[3]
                         net (fo=1, routed)           0.000    48.962    pulse_inst/bpm_reg_reg[7]_i_71_n_0
    SLICE_X3Y109         CARRY4 (Prop_carry4_CI_CO[3])
                                                      0.114    49.076 r  pulse_inst/bpm_reg_reg[7]_i_51/CO[3]
                         net (fo=1, routed)           0.000    49.076    pulse_inst/bpm_reg_reg[7]_i_51_n_0
    SLICE_X3Y110         CARRY4 (Prop_carry4_CI_CO[3])
                                                      0.114    49.190 r  pulse_inst/bpm_reg_reg[7]_i_31/CO[3]
                         net (fo=1, routed)           0.000    49.190    pulse_inst/bpm_reg_reg[7]_i_31_n_0
    SLICE_X3Y111         CARRY4 (Prop_carry4_CI_CO[3])
                                                      0.114    49.304 r  pulse_inst/bpm_reg_reg[7]_i_11/CO[3]
                         net (fo=1, routed)           0.000    49.304    pulse_inst/bpm_reg_reg[7]_i_11_n_0
    SLICE_X3Y112         CARRY4 (Prop_carry4_CI_CO[3])
                                                      0.114    49.418 r  pulse_inst/bpm_reg_reg[7]_i_3/CO[3]
                         net (fo=34, routed)          0.925    50.343    pulse_inst/bpm_reg1[6]
    SLICE_X4Y110         LUT6 (Prop_lut6_I0_O)        0.124    50.467 r  pulse_inst/bpm_reg[7]_i_156/O
                         net (fo=1, routed)           0.000    50.467    pulse_inst/bpm_reg[7]_i_156_n_0
    SLICE_X4Y110         CARRY4 (Prop_carry4_S[1]_CO[3])
                                                      0.550    51.017 r  pulse_inst/bpm_reg_reg[7]_i_136/CO[3]
                         net (fo=1, routed)           0.000    51.017    pulse_inst/bpm_reg_reg[7]_i_136_n_0
    SLICE_X4Y111         CARRY4 (Prop_carry4_CI_CO[3])
                                                      0.114    51.131 r  pulse_inst/bpm_reg_reg[7]_i_116/CO[3]
                         net (fo=1, routed)           0.000    51.131    pulse_inst/bpm_reg_reg[7]_i_116_n_0
    SLICE_X4Y112         CARRY4 (Prop_carry4_CI_CO[3])
                                                      0.114    51.245 r  pulse_inst/bpm_reg_reg[7]_i_96/CO[3]
                         net (fo=1, routed)           0.000    51.245    pulse_inst/bpm_reg_reg[7]_i_96_n_0
    SLICE_X4Y113         CARRY4 (Prop_carry4_CI_CO[3])
                                                      0.114    51.359 r  pulse_inst/bpm_reg_reg[7]_i_76/CO[3]
                         net (fo=1, routed)           0.000    51.359    pulse_inst/bpm_reg_reg[7]_i_76_n_0
    SLICE_X4Y114         CARRY4 (Prop_carry4_CI_CO[3])
                                                      0.114    51.473 r  pulse_inst/bpm_reg_reg[7]_i_56/CO[3]
                         net (fo=1, routed)           0.000    51.473    pulse_inst/bpm_reg_reg[7]_i_56_n_0
    SLICE_X4Y115         CARRY4 (Prop_carry4_CI_CO[3])
                                                      0.114    51.587 r  pulse_inst/bpm_reg_reg[7]_i_36/CO[3]
                         net (fo=1, routed)           0.000    51.587    pulse_inst/bpm_reg_reg[7]_i_36_n_0
    SLICE_X4Y116         CARRY4 (Prop_carry4_CI_CO[3])
                                                      0.114    51.701 r  pulse_inst/bpm_reg_reg[7]_i_16/CO[3]
                         net (fo=1, routed)           0.000    51.701    pulse_inst/bpm_reg_reg[7]_i_16_n_0
    SLICE_X4Y117         CARRY4 (Prop_carry4_CI_CO[3])
                                                      0.114    51.815 r  pulse_inst/bpm_reg_reg[7]_i_4/CO[3]
                         net (fo=34, routed)          0.893    52.707    pulse_inst/bpm_reg1[5]
    SLICE_X3Y116         LUT6 (Prop_lut6_I0_O)        0.124    52.831 r  pulse_inst/bpm_reg[7]_i_159/O
                         net (fo=1, routed)           0.000    52.831    pulse_inst/bpm_reg[7]_i_159_n_0
    SLICE_X3Y116         CARRY4 (Prop_carry4_S[1]_CO[3])
                                                      0.550    53.381 r  pulse_inst/bpm_reg_reg[7]_i_141/CO[3]
                         net (fo=1, routed)           0.000    53.381    pulse_inst/bpm_reg_reg[7]_i_141_n_0
    SLICE_X3Y117         CARRY4 (Prop_carry4_CI_CO[3])
                                                      0.114    53.495 r  pulse_inst/bpm_reg_reg[7]_i_121/CO[3]
                         net (fo=1, routed)           0.000    53.495    pulse_inst/bpm_reg_reg[7]_i_121_n_0
    SLICE_X3Y118         CARRY4 (Prop_carry4_CI_CO[3])
                                                      0.114    53.609 r  pulse_inst/bpm_reg_reg[7]_i_101/CO[3]
                         net (fo=1, routed)           0.000    53.609    pulse_inst/bpm_reg_reg[7]_i_101_n_0
    SLICE_X3Y119         CARRY4 (Prop_carry4_CI_CO[3])
                                                      0.114    53.723 r  pulse_inst/bpm_reg_reg[7]_i_81/CO[3]
                         net (fo=1, routed)           0.000    53.723    pulse_inst/bpm_reg_reg[7]_i_81_n_0
    SLICE_X3Y120         CARRY4 (Prop_carry4_CI_CO[3])
                                                      0.114    53.837 r  pulse_inst/bpm_reg_reg[7]_i_61/CO[3]
                         net (fo=1, routed)           0.000    53.837    pulse_inst/bpm_reg_reg[7]_i_61_n_0
    SLICE_X3Y121         CARRY4 (Prop_carry4_CI_CO[3])
                                                      0.114    53.951 r  pulse_inst/bpm_reg_reg[7]_i_41/CO[3]
                         net (fo=1, routed)           0.000    53.951    pulse_inst/bpm_reg_reg[7]_i_41_n_0
    SLICE_X3Y122         CARRY4 (Prop_carry4_CI_CO[3])
                                                      0.114    54.065 r  pulse_inst/bpm_reg_reg[7]_i_21/CO[3]
                         net (fo=1, routed)           0.000    54.065    pulse_inst/bpm_reg_reg[7]_i_21_n_0
    SLICE_X3Y123         CARRY4 (Prop_carry4_CI_CO[3])
                                                      0.114    54.179 r  pulse_inst/bpm_reg_reg[7]_i_5/CO[3]
                         net (fo=35, routed)          1.027    55.206    pulse_inst/bpm_reg1[4]
    SLICE_X2Y122         LUT6 (Prop_lut6_I5_O)        0.124    55.330 r  pulse_inst/bpm_reg[3]_i_148/O
                         net (fo=1, routed)           0.000    55.330    pulse_inst/bpm_reg[3]_i_148_n_0
    SLICE_X2Y122         CARRY4 (Prop_carry4_S[1]_CO[3])
                                                      0.533    55.863 r  pulse_inst/bpm_reg_reg[3]_i_125/CO[3]
                         net (fo=1, routed)           0.000    55.863    pulse_inst/bpm_reg_reg[3]_i_125_n_0
    SLICE_X2Y123         CARRY4 (Prop_carry4_CI_CO[3])
                                                      0.117    55.980 r  pulse_inst/bpm_reg_reg[3]_i_105/CO[3]
                         net (fo=1, routed)           0.000    55.980    pulse_inst/bpm_reg_reg[3]_i_105_n_0
    SLICE_X2Y124         CARRY4 (Prop_carry4_CI_CO[3])
                                                      0.117    56.097 r  pulse_inst/bpm_reg_reg[3]_i_85/CO[3]
                         net (fo=1, routed)           0.009    56.106    pulse_inst/bpm_reg_reg[3]_i_85_n_0
    SLICE_X2Y125         CARRY4 (Prop_carry4_CI_CO[3])
                                                      0.117    56.223 r  pulse_inst/bpm_reg_reg[3]_i_65/CO[3]
                         net (fo=1, routed)           0.000    56.223    pulse_inst/bpm_reg_reg[3]_i_65_n_0
    SLICE_X2Y126         CARRY4 (Prop_carry4_CI_CO[3])
                                                      0.117    56.340 r  pulse_inst/bpm_reg_reg[3]_i_45/CO[3]
                         net (fo=1, routed)           0.000    56.340    pulse_inst/bpm_reg_reg[3]_i_45_n_0
    SLICE_X2Y127         CARRY4 (Prop_carry4_CI_CO[3])
                                                      0.117    56.457 r  pulse_inst/bpm_reg_reg[3]_i_25/CO[3]
                         net (fo=1, routed)           0.000    56.457    pulse_inst/bpm_reg_reg[3]_i_25_n_0
    SLICE_X2Y128         CARRY4 (Prop_carry4_CI_CO[3])
                                                      0.117    56.574 r  pulse_inst/bpm_reg_reg[3]_i_6/CO[3]
                         net (fo=1, routed)           0.000    56.574    pulse_inst/bpm_reg_reg[3]_i_6_n_0
    SLICE_X2Y129         CARRY4 (Prop_carry4_CI_CO[3])
                                                      0.117    56.691 r  pulse_inst/bpm_reg_reg[3]_i_2/CO[3]
                         net (fo=35, routed)          0.708    57.399    pulse_inst/bpm_reg1[3]
    SLICE_X0Y128         LUT6 (Prop_lut6_I5_O)        0.124    57.523 r  pulse_inst/bpm_reg[3]_i_149/O
                         net (fo=1, routed)           0.338    57.861    pulse_inst/bpm_reg[3]_i_149_n_0
    SLICE_X3Y127         CARRY4 (Prop_carry4_DI[1]_CO[3])
                                                      0.507    58.368 r  pulse_inst/bpm_reg_reg[3]_i_130/CO[3]
                         net (fo=1, routed)           0.000    58.368    pulse_inst/bpm_reg_reg[3]_i_130_n_0
    SLICE_X3Y128         CARRY4 (Prop_carry4_CI_CO[3])
                                                      0.114    58.482 r  pulse_inst/bpm_reg_reg[3]_i_110/CO[3]
                         net (fo=1, routed)           0.000    58.482    pulse_inst/bpm_reg_reg[3]_i_110_n_0
    SLICE_X3Y129         CARRY4 (Prop_carry4_CI_CO[3])
                                                      0.114    58.596 r  pulse_inst/bpm_reg_reg[3]_i_90/CO[3]
                         net (fo=1, routed)           0.000    58.596    pulse_inst/bpm_reg_reg[3]_i_90_n_0
    SLICE_X3Y130         CARRY4 (Prop_carry4_CI_CO[3])
                                                      0.114    58.710 r  pulse_inst/bpm_reg_reg[3]_i_70/CO[3]
                         net (fo=1, routed)           0.000    58.710    pulse_inst/bpm_reg_reg[3]_i_70_n_0
    SLICE_X3Y131         CARRY4 (Prop_carry4_CI_CO[3])
                                                      0.114    58.824 r  pulse_inst/bpm_reg_reg[3]_i_50/CO[3]
                         net (fo=1, routed)           0.000    58.824    pulse_inst/bpm_reg_reg[3]_i_50_n_0
    SLICE_X3Y132         CARRY4 (Prop_carry4_CI_CO[3])
                                                      0.114    58.938 r  pulse_inst/bpm_reg_reg[3]_i_30/CO[3]
                         net (fo=1, routed)           0.000    58.938    pulse_inst/bpm_reg_reg[3]_i_30_n_0
    SLICE_X3Y133         CARRY4 (Prop_carry4_CI_CO[3])
                                                      0.114    59.052 r  pulse_inst/bpm_reg_reg[3]_i_11/CO[3]
                         net (fo=1, routed)           0.000    59.052    pulse_inst/bpm_reg_reg[3]_i_11_n_0
    SLICE_X3Y134         CARRY4 (Prop_carry4_CI_CO[3])
                                                      0.114    59.166 r  pulse_inst/bpm_reg_reg[3]_i_3/CO[3]
                         net (fo=35, routed)          1.087    60.253    pulse_inst/bpm_reg1[2]
    SLICE_X5Y127         LUT6 (Prop_lut6_I5_O)        0.124    60.377 r  pulse_inst/bpm_reg[3]_i_153/O
                         net (fo=1, routed)           0.190    60.567    pulse_inst/bpm_reg[3]_i_153_n_0
    SLICE_X4Y127         CARRY4 (Prop_carry4_DI[1]_CO[3])
                                                      0.507    61.074 r  pulse_inst/bpm_reg_reg[3]_i_135/CO[3]
                         net (fo=1, routed)           0.000    61.074    pulse_inst/bpm_reg_reg[3]_i_135_n_0
    SLICE_X4Y128         CARRY4 (Prop_carry4_CI_CO[3])
                                                      0.114    61.188 r  pulse_inst/bpm_reg_reg[3]_i_115/CO[3]
                         net (fo=1, routed)           0.000    61.188    pulse_inst/bpm_reg_reg[3]_i_115_n_0
    SLICE_X4Y129         CARRY4 (Prop_carry4_CI_CO[3])
                                                      0.114    61.302 r  pulse_inst/bpm_reg_reg[3]_i_95/CO[3]
                         net (fo=1, routed)           0.000    61.302    pulse_inst/bpm_reg_reg[3]_i_95_n_0
    SLICE_X4Y130         CARRY4 (Prop_carry4_CI_CO[3])
                                                      0.114    61.416 r  pulse_inst/bpm_reg_reg[3]_i_75/CO[3]
                         net (fo=1, routed)           0.000    61.416    pulse_inst/bpm_reg_reg[3]_i_75_n_0
    SLICE_X4Y131         CARRY4 (Prop_carry4_CI_CO[3])
                                                      0.114    61.530 r  pulse_inst/bpm_reg_reg[3]_i_55/CO[3]
                         net (fo=1, routed)           0.000    61.530    pulse_inst/bpm_reg_reg[3]_i_55_n_0
    SLICE_X4Y132         CARRY4 (Prop_carry4_CI_CO[3])
                                                      0.114    61.644 r  pulse_inst/bpm_reg_reg[3]_i_35/CO[3]
                         net (fo=1, routed)           0.000    61.644    pulse_inst/bpm_reg_reg[3]_i_35_n_0
    SLICE_X4Y133         CARRY4 (Prop_carry4_CI_CO[3])
                                                      0.114    61.758 r  pulse_inst/bpm_reg_reg[3]_i_16/CO[3]
                         net (fo=1, routed)           0.000    61.758    pulse_inst/bpm_reg_reg[3]_i_16_n_0
    SLICE_X4Y134         CARRY4 (Prop_carry4_CI_CO[3])
                                                      0.114    61.872 r  pulse_inst/bpm_reg_reg[3]_i_4/CO[3]
                         net (fo=35, routed)          0.737    62.609    pulse_inst/bpm_reg1[1]
    SLICE_X7Y134         LUT6 (Prop_lut6_I5_O)        0.124    62.733 r  pulse_inst/bpm_reg[3]_i_157/O
                         net (fo=1, routed)           0.929    63.662    pulse_inst/bpm_reg[3]_i_157_n_0
    SLICE_X5Y128         CARRY4 (Prop_carry4_DI[0]_CO[3])
                                                      0.633    64.295 r  pulse_inst/bpm_reg_reg[3]_i_140/CO[3]
                         net (fo=1, routed)           0.000    64.295    pulse_inst/bpm_reg_reg[3]_i_140_n_0
    SLICE_X5Y129         CARRY4 (Prop_carry4_CI_CO[3])
                                                      0.114    64.409 r  pulse_inst/bpm_reg_reg[3]_i_120/CO[3]
                         net (fo=1, routed)           0.000    64.409    pulse_inst/bpm_reg_reg[3]_i_120_n_0
    SLICE_X5Y130         CARRY4 (Prop_carry4_CI_CO[3])
                                                      0.114    64.523 r  pulse_inst/bpm_reg_reg[3]_i_100/CO[3]
                         net (fo=1, routed)           0.000    64.523    pulse_inst/bpm_reg_reg[3]_i_100_n_0
    SLICE_X5Y131         CARRY4 (Prop_carry4_CI_CO[3])
                                                      0.114    64.637 r  pulse_inst/bpm_reg_reg[3]_i_80/CO[3]
                         net (fo=1, routed)           0.000    64.637    pulse_inst/bpm_reg_reg[3]_i_80_n_0
    SLICE_X5Y132         CARRY4 (Prop_carry4_CI_CO[3])
                                                      0.114    64.751 r  pulse_inst/bpm_reg_reg[3]_i_60/CO[3]
                         net (fo=1, routed)           0.000    64.751    pulse_inst/bpm_reg_reg[3]_i_60_n_0
    SLICE_X5Y133         CARRY4 (Prop_carry4_CI_CO[3])
                                                      0.114    64.865 r  pulse_inst/bpm_reg_reg[3]_i_40/CO[3]
                         net (fo=1, routed)           0.000    64.865    pulse_inst/bpm_reg_reg[3]_i_40_n_0
    SLICE_X5Y134         CARRY4 (Prop_carry4_CI_CO[3])
                                                      0.114    64.979 r  pulse_inst/bpm_reg_reg[3]_i_21/CO[3]
                         net (fo=1, routed)           0.000    64.979    pulse_inst/bpm_reg_reg[3]_i_21_n_0
    SLICE_X5Y135         CARRY4 (Prop_carry4_CI_CO[2])
                                                      0.228    65.207 r  pulse_inst/bpm_reg_reg[3]_i_5/CO[2]
                         net (fo=1, routed)           0.662    65.869    pulse_inst/bpm_reg1[0]
    SLICE_X4Y135         CARRY4 (Prop_carry4_S[0]_CO[3])
                                                      0.845    66.714 r  pulse_inst/bpm_reg_reg[3]_i_1/CO[3]
                         net (fo=1, routed)           0.000    66.714    pulse_inst/bpm_reg_reg[3]_i_1_n_0
    SLICE_X4Y136         CARRY4 (Prop_carry4_CI_CO[3])
                                                      0.114    66.828 r  pulse_inst/bpm_reg_reg[7]_i_1/CO[3]
                         net (fo=1, routed)           0.000    66.828    pulse_inst/bpm_reg_reg[7]_i_1_n_0
    SLICE_X4Y137         CARRY4 (Prop_carry4_CI_CO[3])
                                                      0.114    66.942 r  pulse_inst/bpm_reg_reg[11]_i_1/CO[3]
                         net (fo=1, routed)           0.000    66.942    pulse_inst/bpm_reg_reg[11]_i_1_n_0
    SLICE_X4Y138         CARRY4 (Prop_carry4_CI_O[1])
                                                      0.334    67.276 r  pulse_inst/bpm_reg_reg[15]_i_2/O[1]
                         net (fo=1, routed)           0.000    67.276    pulse_inst/bpm_reg_reg[15]_i_2_n_6
    SLICE_X4Y138         FDRE                                         r  pulse_inst/bpm_reg_reg[13]/D
  -------------------------------------------------------------------    -------------------

                         (clock sys_clk_pin rise edge)
                                                     10.000    10.000 r  
    W5                                                0.000    10.000 r  clk (IN)
                         net (fo=0)                   0.000    10.000    clk
    W5                   IBUF (Prop_ibuf_I_O)         1.388    11.388 r  clk_IBUF_inst/O
                         net (fo=1, routed)           1.862    13.250    clk_IBUF
    BUFGCTRL_X0Y1        BUFG (Prop_bufg_I_O)         0.091    13.341 r  clk_IBUF_BUFG_inst/O
                         net (fo=236, routed)         1.679    15.020    pulse_inst/clk_IBUF_BUFG
    SLICE_X4Y138         FDRE                                         r  pulse_inst/bpm_reg_reg[13]/C
                         clock pessimism              0.187    15.207    
                         clock uncertainty           -0.035    15.172    
    SLICE_X4Y138         FDRE (Setup_fdre_C_D)        0.062    15.234    pulse_inst/bpm_reg_reg[13]
  -------------------------------------------------------------------
                         required time                         15.234    
                         arrival time                         -67.276    
  -------------------------------------------------------------------
                         slack                                -52.042    

Slack (VIOLATED) :        -52.021ns  (required time - arrival time)
  Source:                 pulse_inst/beat_count_reg[2]_replica_12/C
                            (rising edge-triggered cell FDRE clocked by sys_clk_pin  {rise@0.000ns fall@5.000ns period=10.000ns})
  Destination:            pulse_inst/bpm_reg_reg[15]/D
                            (rising edge-triggered cell FDRE clocked by sys_clk_pin  {rise@0.000ns fall@5.000ns period=10.000ns})
  Path Group:             sys_clk_pin
  Path Type:              Setup (Max at Slow Process Corner)
  Requirement:            10.000ns  (sys_clk_pin rise@10.000ns - sys_clk_pin rise@0.000ns)
  Data Path Delay:        62.122ns  (logic 29.490ns (47.471%)  route 32.632ns (52.529%))
  Logic Levels:           172  (CARRY4=134 LUT4=2 LUT5=12 LUT6=24)
  Clock Path Skew:        0.074ns (DCD - SCD + CPR)
    Destination Clock Delay (DCD):    5.020ns = ( 15.020 - 10.000 ) 
    Source Clock Delay      (SCD):    5.133ns
    Clock Pessimism Removal (CPR):    0.187ns
  Clock Uncertainty:      0.035ns  ((TSJ^2 + TIJ^2)^1/2 + DJ) / 2 + PE
    Total System Jitter     (TSJ):    0.071ns
    Total Input Jitter      (TIJ):    0.000ns
    Discrete Jitter          (DJ):    0.000ns
    Phase Error              (PE):    0.000ns

    Location             Delay type                Incr(ns)  Path(ns)    Netlist Resource(s)
  -------------------------------------------------------------------    -------------------
                         (clock sys_clk_pin rise edge)
                                                      0.000     0.000 r  
    W5                                                0.000     0.000 r  clk (IN)
                         net (fo=0)                   0.000     0.000    clk
    W5                   IBUF (Prop_ibuf_I_O)         1.458     1.458 r  clk_IBUF_inst/O
                         net (fo=1, routed)           1.967     3.425    clk_IBUF
    BUFGCTRL_X0Y1        BUFG (Prop_bufg_I_O)         0.096     3.521 r  clk_IBUF_BUFG_inst/O
                         net (fo=236, routed)         1.612     5.133    pulse_inst/clk_IBUF_BUFG
    SLICE_X5Y81          FDRE                                         r  pulse_inst/beat_count_reg[2]_replica_12/C
  -------------------------------------------------------------------    -------------------
    SLICE_X5Y81          FDRE (Prop_fdre_C_Q)         0.456     5.589 r  pulse_inst/beat_count_reg[2]_replica_12/Q
                         net (fo=85, routed)          1.401     6.989    pulse_inst/beat_count_reg_n_0_[2]_repN_12
    SLICE_X2Y81          LUT6 (Prop_lut6_I0_O)        0.124     7.113 f  pulse_inst/bpm_reg[15]_i_217/O
                         net (fo=2, routed)           0.495     7.609    pulse_inst/bpm_reg[15]_i_217_n_0
    SLICE_X2Y81          LUT6 (Prop_lut6_I0_O)        0.124     7.733 r  pulse_inst/bpm_reg[15]_i_130/O
                         net (fo=2, routed)           0.653     8.385    pulse_inst/bpm_reg[15]_i_130_n_0
    SLICE_X3Y82          LUT5 (Prop_lut5_I0_O)        0.124     8.509 r  pulse_inst/bpm_reg[15]_i_134/O
                         net (fo=1, routed)           0.000     8.509    pulse_inst/bpm_reg[15]_i_134_n_0
    SLICE_X3Y82          CARRY4 (Prop_carry4_S[1]_CO[3])
                                                      0.550     9.059 r  pulse_inst/bpm_reg_reg[15]_i_86/CO[3]
                         net (fo=1, routed)           0.000     9.059    pulse_inst/bpm_reg_reg[15]_i_86_n_0
    SLICE_X3Y83          CARRY4 (Prop_carry4_CI_O[0])
                                                      0.222     9.281 r  pulse_inst/bpm_reg_reg[15]_i_53/O[0]
                         net (fo=12, routed)          0.883    10.164    pulse_inst/bpm_reg_reg[15]_i_53_n_7
    SLICE_X2Y82          LUT6 (Prop_lut6_I0_O)        0.299    10.463 r  pulse_inst/bpm_reg[15]_i_120/O
                         net (fo=6, routed)           0.361    10.825    pulse_inst/bpm_reg[15]_i_120_n_0
    SLICE_X2Y83          LUT5 (Prop_lut5_I3_O)        0.124    10.949 r  pulse_inst/bpm_reg[15]_i_179/O
                         net (fo=2, routed)           0.601    11.550    pulse_inst/bpm_reg[15]_i_179_n_0
    SLICE_X2Y82          LUT6 (Prop_lut6_I0_O)        0.124    11.674 r  pulse_inst/bpm_reg[15]_i_119/O
                         net (fo=5, routed)           0.609    12.283    pulse_inst/bpm_reg[15]_i_119_n_0
    SLICE_X0Y82          LUT5 (Prop_lut5_I0_O)        0.124    12.407 f  pulse_inst/bpm_reg[15]_i_122/O
                         net (fo=11, routed)          0.876    13.282    pulse_inst/bpm_reg[15]_i_122_n_0
    SLICE_X4Y82          LUT5 (Prop_lut5_I2_O)        0.124    13.406 r  pulse_inst/bpm_reg[15]_i_121/O
                         net (fo=4, routed)           0.334    13.741    pulse_inst/bpm_reg[15]_i_121_n_0
    SLICE_X4Y83          LUT5 (Prop_lut5_I1_O)        0.124    13.865 r  pulse_inst/bpm_reg[15]_i_274/O
                         net (fo=1, routed)           0.306    14.170    pulse_inst/bpm_reg[15]_i_274_n_0
    SLICE_X4Y81          LUT4 (Prop_lut4_I0_O)        0.124    14.294 r  pulse_inst/bpm_reg[15]_i_190/O
                         net (fo=1, routed)           0.821    15.116    pulse_inst/bpm_reg[15]_i_190_n_0
    SLICE_X2Y81          LUT6 (Prop_lut6_I2_O)        0.124    15.240 r  pulse_inst/bpm_reg[15]_i_123_comp/O
                         net (fo=6, routed)           0.488    15.728    pulse_inst/bpm_reg[15]_i_123_n_0
    SLICE_X0Y80          LUT5 (Prop_lut5_I2_O)        0.124    15.852 r  pulse_inst/bpm_reg[15]_i_203/O
                         net (fo=3, routed)           0.451    16.303    pulse_inst/bpm_reg[15]_i_203_n_0
    SLICE_X0Y80          LUT5 (Prop_lut5_I4_O)        0.124    16.427 r  pulse_inst/bpm_reg[15]_i_126/O
                         net (fo=11, routed)          0.522    16.949    pulse_inst/bpm_reg[15]_i_126_n_0
    SLICE_X4Y79          LUT5 (Prop_lut5_I2_O)        0.124    17.073 f  pulse_inst/bpm_reg[15]_i_251/O
                         net (fo=6, routed)           0.838    17.910    pulse_inst/bpm_reg[15]_i_251_n_0
    SLICE_X7Y79          LUT6 (Prop_lut6_I1_O)        0.124    18.034 r  pulse_inst/bpm_reg[15]_i_166_comp/O
                         net (fo=10, routed)          0.375    18.410    pulse_inst/bpm_reg[15]_i_166_n_0
    SLICE_X6Y80          LUT5 (Prop_lut5_I2_O)        0.124    18.534 r  pulse_inst/bpm_reg[15]_i_247/O
                         net (fo=4, routed)           0.184    18.717    pulse_inst/bpm_reg[15]_i_247_n_0
    SLICE_X6Y80          LUT4 (Prop_lut4_I0_O)        0.124    18.841 f  pulse_inst/bpm_reg[15]_i_255/O
                         net (fo=5, routed)           0.711    19.552    pulse_inst/bpm_reg[15]_i_255_n_0
    SLICE_X7Y81          LUT6 (Prop_lut6_I1_O)        0.124    19.676 r  pulse_inst/bpm_reg[15]_i_168_comp/O
                         net (fo=10, routed)          0.485    20.161    pulse_inst/bpm_reg[15]_i_168_n_0
    SLICE_X6Y82          LUT5 (Prop_lut5_I2_O)        0.124    20.285 r  pulse_inst/bpm_reg[15]_i_253/O
                         net (fo=4, routed)           0.185    20.470    pulse_inst/bpm_reg[15]_i_253_n_0
    SLICE_X6Y82          LUT5 (Prop_lut5_I3_O)        0.124    20.594 r  pulse_inst/bpm_reg[15]_i_167/O
                         net (fo=10, routed)          0.511    21.105    pulse_inst/bpm_reg[15]_i_167_n_0
    SLICE_X6Y85          LUT5 (Prop_lut5_I4_O)        0.124    21.229 f  pulse_inst/bpm_reg[15]_i_260/O
                         net (fo=7, routed)           0.644    21.872    pulse_inst/bpm_reg[15]_i_260_n_0
    SLICE_X5Y84          LUT6 (Prop_lut6_I1_O)        0.124    21.996 r  pulse_inst/bpm_reg[15]_i_169_comp/O
                         net (fo=10, routed)          0.923    22.919    pulse_inst/bpm_reg[15]_i_169_n_0
    SLICE_X5Y85          LUT6 (Prop_lut6_I3_O)        0.124    23.043 r  pulse_inst/bpm_reg[15]_i_177/O
                         net (fo=3, routed)           0.439    23.482    pulse_inst/bpm_reg[15]_i_177_n_0
    SLICE_X4Y85          LUT6 (Prop_lut6_I1_O)        0.124    23.606 f  pulse_inst/bpm_reg[15]_i_116/O
                         net (fo=27, routed)          0.359    23.965    pulse_inst/bpm_reg[15]_i_116_n_0
    SLICE_X6Y85          LUT6 (Prop_lut6_I4_O)        0.124    24.089 r  pulse_inst/bpm_reg[15]_i_332/O
                         net (fo=1, routed)           0.333    24.422    pulse_inst/bpm_reg[15]_i_332_n_0
    SLICE_X7Y87          CARRY4 (Prop_carry4_CYINIT_CO[3])
                                                      0.580    25.002 r  pulse_inst/bpm_reg_reg[15]_i_294/CO[3]
                         net (fo=1, routed)           0.000    25.002    pulse_inst/bpm_reg_reg[15]_i_294_n_0
    SLICE_X7Y88          CARRY4 (Prop_carry4_CI_CO[3])
                                                      0.114    25.116 r  pulse_inst/bpm_reg_reg[15]_i_222/CO[3]
                         net (fo=1, routed)           0.000    25.116    pulse_inst/bpm_reg_reg[15]_i_222_n_0
    SLICE_X7Y89          CARRY4 (Prop_carry4_CI_CO[3])
                                                      0.114    25.230 r  pulse_inst/bpm_reg_reg[15]_i_140/CO[3]
                         net (fo=1, routed)           0.000    25.230    pulse_inst/bpm_reg_reg[15]_i_140_n_0
    SLICE_X7Y90          CARRY4 (Prop_carry4_CI_CO[3])
                                                      0.114    25.344 r  pulse_inst/bpm_reg_reg[15]_i_89/CO[3]
                         net (fo=1, routed)           0.000    25.344    pulse_inst/bpm_reg_reg[15]_i_89_n_0
    SLICE_X7Y91          CARRY4 (Prop_carry4_CI_CO[3])
                                                      0.114    25.458 r  pulse_inst/bpm_reg_reg[15]_i_54/CO[3]
                         net (fo=1, routed)           0.000    25.458    pulse_inst/bpm_reg_reg[15]_i_54_n_0
    SLICE_X7Y92          CARRY4 (Prop_carry4_CI_CO[3])
                                                      0.114    25.572 r  pulse_inst/bpm_reg_reg[15]_i_28/CO[3]
                         net (fo=1, routed)           0.000    25.572    pulse_inst/bpm_reg_reg[15]_i_28_n_0
    SLICE_X7Y93          CARRY4 (Prop_carry4_CI_CO[3])
                                                      0.114    25.686 r  pulse_inst/bpm_reg_reg[15]_i_9/CO[3]
                         net (fo=1, routed)           0.000    25.686    pulse_inst/bpm_reg_reg[15]_i_9_n_0
    SLICE_X7Y94          CARRY4 (Prop_carry4_CI_CO[1])
                                                      0.157    25.843 r  pulse_inst/bpm_reg_reg[15]_i_4/CO[1]
                         net (fo=34, routed)          1.013    26.856    pulse_inst/bpm_reg1[15]
    SLICE_X8Y87          CARRY4 (Prop_carry4_CYINIT_CO[3])
                                                      0.800    27.656 r  pulse_inst/bpm_reg_reg[15]_i_303/CO[3]
                         net (fo=1, routed)           0.000    27.656    pulse_inst/bpm_reg_reg[15]_i_303_n_0
    SLICE_X8Y88          CARRY4 (Prop_carry4_CI_CO[3])
                                                      0.117    27.773 r  pulse_inst/bpm_reg_reg[15]_i_231/CO[3]
                         net (fo=1, routed)           0.000    27.773    pulse_inst/bpm_reg_reg[15]_i_231_n_0
    SLICE_X8Y89          CARRY4 (Prop_carry4_CI_CO[3])
                                                      0.117    27.890 r  pulse_inst/bpm_reg_reg[15]_i_149/CO[3]
                         net (fo=1, routed)           0.000    27.890    pulse_inst/bpm_reg_reg[15]_i_149_n_0
    SLICE_X8Y90          CARRY4 (Prop_carry4_CI_CO[3])
                                                      0.117    28.007 r  pulse_inst/bpm_reg_reg[15]_i_92/CO[3]
                         net (fo=1, routed)           0.000    28.007    pulse_inst/bpm_reg_reg[15]_i_92_n_0
    SLICE_X8Y91          CARRY4 (Prop_carry4_CI_CO[3])
                                                      0.117    28.124 r  pulse_inst/bpm_reg_reg[15]_i_55/CO[3]
                         net (fo=1, routed)           0.000    28.124    pulse_inst/bpm_reg_reg[15]_i_55_n_0
    SLICE_X8Y92          CARRY4 (Prop_carry4_CI_CO[3])
                                                      0.117    28.241 r  pulse_inst/bpm_reg_reg[15]_i_29/CO[3]
                         net (fo=1, routed)           0.000    28.241    pulse_inst/bpm_reg_reg[15]_i_29_n_0
    SLICE_X8Y93          CARRY4 (Prop_carry4_CI_CO[3])
                                                      0.117    28.358 r  pulse_inst/bpm_reg_reg[15]_i_10/CO[3]
                         net (fo=1, routed)           0.000    28.358    pulse_inst/bpm_reg_reg[15]_i_10_n_0
    SLICE_X8Y94          CARRY4 (Prop_carry4_CI_CO[3])
                                                      0.117    28.475 r  pulse_inst/bpm_reg_reg[15]_i_5/CO[3]
                         net (fo=34, routed)          1.318    29.793    pulse_inst/bpm_reg1[14]
    SLICE_X6Y86          CARRY4 (Prop_carry4_CYINIT_CO[3])
                                                      0.595    30.388 r  pulse_inst/bpm_reg_reg[15]_i_308/CO[3]
                         net (fo=1, routed)           0.000    30.388    pulse_inst/bpm_reg_reg[15]_i_308_n_0
    SLICE_X6Y87          CARRY4 (Prop_carry4_CI_CO[3])
                                                      0.117    30.505 r  pulse_inst/bpm_reg_reg[15]_i_236/CO[3]
                         net (fo=1, routed)           0.000    30.505    pulse_inst/bpm_reg_reg[15]_i_236_n_0
    SLICE_X6Y88          CARRY4 (Prop_carry4_CI_CO[3])
                                                      0.117    30.622 r  pulse_inst/bpm_reg_reg[15]_i_155/CO[3]
                         net (fo=1, routed)           0.000    30.622    pulse_inst/bpm_reg_reg[15]_i_155_n_0
    SLICE_X6Y89          CARRY4 (Prop_carry4_CI_CO[3])
                                                      0.117    30.739 r  pulse_inst/bpm_reg_reg[15]_i_97/CO[3]
                         net (fo=1, routed)           0.000    30.739    pulse_inst/bpm_reg_reg[15]_i_97_n_0
    SLICE_X6Y90          CARRY4 (Prop_carry4_CI_CO[3])
                                                      0.117    30.856 r  pulse_inst/bpm_reg_reg[15]_i_60/CO[3]
                         net (fo=1, routed)           0.000    30.856    pulse_inst/bpm_reg_reg[15]_i_60_n_0
    SLICE_X6Y91          CARRY4 (Prop_carry4_CI_CO[3])
                                                      0.117    30.973 r  pulse_inst/bpm_reg_reg[15]_i_34/CO[3]
                         net (fo=1, routed)           0.000    30.973    pulse_inst/bpm_reg_reg[15]_i_34_n_0
    SLICE_X6Y92          CARRY4 (Prop_carry4_CI_CO[3])
                                                      0.117    31.090 r  pulse_inst/bpm_reg_reg[15]_i_15/CO[3]
                         net (fo=1, routed)           0.000    31.090    pulse_inst/bpm_reg_reg[15]_i_15_n_0
    SLICE_X6Y93          CARRY4 (Prop_carry4_CI_CO[3])
                                                      0.117    31.207 r  pulse_inst/bpm_reg_reg[15]_i_6/CO[3]
                         net (fo=34, routed)          1.183    32.390    pulse_inst/bpm_reg1[13]
    SLICE_X5Y86          LUT6 (Prop_lut6_I0_O)        0.124    32.514 r  pulse_inst/bpm_reg[15]_i_350/O
                         net (fo=1, routed)           0.000    32.514    pulse_inst/bpm_reg[15]_i_350_n_0
    SLICE_X5Y86          CARRY4 (Prop_carry4_S[1]_CO[3])
                                                      0.550    33.064 r  pulse_inst/bpm_reg_reg[15]_i_313/CO[3]
                         net (fo=1, routed)           0.000    33.064    pulse_inst/bpm_reg_reg[15]_i_313_n_0
    SLICE_X5Y87          CARRY4 (Prop_carry4_CI_CO[3])
                                                      0.114    33.178 r  pulse_inst/bpm_reg_reg[15]_i_241/CO[3]
                         net (fo=1, routed)           0.000    33.178    pulse_inst/bpm_reg_reg[15]_i_241_n_0
    SLICE_X5Y88          CARRY4 (Prop_carry4_CI_CO[3])
                                                      0.114    33.292 r  pulse_inst/bpm_reg_reg[15]_i_160/CO[3]
                         net (fo=1, routed)           0.000    33.292    pulse_inst/bpm_reg_reg[15]_i_160_n_0
    SLICE_X5Y89          CARRY4 (Prop_carry4_CI_CO[3])
                                                      0.114    33.406 r  pulse_inst/bpm_reg_reg[15]_i_102/CO[3]
                         net (fo=1, routed)           0.000    33.406    pulse_inst/bpm_reg_reg[15]_i_102_n_0
    SLICE_X5Y90          CARRY4 (Prop_carry4_CI_CO[3])
                                                      0.114    33.520 r  pulse_inst/bpm_reg_reg[15]_i_65/CO[3]
                         net (fo=1, routed)           0.000    33.520    pulse_inst/bpm_reg_reg[15]_i_65_n_0
    SLICE_X5Y91          CARRY4 (Prop_carry4_CI_CO[3])
                                                      0.114    33.634 r  pulse_inst/bpm_reg_reg[15]_i_39/CO[3]
                         net (fo=1, routed)           0.000    33.634    pulse_inst/bpm_reg_reg[15]_i_39_n_0
    SLICE_X5Y92          CARRY4 (Prop_carry4_CI_CO[3])
                                                      0.114    33.748 r  pulse_inst/bpm_reg_reg[15]_i_20/CO[3]
                         net (fo=1, routed)           0.000    33.748    pulse_inst/bpm_reg_reg[15]_i_20_n_0
    SLICE_X5Y93          CARRY4 (Prop_carry4_CI_CO[3])
                                                      0.114    33.862 r  pulse_inst/bpm_reg_reg[15]_i_7/CO[3]
                         net (fo=35, routed)          0.989    34.852    pulse_inst/bpm_reg1[12]
    SLICE_X2Y86          LUT6 (Prop_lut6_I5_O)        0.124    34.976 r  pulse_inst/bpm_reg[11]_i_146/O
                         net (fo=1, routed)           0.349    35.325    pulse_inst/bpm_reg[11]_i_146_n_0
    SLICE_X4Y87          CARRY4 (Prop_carry4_DI[1]_CO[3])
                                                      0.507    35.832 r  pulse_inst/bpm_reg_reg[11]_i_126/CO[3]
                         net (fo=1, routed)           0.000    35.832    pulse_inst/bpm_reg_reg[11]_i_126_n_0
    SLICE_X4Y88          CARRY4 (Prop_carry4_CI_CO[3])
                                                      0.114    35.946 r  pulse_inst/bpm_reg_reg[11]_i_106/CO[3]
                         net (fo=1, routed)           0.000    35.946    pulse_inst/bpm_reg_reg[11]_i_106_n_0
    SLICE_X4Y89          CARRY4 (Prop_carry4_CI_CO[3])
                                                      0.114    36.060 r  pulse_inst/bpm_reg_reg[11]_i_86/CO[3]
                         net (fo=1, routed)           0.000    36.060    pulse_inst/bpm_reg_reg[11]_i_86_n_0
    SLICE_X4Y90          CARRY4 (Prop_carry4_CI_CO[3])
                                                      0.114    36.174 r  pulse_inst/bpm_reg_reg[11]_i_66/CO[3]
                         net (fo=1, routed)           0.000    36.174    pulse_inst/bpm_reg_reg[11]_i_66_n_0
    SLICE_X4Y91          CARRY4 (Prop_carry4_CI_CO[3])
                                                      0.114    36.288 r  pulse_inst/bpm_reg_reg[11]_i_46/CO[3]
                         net (fo=1, routed)           0.000    36.288    pulse_inst/bpm_reg_reg[11]_i_46_n_0
    SLICE_X4Y92          CARRY4 (Prop_carry4_CI_CO[3])
                                                      0.114    36.402 r  pulse_inst/bpm_reg_reg[11]_i_26/CO[3]
                         net (fo=1, routed)           0.000    36.402    pulse_inst/bpm_reg_reg[11]_i_26_n_0
    SLICE_X4Y93          CARRY4 (Prop_carry4_CI_CO[3])
                                                      0.114    36.516 r  pulse_inst/bpm_reg_reg[11]_i_6/CO[3]
                         net (fo=1, routed)           0.000    36.516    pulse_inst/bpm_reg_reg[11]_i_6_n_0
    SLICE_X4Y94          CARRY4 (Prop_carry4_CI_CO[3])
                                                      0.114    36.630 r  pulse_inst/bpm_reg_reg[11]_i_2/CO[3]
                         net (fo=34, routed)          1.067    37.696    pulse_inst/bpm_reg1[11]
    SLICE_X3Y88          LUT6 (Prop_lut6_I0_O)        0.124    37.820 r  pulse_inst/bpm_reg[11]_i_152/O
                         net (fo=1, routed)           0.000    37.820    pulse_inst/bpm_reg[11]_i_152_n_0
    SLICE_X3Y88          CARRY4 (Prop_carry4_S[1]_CO[3])
                                                      0.550    38.370 r  pulse_inst/bpm_reg_reg[11]_i_131/CO[3]
                         net (fo=1, routed)           0.000    38.370    pulse_inst/bpm_reg_reg[11]_i_131_n_0
    SLICE_X3Y89          CARRY4 (Prop_carry4_CI_CO[3])
                                                      0.114    38.484 r  pulse_inst/bpm_reg_reg[11]_i_111/CO[3]
                         net (fo=1, routed)           0.000    38.484    pulse_inst/bpm_reg_reg[11]_i_111_n_0
    SLICE_X3Y90          CARRY4 (Prop_carry4_CI_CO[3])
                                                      0.114    38.598 r  pulse_inst/bpm_reg_reg[11]_i_91/CO[3]
                         net (fo=1, routed)           0.000    38.598    pulse_inst/bpm_reg_reg[11]_i_91_n_0
    SLICE_X3Y91          CARRY4 (Prop_carry4_CI_CO[3])
                                                      0.114    38.712 r  pulse_inst/bpm_reg_reg[11]_i_71/CO[3]
                         net (fo=1, routed)           0.000    38.712    pulse_inst/bpm_reg_reg[11]_i_71_n_0
    SLICE_X3Y92          CARRY4 (Prop_carry4_CI_CO[3])
                                                      0.114    38.826 r  pulse_inst/bpm_reg_reg[11]_i_51/CO[3]
                         net (fo=1, routed)           0.000    38.826    pulse_inst/bpm_reg_reg[11]_i_51_n_0
    SLICE_X3Y93          CARRY4 (Prop_carry4_CI_CO[3])
                                                      0.114    38.940 r  pulse_inst/bpm_reg_reg[11]_i_31/CO[3]
                         net (fo=1, routed)           0.000    38.940    pulse_inst/bpm_reg_reg[11]_i_31_n_0
    SLICE_X3Y94          CARRY4 (Prop_carry4_CI_CO[3])
                                                      0.114    39.054 r  pulse_inst/bpm_reg_reg[11]_i_11/CO[3]
                         net (fo=1, routed)           0.000    39.054    pulse_inst/bpm_reg_reg[11]_i_11_n_0
    SLICE_X3Y95          CARRY4 (Prop_carry4_CI_CO[3])
                                                      0.114    39.168 r  pulse_inst/bpm_reg_reg[11]_i_3/CO[3]
                         net (fo=35, routed)          0.844    40.012    pulse_inst/bpm_reg1[10]
    SLICE_X1Y95          LUT6 (Prop_lut6_I5_O)        0.124    40.136 r  pulse_inst/bpm_reg[11]_i_153/O
                         net (fo=1, routed)           0.528    40.664    pulse_inst/bpm_reg[11]_i_153_n_0
    SLICE_X2Y89          CARRY4 (Prop_carry4_DI[1]_CO[3])
                                                      0.520    41.184 r  pulse_inst/bpm_reg_reg[11]_i_136/CO[3]
                         net (fo=1, routed)           0.000    41.184    pulse_inst/bpm_reg_reg[11]_i_136_n_0
    SLICE_X2Y90          CARRY4 (Prop_carry4_CI_CO[3])
                                                      0.117    41.301 r  pulse_inst/bpm_reg_reg[11]_i_116/CO[3]
                         net (fo=1, routed)           0.000    41.301    pulse_inst/bpm_reg_reg[11]_i_116_n_0
    SLICE_X2Y91          CARRY4 (Prop_carry4_CI_CO[3])
                                                      0.117    41.418 r  pulse_inst/bpm_reg_reg[11]_i_96/CO[3]
                         net (fo=1, routed)           0.000    41.418    pulse_inst/bpm_reg_reg[11]_i_96_n_0
    SLICE_X2Y92          CARRY4 (Prop_carry4_CI_CO[3])
                                                      0.117    41.535 r  pulse_inst/bpm_reg_reg[11]_i_76/CO[3]
                         net (fo=1, routed)           0.000    41.535    pulse_inst/bpm_reg_reg[11]_i_76_n_0
    SLICE_X2Y93          CARRY4 (Prop_carry4_CI_CO[3])
                                                      0.117    41.652 r  pulse_inst/bpm_reg_reg[11]_i_56/CO[3]
                         net (fo=1, routed)           0.000    41.652    pulse_inst/bpm_reg_reg[11]_i_56_n_0
    SLICE_X2Y94          CARRY4 (Prop_carry4_CI_CO[3])
                                                      0.117    41.769 r  pulse_inst/bpm_reg_reg[11]_i_36/CO[3]
                         net (fo=1, routed)           0.000    41.769    pulse_inst/bpm_reg_reg[11]_i_36_n_0
    SLICE_X2Y95          CARRY4 (Prop_carry4_CI_CO[3])
                                                      0.117    41.886 r  pulse_inst/bpm_reg_reg[11]_i_16/CO[3]
                         net (fo=1, routed)           0.000    41.886    pulse_inst/bpm_reg_reg[11]_i_16_n_0
    SLICE_X2Y96          CARRY4 (Prop_carry4_CI_CO[3])
                                                      0.117    42.003 r  pulse_inst/bpm_reg_reg[11]_i_4/CO[3]
                         net (fo=34, routed)          0.952    42.955    pulse_inst/bpm_reg1[9]
    SLICE_X0Y94          LUT6 (Prop_lut6_I0_O)        0.124    43.079 r  pulse_inst/bpm_reg[11]_i_159/O
                         net (fo=1, routed)           0.000    43.079    pulse_inst/bpm_reg[11]_i_159_n_0
    SLICE_X0Y94          CARRY4 (Prop_carry4_S[1]_CO[3])
                                                      0.550    43.629 r  pulse_inst/bpm_reg_reg[11]_i_141/CO[3]
                         net (fo=1, routed)           0.000    43.629    pulse_inst/bpm_reg_reg[11]_i_141_n_0
    SLICE_X0Y95          CARRY4 (Prop_carry4_CI_CO[3])
                                                      0.114    43.743 r  pulse_inst/bpm_reg_reg[11]_i_121/CO[3]
                         net (fo=1, routed)           0.000    43.743    pulse_inst/bpm_reg_reg[11]_i_121_n_0
    SLICE_X0Y96          CARRY4 (Prop_carry4_CI_CO[3])
                                                      0.114    43.857 r  pulse_inst/bpm_reg_reg[11]_i_101/CO[3]
                         net (fo=1, routed)           0.000    43.857    pulse_inst/bpm_reg_reg[11]_i_101_n_0
    SLICE_X0Y97          CARRY4 (Prop_carry4_CI_CO[3])
                                                      0.114    43.971 r  pulse_inst/bpm_reg_reg[11]_i_81/CO[3]
                         net (fo=1, routed)           0.000    43.971    pulse_inst/bpm_reg_reg[11]_i_81_n_0
    SLICE_X0Y98          CARRY4 (Prop_carry4_CI_CO[3])
                                                      0.114    44.085 r  pulse_inst/bpm_reg_reg[11]_i_61/CO[3]
                         net (fo=1, routed)           0.000    44.085    pulse_inst/bpm_reg_reg[11]_i_61_n_0
    SLICE_X0Y99          CARRY4 (Prop_carry4_CI_CO[3])
                                                      0.114    44.199 r  pulse_inst/bpm_reg_reg[11]_i_41/CO[3]
                         net (fo=1, routed)           0.001    44.199    pulse_inst/bpm_reg_reg[11]_i_41_n_0
    SLICE_X0Y100         CARRY4 (Prop_carry4_CI_CO[3])
                                                      0.114    44.313 r  pulse_inst/bpm_reg_reg[11]_i_21/CO[3]
                         net (fo=1, routed)           0.000    44.313    pulse_inst/bpm_reg_reg[11]_i_21_n_0
    SLICE_X0Y101         CARRY4 (Prop_carry4_CI_CO[3])
                                                      0.114    44.427 r  pulse_inst/bpm_reg_reg[11]_i_5/CO[3]
                         net (fo=35, routed)          0.706    45.134    pulse_inst/bpm_reg1[8]
    SLICE_X3Y101         LUT6 (Prop_lut6_I5_O)        0.124    45.258 r  pulse_inst/bpm_reg[7]_i_146/O
                         net (fo=1, routed)           0.331    45.588    pulse_inst/bpm_reg[7]_i_146_n_0
    SLICE_X2Y100         CARRY4 (Prop_carry4_DI[1]_CO[3])
                                                      0.520    46.108 r  pulse_inst/bpm_reg_reg[7]_i_126/CO[3]
                         net (fo=1, routed)           0.000    46.108    pulse_inst/bpm_reg_reg[7]_i_126_n_0
    SLICE_X2Y101         CARRY4 (Prop_carry4_CI_CO[3])
                                                      0.117    46.225 r  pulse_inst/bpm_reg_reg[7]_i_106/CO[3]
                         net (fo=1, routed)           0.000    46.225    pulse_inst/bpm_reg_reg[7]_i_106_n_0
    SLICE_X2Y102         CARRY4 (Prop_carry4_CI_CO[3])
                                                      0.117    46.342 r  pulse_inst/bpm_reg_reg[7]_i_86/CO[3]
                         net (fo=1, routed)           0.000    46.342    pulse_inst/bpm_reg_reg[7]_i_86_n_0
    SLICE_X2Y103         CARRY4 (Prop_carry4_CI_CO[3])
                                                      0.117    46.459 r  pulse_inst/bpm_reg_reg[7]_i_66/CO[3]
                         net (fo=1, routed)           0.000    46.459    pulse_inst/bpm_reg_reg[7]_i_66_n_0
    SLICE_X2Y104         CARRY4 (Prop_carry4_CI_CO[3])
                                                      0.117    46.576 r  pulse_inst/bpm_reg_reg[7]_i_46/CO[3]
                         net (fo=1, routed)           0.000    46.576    pulse_inst/bpm_reg_reg[7]_i_46_n_0
    SLICE_X2Y105         CARRY4 (Prop_carry4_CI_CO[3])
                                                      0.117    46.693 r  pulse_inst/bpm_reg_reg[7]_i_26/CO[3]
                         net (fo=1, routed)           0.000    46.693    pulse_inst/bpm_reg_reg[7]_i_26_n_0
    SLICE_X2Y106         CARRY4 (Prop_carry4_CI_CO[3])
                                                      0.117    46.810 r  pulse_inst/bpm_reg_reg[7]_i_6/CO[3]
                         net (fo=1, routed)           0.000    46.810    pulse_inst/bpm_reg_reg[7]_i_6_n_0
    SLICE_X2Y107         CARRY4 (Prop_carry4_CI_CO[3])
                                                      0.117    46.927 r  pulse_inst/bpm_reg_reg[7]_i_2/CO[3]
                         net (fo=35, routed)          0.724    47.651    pulse_inst/bpm_reg1[7]
    SLICE_X0Y106         LUT6 (Prop_lut6_I5_O)        0.124    47.775 r  pulse_inst/bpm_reg[7]_i_150/O
                         net (fo=1, routed)           0.338    48.113    pulse_inst/bpm_reg[7]_i_150_n_0
    SLICE_X3Y105         CARRY4 (Prop_carry4_DI[1]_CO[3])
                                                      0.507    48.620 r  pulse_inst/bpm_reg_reg[7]_i_131/CO[3]
                         net (fo=1, routed)           0.000    48.620    pulse_inst/bpm_reg_reg[7]_i_131_n_0
    SLICE_X3Y106         CARRY4 (Prop_carry4_CI_CO[3])
                                                      0.114    48.734 r  pulse_inst/bpm_reg_reg[7]_i_111/CO[3]
                         net (fo=1, routed)           0.000    48.734    pulse_inst/bpm_reg_reg[7]_i_111_n_0
    SLICE_X3Y107         CARRY4 (Prop_carry4_CI_CO[3])
                                                      0.114    48.848 r  pulse_inst/bpm_reg_reg[7]_i_91/CO[3]
                         net (fo=1, routed)           0.000    48.848    pulse_inst/bpm_reg_reg[7]_i_91_n_0
    SLICE_X3Y108         CARRY4 (Prop_carry4_CI_CO[3])
                                                      0.114    48.962 r  pulse_inst/bpm_reg_reg[7]_i_71/CO[3]
                         net (fo=1, routed)           0.000    48.962    pulse_inst/bpm_reg_reg[7]_i_71_n_0
    SLICE_X3Y109         CARRY4 (Prop_carry4_CI_CO[3])
                                                      0.114    49.076 r  pulse_inst/bpm_reg_reg[7]_i_51/CO[3]
                         net (fo=1, routed)           0.000    49.076    pulse_inst/bpm_reg_reg[7]_i_51_n_0
    SLICE_X3Y110         CARRY4 (Prop_carry4_CI_CO[3])
                                                      0.114    49.190 r  pulse_inst/bpm_reg_reg[7]_i_31/CO[3]
                         net (fo=1, routed)           0.000    49.190    pulse_inst/bpm_reg_reg[7]_i_31_n_0
    SLICE_X3Y111         CARRY4 (Prop_carry4_CI_CO[3])
                                                      0.114    49.304 r  pulse_inst/bpm_reg_reg[7]_i_11/CO[3]
                         net (fo=1, routed)           0.000    49.304    pulse_inst/bpm_reg_reg[7]_i_11_n_0
    SLICE_X3Y112         CARRY4 (Prop_carry4_CI_CO[3])
                                                      0.114    49.418 r  pulse_inst/bpm_reg_reg[7]_i_3/CO[3]
                         net (fo=34, routed)          0.925    50.343    pulse_inst/bpm_reg1[6]
    SLICE_X4Y110         LUT6 (Prop_lut6_I0_O)        0.124    50.467 r  pulse_inst/bpm_reg[7]_i_156/O
                         net (fo=1, routed)           0.000    50.467    pulse_inst/bpm_reg[7]_i_156_n_0
    SLICE_X4Y110         CARRY4 (Prop_carry4_S[1]_CO[3])
                                                      0.550    51.017 r  pulse_inst/bpm_reg_reg[7]_i_136/CO[3]
                         net (fo=1, routed)           0.000    51.017    pulse_inst/bpm_reg_reg[7]_i_136_n_0
    SLICE_X4Y111         CARRY4 (Prop_carry4_CI_CO[3])
                                                      0.114    51.131 r  pulse_inst/bpm_reg_reg[7]_i_116/CO[3]
                         net (fo=1, routed)           0.000    51.131    pulse_inst/bpm_reg_reg[7]_i_116_n_0
    SLICE_X4Y112         CARRY4 (Prop_carry4_CI_CO[3])
                                                      0.114    51.245 r  pulse_inst/bpm_reg_reg[7]_i_96/CO[3]
                         net (fo=1, routed)           0.000    51.245    pulse_inst/bpm_reg_reg[7]_i_96_n_0
    SLICE_X4Y113         CARRY4 (Prop_carry4_CI_CO[3])
                                                      0.114    51.359 r  pulse_inst/bpm_reg_reg[7]_i_76/CO[3]
                         net (fo=1, routed)           0.000    51.359    pulse_inst/bpm_reg_reg[7]_i_76_n_0
    SLICE_X4Y114         CARRY4 (Prop_carry4_CI_CO[3])
                                                      0.114    51.473 r  pulse_inst/bpm_reg_reg[7]_i_56/CO[3]
                         net (fo=1, routed)           0.000    51.473    pulse_inst/bpm_reg_reg[7]_i_56_n_0
    SLICE_X4Y115         CARRY4 (Prop_carry4_CI_CO[3])
                                                      0.114    51.587 r  pulse_inst/bpm_reg_reg[7]_i_36/CO[3]
                         net (fo=1, routed)           0.000    51.587    pulse_inst/bpm_reg_reg[7]_i_36_n_0
    SLICE_X4Y116         CARRY4 (Prop_carry4_CI_CO[3])
                                                      0.114    51.701 r  pulse_inst/bpm_reg_reg[7]_i_16/CO[3]
                         net (fo=1, routed)           0.000    51.701    pulse_inst/bpm_reg_reg[7]_i_16_n_0
    SLICE_X4Y117         CARRY4 (Prop_carry4_CI_CO[3])
                                                      0.114    51.815 r  pulse_inst/bpm_reg_reg[7]_i_4/CO[3]
                         net (fo=34, routed)          0.893    52.707    pulse_inst/bpm_reg1[5]
    SLICE_X3Y116         LUT6 (Prop_lut6_I0_O)        0.124    52.831 r  pulse_inst/bpm_reg[7]_i_159/O
                         net (fo=1, routed)           0.000    52.831    pulse_inst/bpm_reg[7]_i_159_n_0
    SLICE_X3Y116         CARRY4 (Prop_carry4_S[1]_CO[3])
                                                      0.550    53.381 r  pulse_inst/bpm_reg_reg[7]_i_141/CO[3]
                         net (fo=1, routed)           0.000    53.381    pulse_inst/bpm_reg_reg[7]_i_141_n_0
    SLICE_X3Y117         CARRY4 (Prop_carry4_CI_CO[3])
                                                      0.114    53.495 r  pulse_inst/bpm_reg_reg[7]_i_121/CO[3]
                         net (fo=1, routed)           0.000    53.495    pulse_inst/bpm_reg_reg[7]_i_121_n_0
    SLICE_X3Y118         CARRY4 (Prop_carry4_CI_CO[3])
                                                      0.114    53.609 r  pulse_inst/bpm_reg_reg[7]_i_101/CO[3]
                         net (fo=1, routed)           0.000    53.609    pulse_inst/bpm_reg_reg[7]_i_101_n_0
    SLICE_X3Y119         CARRY4 (Prop_carry4_CI_CO[3])
                                                      0.114    53.723 r  pulse_inst/bpm_reg_reg[7]_i_81/CO[3]
                         net (fo=1, routed)           0.000    53.723    pulse_inst/bpm_reg_reg[7]_i_81_n_0
    SLICE_X3Y120         CARRY4 (Prop_carry4_CI_CO[3])
                                                      0.114    53.837 r  pulse_inst/bpm_reg_reg[7]_i_61/CO[3]
                         net (fo=1, routed)           0.000    53.837    pulse_inst/bpm_reg_reg[7]_i_61_n_0
    SLICE_X3Y121         CARRY4 (Prop_carry4_CI_CO[3])
                                                      0.114    53.951 r  pulse_inst/bpm_reg_reg[7]_i_41/CO[3]
                         net (fo=1, routed)           0.000    53.951    pulse_inst/bpm_reg_reg[7]_i_41_n_0
    SLICE_X3Y122         CARRY4 (Prop_carry4_CI_CO[3])
                                                      0.114    54.065 r  pulse_inst/bpm_reg_reg[7]_i_21/CO[3]
                         net (fo=1, routed)           0.000    54.065    pulse_inst/bpm_reg_reg[7]_i_21_n_0
    SLICE_X3Y123         CARRY4 (Prop_carry4_CI_CO[3])
                                                      0.114    54.179 r  pulse_inst/bpm_reg_reg[7]_i_5/CO[3]
                         net (fo=35, routed)          1.027    55.206    pulse_inst/bpm_reg1[4]
    SLICE_X2Y122         LUT6 (Prop_lut6_I5_O)        0.124    55.330 r  pulse_inst/bpm_reg[3]_i_148/O
                         net (fo=1, routed)           0.000    55.330    pulse_inst/bpm_reg[3]_i_148_n_0
    SLICE_X2Y122         CARRY4 (Prop_carry4_S[1]_CO[3])
                                                      0.533    55.863 r  pulse_inst/bpm_reg_reg[3]_i_125/CO[3]
                         net (fo=1, routed)           0.000    55.863    pulse_inst/bpm_reg_reg[3]_i_125_n_0
    SLICE_X2Y123         CARRY4 (Prop_carry4_CI_CO[3])
                                                      0.117    55.980 r  pulse_inst/bpm_reg_reg[3]_i_105/CO[3]
                         net (fo=1, routed)           0.000    55.980    pulse_inst/bpm_reg_reg[3]_i_105_n_0
    SLICE_X2Y124         CARRY4 (Prop_carry4_CI_CO[3])
                                                      0.117    56.097 r  pulse_inst/bpm_reg_reg[3]_i_85/CO[3]
                         net (fo=1, routed)           0.009    56.106    pulse_inst/bpm_reg_reg[3]_i_85_n_0
    SLICE_X2Y125         CARRY4 (Prop_carry4_CI_CO[3])
                                                      0.117    56.223 r  pulse_inst/bpm_reg_reg[3]_i_65/CO[3]
                         net (fo=1, routed)           0.000    56.223    pulse_inst/bpm_reg_reg[3]_i_65_n_0
    SLICE_X2Y126         CARRY4 (Prop_carry4_CI_CO[3])
                                                      0.117    56.340 r  pulse_inst/bpm_reg_reg[3]_i_45/CO[3]
                         net (fo=1, routed)           0.000    56.340    pulse_inst/bpm_reg_reg[3]_i_45_n_0
    SLICE_X2Y127         CARRY4 (Prop_carry4_CI_CO[3])
                                                      0.117    56.457 r  pulse_inst/bpm_reg_reg[3]_i_25/CO[3]
                         net (fo=1, routed)           0.000    56.457    pulse_inst/bpm_reg_reg[3]_i_25_n_0
    SLICE_X2Y128         CARRY4 (Prop_carry4_CI_CO[3])
                                                      0.117    56.574 r  pulse_inst/bpm_reg_reg[3]_i_6/CO[3]
                         net (fo=1, routed)           0.000    56.574    pulse_inst/bpm_reg_reg[3]_i_6_n_0
    SLICE_X2Y129         CARRY4 (Prop_carry4_CI_CO[3])
                                                      0.117    56.691 r  pulse_inst/bpm_reg_reg[3]_i_2/CO[3]
                         net (fo=35, routed)          0.708    57.399    pulse_inst/bpm_reg1[3]
    SLICE_X0Y128         LUT6 (Prop_lut6_I5_O)        0.124    57.523 r  pulse_inst/bpm_reg[3]_i_149/O
                         net (fo=1, routed)           0.338    57.861    pulse_inst/bpm_reg[3]_i_149_n_0
    SLICE_X3Y127         CARRY4 (Prop_carry4_DI[1]_CO[3])
                                                      0.507    58.368 r  pulse_inst/bpm_reg_reg[3]_i_130/CO[3]
                         net (fo=1, routed)           0.000    58.368    pulse_inst/bpm_reg_reg[3]_i_130_n_0
    SLICE_X3Y128         CARRY4 (Prop_carry4_CI_CO[3])
                                                      0.114    58.482 r  pulse_inst/bpm_reg_reg[3]_i_110/CO[3]
                         net (fo=1, routed)           0.000    58.482    pulse_inst/bpm_reg_reg[3]_i_110_n_0
    SLICE_X3Y129         CARRY4 (Prop_carry4_CI_CO[3])
                                                      0.114    58.596 r  pulse_inst/bpm_reg_reg[3]_i_90/CO[3]
                         net (fo=1, routed)           0.000    58.596    pulse_inst/bpm_reg_reg[3]_i_90_n_0
    SLICE_X3Y130         CARRY4 (Prop_carry4_CI_CO[3])
                                                      0.114    58.710 r  pulse_inst/bpm_reg_reg[3]_i_70/CO[3]
                         net (fo=1, routed)           0.000    58.710    pulse_inst/bpm_reg_reg[3]_i_70_n_0
    SLICE_X3Y131         CARRY4 (Prop_carry4_CI_CO[3])
                                                      0.114    58.824 r  pulse_inst/bpm_reg_reg[3]_i_50/CO[3]
                         net (fo=1, routed)           0.000    58.824    pulse_inst/bpm_reg_reg[3]_i_50_n_0
    SLICE_X3Y132         CARRY4 (Prop_carry4_CI_CO[3])
                                                      0.114    58.938 r  pulse_inst/bpm_reg_reg[3]_i_30/CO[3]
                         net (fo=1, routed)           0.000    58.938    pulse_inst/bpm_reg_reg[3]_i_30_n_0
    SLICE_X3Y133         CARRY4 (Prop_carry4_CI_CO[3])
                                                      0.114    59.052 r  pulse_inst/bpm_reg_reg[3]_i_11/CO[3]
                         net (fo=1, routed)           0.000    59.052    pulse_inst/bpm_reg_reg[3]_i_11_n_0
    SLICE_X3Y134         CARRY4 (Prop_carry4_CI_CO[3])
                                                      0.114    59.166 r  pulse_inst/bpm_reg_reg[3]_i_3/CO[3]
                         net (fo=35, routed)          1.087    60.253    pulse_inst/bpm_reg1[2]
    SLICE_X5Y127         LUT6 (Prop_lut6_I5_O)        0.124    60.377 r  pulse_inst/bpm_reg[3]_i_153/O
                         net (fo=1, routed)           0.190    60.567    pulse_inst/bpm_reg[3]_i_153_n_0
    SLICE_X4Y127         CARRY4 (Prop_carry4_DI[1]_CO[3])
                                                      0.507    61.074 r  pulse_inst/bpm_reg_reg[3]_i_135/CO[3]
                         net (fo=1, routed)           0.000    61.074    pulse_inst/bpm_reg_reg[3]_i_135_n_0
    SLICE_X4Y128         CARRY4 (Prop_carry4_CI_CO[3])
                                                      0.114    61.188 r  pulse_inst/bpm_reg_reg[3]_i_115/CO[3]
                         net (fo=1, routed)           0.000    61.188    pulse_inst/bpm_reg_reg[3]_i_115_n_0
    SLICE_X4Y129         CARRY4 (Prop_carry4_CI_CO[3])
                                                      0.114    61.302 r  pulse_inst/bpm_reg_reg[3]_i_95/CO[3]
                         net (fo=1, routed)           0.000    61.302    pulse_inst/bpm_reg_reg[3]_i_95_n_0
    SLICE_X4Y130         CARRY4 (Prop_carry4_CI_CO[3])
                                                      0.114    61.416 r  pulse_inst/bpm_reg_reg[3]_i_75/CO[3]
                         net (fo=1, routed)           0.000    61.416    pulse_inst/bpm_reg_reg[3]_i_75_n_0
    SLICE_X4Y131         CARRY4 (Prop_carry4_CI_CO[3])
                                                      0.114    61.530 r  pulse_inst/bpm_reg_reg[3]_i_55/CO[3]
                         net (fo=1, routed)           0.000    61.530    pulse_inst/bpm_reg_reg[3]_i_55_n_0
    SLICE_X4Y132         CARRY4 (Prop_carry4_CI_CO[3])
                                                      0.114    61.644 r  pulse_inst/bpm_reg_reg[3]_i_35/CO[3]
                         net (fo=1, routed)           0.000    61.644    pulse_inst/bpm_reg_reg[3]_i_35_n_0
    SLICE_X4Y133         CARRY4 (Prop_carry4_CI_CO[3])
                                                      0.114    61.758 r  pulse_inst/bpm_reg_reg[3]_i_16/CO[3]
                         net (fo=1, routed)           0.000    61.758    pulse_inst/bpm_reg_reg[3]_i_16_n_0
    SLICE_X4Y134         CARRY4 (Prop_carry4_CI_CO[3])
                                                      0.114    61.872 r  pulse_inst/bpm_reg_reg[3]_i_4/CO[3]
                         net (fo=35, routed)          0.737    62.609    pulse_inst/bpm_reg1[1]
    SLICE_X7Y134         LUT6 (Prop_lut6_I5_O)        0.124    62.733 r  pulse_inst/bpm_reg[3]_i_157/O
                         net (fo=1, routed)           0.929    63.662    pulse_inst/bpm_reg[3]_i_157_n_0
    SLICE_X5Y128         CARRY4 (Prop_carry4_DI[0]_CO[3])
                                                      0.633    64.295 r  pulse_inst/bpm_reg_reg[3]_i_140/CO[3]
                         net (fo=1, routed)           0.000    64.295    pulse_inst/bpm_reg_reg[3]_i_140_n_0
    SLICE_X5Y129         CARRY4 (Prop_carry4_CI_CO[3])
                                                      0.114    64.409 r  pulse_inst/bpm_reg_reg[3]_i_120/CO[3]
                         net (fo=1, routed)           0.000    64.409    pulse_inst/bpm_reg_reg[3]_i_120_n_0
    SLICE_X5Y130         CARRY4 (Prop_carry4_CI_CO[3])
                                                      0.114    64.523 r  pulse_inst/bpm_reg_reg[3]_i_100/CO[3]
                         net (fo=1, routed)           0.000    64.523    pulse_inst/bpm_reg_reg[3]_i_100_n_0
    SLICE_X5Y131         CARRY4 (Prop_carry4_CI_CO[3])
                                                      0.114    64.637 r  pulse_inst/bpm_reg_reg[3]_i_80/CO[3]
                         net (fo=1, routed)           0.000    64.637    pulse_inst/bpm_reg_reg[3]_i_80_n_0
    SLICE_X5Y132         CARRY4 (Prop_carry4_CI_CO[3])
                                                      0.114    64.751 r  pulse_inst/bpm_reg_reg[3]_i_60/CO[3]
                         net (fo=1, routed)           0.000    64.751    pulse_inst/bpm_reg_reg[3]_i_60_n_0
    SLICE_X5Y133         CARRY4 (Prop_carry4_CI_CO[3])
                                                      0.114    64.865 r  pulse_inst/bpm_reg_reg[3]_i_40/CO[3]
                         net (fo=1, routed)           0.000    64.865    pulse_inst/bpm_reg_reg[3]_i_40_n_0
    SLICE_X5Y134         CARRY4 (Prop_carry4_CI_CO[3])
                                                      0.114    64.979 r  pulse_inst/bpm_reg_reg[3]_i_21/CO[3]
                         net (fo=1, routed)           0.000    64.979    pulse_inst/bpm_reg_reg[3]_i_21_n_0
    SLICE_X5Y135         CARRY4 (Prop_carry4_CI_CO[2])
                                                      0.228    65.207 r  pulse_inst/bpm_reg_reg[3]_i_5/CO[2]
                         net (fo=1, routed)           0.662    65.869    pulse_inst/bpm_reg1[0]
    SLICE_X4Y135         CARRY4 (Prop_carry4_S[0]_CO[3])
                                                      0.845    66.714 r  pulse_inst/bpm_reg_reg[3]_i_1/CO[3]
                         net (fo=1, routed)           0.000    66.714    pulse_inst/bpm_reg_reg[3]_i_1_n_0
    SLICE_X4Y136         CARRY4 (Prop_carry4_CI_CO[3])
                                                      0.114    66.828 r  pulse_inst/bpm_reg_reg[7]_i_1/CO[3]
                         net (fo=1, routed)           0.000    66.828    pulse_inst/bpm_reg_reg[7]_i_1_n_0
    SLICE_X4Y137         CARRY4 (Prop_carry4_CI_CO[3])
                                                      0.114    66.942 r  pulse_inst/bpm_reg_reg[11]_i_1/CO[3]
                         net (fo=1, routed)           0.000    66.942    pulse_inst/bpm_reg_reg[11]_i_1_n_0
    SLICE_X4Y138         CARRY4 (Prop_carry4_CI_O[3])
                                                      0.313    67.255 r  pulse_inst/bpm_reg_reg[15]_i_2/O[3]
                         net (fo=1, routed)           0.000    67.255    pulse_inst/bpm_reg_reg[15]_i_2_n_4
    SLICE_X4Y138         FDRE                                         r  pulse_inst/bpm_reg_reg[15]/D
  -------------------------------------------------------------------    -------------------

                         (clock sys_clk_pin rise edge)
                                                     10.000    10.000 r  
    W5                                                0.000    10.000 r  clk (IN)
                         net (fo=0)                   0.000    10.000    clk
    W5                   IBUF (Prop_ibuf_I_O)         1.388    11.388 r  clk_IBUF_inst/O
                         net (fo=1, routed)           1.862    13.250    clk_IBUF
    BUFGCTRL_X0Y1        BUFG (Prop_bufg_I_O)         0.091    13.341 r  clk_IBUF_BUFG_inst/O
                         net (fo=236, routed)         1.679    15.020    pulse_inst/clk_IBUF_BUFG
    SLICE_X4Y138         FDRE                                         r  pulse_inst/bpm_reg_reg[15]/C
                         clock pessimism              0.187    15.207    
                         clock uncertainty           -0.035    15.172    
    SLICE_X4Y138         FDRE (Setup_fdre_C_D)        0.062    15.234    pulse_inst/bpm_reg_reg[15]
  -------------------------------------------------------------------
                         required time                         15.234    
                         arrival time                         -67.255    
  -------------------------------------------------------------------
                         slack                                -52.021    

Slack (VIOLATED) :        -51.947ns  (required time - arrival time)
  Source:                 pulse_inst/beat_count_reg[2]_replica_12/C
                            (rising edge-triggered cell FDRE clocked by sys_clk_pin  {rise@0.000ns fall@5.000ns period=10.000ns})
  Destination:            pulse_inst/bpm_reg_reg[14]/D
                            (rising edge-triggered cell FDRE clocked by sys_clk_pin  {rise@0.000ns fall@5.000ns period=10.000ns})
  Path Group:             sys_clk_pin
  Path Type:              Setup (Max at Slow Process Corner)
  Requirement:            10.000ns  (sys_clk_pin rise@10.000ns - sys_clk_pin rise@0.000ns)
  Data Path Delay:        62.048ns  (logic 29.416ns (47.408%)  route 32.632ns (52.592%))
  Logic Levels:           172  (CARRY4=134 LUT4=2 LUT5=12 LUT6=24)
  Clock Path Skew:        0.074ns (DCD - SCD + CPR)
    Destination Clock Delay (DCD):    5.020ns = ( 15.020 - 10.000 ) 
    Source Clock Delay      (SCD):    5.133ns
    Clock Pessimism Removal (CPR):    0.187ns
  Clock Uncertainty:      0.035ns  ((TSJ^2 + TIJ^2)^1/2 + DJ) / 2 + PE
    Total System Jitter     (TSJ):    0.071ns
    Total Input Jitter      (TIJ):    0.000ns
    Discrete Jitter          (DJ):    0.000ns
    Phase Error              (PE):    0.000ns

    Location             Delay type                Incr(ns)  Path(ns)    Netlist Resource(s)
  -------------------------------------------------------------------    -------------------
                         (clock sys_clk_pin rise edge)
                                                      0.000     0.000 r  
    W5                                                0.000     0.000 r  clk (IN)
                         net (fo=0)                   0.000     0.000    clk
    W5                   IBUF (Prop_ibuf_I_O)         1.458     1.458 r  clk_IBUF_inst/O
                         net (fo=1, routed)           1.967     3.425    clk_IBUF
    BUFGCTRL_X0Y1        BUFG (Prop_bufg_I_O)         0.096     3.521 r  clk_IBUF_BUFG_inst/O
                         net (fo=236, routed)         1.612     5.133    pulse_inst/clk_IBUF_BUFG
    SLICE_X5Y81          FDRE                                         r  pulse_inst/beat_count_reg[2]_replica_12/C
  -------------------------------------------------------------------    -------------------
    SLICE_X5Y81          FDRE (Prop_fdre_C_Q)         0.456     5.589 r  pulse_inst/beat_count_reg[2]_replica_12/Q
                         net (fo=85, routed)          1.401     6.989    pulse_inst/beat_count_reg_n_0_[2]_repN_12
    SLICE_X2Y81          LUT6 (Prop_lut6_I0_O)        0.124     7.113 f  pulse_inst/bpm_reg[15]_i_217/O
                         net (fo=2, routed)           0.495     7.609    pulse_inst/bpm_reg[15]_i_217_n_0
    SLICE_X2Y81          LUT6 (Prop_lut6_I0_O)        0.124     7.733 r  pulse_inst/bpm_reg[15]_i_130/O
                         net (fo=2, routed)           0.653     8.385    pulse_inst/bpm_reg[15]_i_130_n_0
    SLICE_X3Y82          LUT5 (Prop_lut5_I0_O)        0.124     8.509 r  pulse_inst/bpm_reg[15]_i_134/O
                         net (fo=1, routed)           0.000     8.509    pulse_inst/bpm_reg[15]_i_134_n_0
    SLICE_X3Y82          CARRY4 (Prop_carry4_S[1]_CO[3])
                                                      0.550     9.059 r  pulse_inst/bpm_reg_reg[15]_i_86/CO[3]
                         net (fo=1, routed)           0.000     9.059    pulse_inst/bpm_reg_reg[15]_i_86_n_0
    SLICE_X3Y83          CARRY4 (Prop_carry4_CI_O[0])
                                                      0.222     9.281 r  pulse_inst/bpm_reg_reg[15]_i_53/O[0]
                         net (fo=12, routed)          0.883    10.164    pulse_inst/bpm_reg_reg[15]_i_53_n_7
    SLICE_X2Y82          LUT6 (Prop_lut6_I0_O)        0.299    10.463 r  pulse_inst/bpm_reg[15]_i_120/O
                         net (fo=6, routed)           0.361    10.825    pulse_inst/bpm_reg[15]_i_120_n_0
    SLICE_X2Y83          LUT5 (Prop_lut5_I3_O)        0.124    10.949 r  pulse_inst/bpm_reg[15]_i_179/O
                         net (fo=2, routed)           0.601    11.550    pulse_inst/bpm_reg[15]_i_179_n_0
    SLICE_X2Y82          LUT6 (Prop_lut6_I0_O)        0.124    11.674 r  pulse_inst/bpm_reg[15]_i_119/O
                         net (fo=5, routed)           0.609    12.283    pulse_inst/bpm_reg[15]_i_119_n_0
    SLICE_X0Y82          LUT5 (Prop_lut5_I0_O)        0.124    12.407 f  pulse_inst/bpm_reg[15]_i_122/O
                         net (fo=11, routed)          0.876    13.282    pulse_inst/bpm_reg[15]_i_122_n_0
    SLICE_X4Y82          LUT5 (Prop_lut5_I2_O)        0.124    13.406 r  pulse_inst/bpm_reg[15]_i_121/O
                         net (fo=4, routed)           0.334    13.741    pulse_inst/bpm_reg[15]_i_121_n_0
    SLICE_X4Y83          LUT5 (Prop_lut5_I1_O)        0.124    13.865 r  pulse_inst/bpm_reg[15]_i_274/O
                         net (fo=1, routed)           0.306    14.170    pulse_inst/bpm_reg[15]_i_274_n_0
    SLICE_X4Y81          LUT4 (Prop_lut4_I0_O)        0.124    14.294 r  pulse_inst/bpm_reg[15]_i_190/O
                         net (fo=1, routed)           0.821    15.116    pulse_inst/bpm_reg[15]_i_190_n_0
    SLICE_X2Y81          LUT6 (Prop_lut6_I2_O)        0.124    15.240 r  pulse_inst/bpm_reg[15]_i_123_comp/O
                         net (fo=6, routed)           0.488    15.728    pulse_inst/bpm_reg[15]_i_123_n_0
    SLICE_X0Y80          LUT5 (Prop_lut5_I2_O)        0.124    15.852 r  pulse_inst/bpm_reg[15]_i_203/O
                         net (fo=3, routed)           0.451    16.303    pulse_inst/bpm_reg[15]_i_203_n_0
    SLICE_X0Y80          LUT5 (Prop_lut5_I4_O)        0.124    16.427 r  pulse_inst/bpm_reg[15]_i_126/O
                         net (fo=11, routed)          0.522    16.949    pulse_inst/bpm_reg[15]_i_126_n_0
    SLICE_X4Y79          LUT5 (Prop_lut5_I2_O)        0.124    17.073 f  pulse_inst/bpm_reg[15]_i_251/O
                         net (fo=6, routed)           0.838    17.910    pulse_inst/bpm_reg[15]_i_251_n_0
    SLICE_X7Y79          LUT6 (Prop_lut6_I1_O)        0.124    18.034 r  pulse_inst/bpm_reg[15]_i_166_comp/O
                         net (fo=10, routed)          0.375    18.410    pulse_inst/bpm_reg[15]_i_166_n_0
    SLICE_X6Y80          LUT5 (Prop_lut5_I2_O)        0.124    18.534 r  pulse_inst/bpm_reg[15]_i_247/O
                         net (fo=4, routed)           0.184    18.717    pulse_inst/bpm_reg[15]_i_247_n_0
    SLICE_X6Y80          LUT4 (Prop_lut4_I0_O)        0.124    18.841 f  pulse_inst/bpm_reg[15]_i_255/O
                         net (fo=5, routed)           0.711    19.552    pulse_inst/bpm_reg[15]_i_255_n_0
    SLICE_X7Y81          LUT6 (Prop_lut6_I1_O)        0.124    19.676 r  pulse_inst/bpm_reg[15]_i_168_comp/O
                         net (fo=10, routed)          0.485    20.161    pulse_inst/bpm_reg[15]_i_168_n_0
    SLICE_X6Y82          LUT5 (Prop_lut5_I2_O)        0.124    20.285 r  pulse_inst/bpm_reg[15]_i_253/O
                         net (fo=4, routed)           0.185    20.470    pulse_inst/bpm_reg[15]_i_253_n_0
    SLICE_X6Y82          LUT5 (Prop_lut5_I3_O)        0.124    20.594 r  pulse_inst/bpm_reg[15]_i_167/O
                         net (fo=10, routed)          0.511    21.105    pulse_inst/bpm_reg[15]_i_167_n_0
    SLICE_X6Y85          LUT5 (Prop_lut5_I4_O)        0.124    21.229 f  pulse_inst/bpm_reg[15]_i_260/O
                         net (fo=7, routed)           0.644    21.872    pulse_inst/bpm_reg[15]_i_260_n_0
    SLICE_X5Y84          LUT6 (Prop_lut6_I1_O)        0.124    21.996 r  pulse_inst/bpm_reg[15]_i_169_comp/O
                         net (fo=10, routed)          0.923    22.919    pulse_inst/bpm_reg[15]_i_169_n_0
    SLICE_X5Y85          LUT6 (Prop_lut6_I3_O)        0.124    23.043 r  pulse_inst/bpm_reg[15]_i_177/O
                         net (fo=3, routed)           0.439    23.482    pulse_inst/bpm_reg[15]_i_177_n_0
    SLICE_X4Y85          LUT6 (Prop_lut6_I1_O)        0.124    23.606 f  pulse_inst/bpm_reg[15]_i_116/O
                         net (fo=27, routed)          0.359    23.965    pulse_inst/bpm_reg[15]_i_116_n_0
    SLICE_X6Y85          LUT6 (Prop_lut6_I4_O)        0.124    24.089 r  pulse_inst/bpm_reg[15]_i_332/O
                         net (fo=1, routed)           0.333    24.422    pulse_inst/bpm_reg[15]_i_332_n_0
    SLICE_X7Y87          CARRY4 (Prop_carry4_CYINIT_CO[3])
                                                      0.580    25.002 r  pulse_inst/bpm_reg_reg[15]_i_294/CO[3]
                         net (fo=1, routed)           0.000    25.002    pulse_inst/bpm_reg_reg[15]_i_294_n_0
    SLICE_X7Y88          CARRY4 (Prop_carry4_CI_CO[3])
                                                      0.114    25.116 r  pulse_inst/bpm_reg_reg[15]_i_222/CO[3]
                         net (fo=1, routed)           0.000    25.116    pulse_inst/bpm_reg_reg[15]_i_222_n_0
    SLICE_X7Y89          CARRY4 (Prop_carry4_CI_CO[3])
                                                      0.114    25.230 r  pulse_inst/bpm_reg_reg[15]_i_140/CO[3]
                         net (fo=1, routed)           0.000    25.230    pulse_inst/bpm_reg_reg[15]_i_140_n_0
    SLICE_X7Y90          CARRY4 (Prop_carry4_CI_CO[3])
                                                      0.114    25.344 r  pulse_inst/bpm_reg_reg[15]_i_89/CO[3]
                         net (fo=1, routed)           0.000    25.344    pulse_inst/bpm_reg_reg[15]_i_89_n_0
    SLICE_X7Y91          CARRY4 (Prop_carry4_CI_CO[3])
                                                      0.114    25.458 r  pulse_inst/bpm_reg_reg[15]_i_54/CO[3]
                         net (fo=1, routed)           0.000    25.458    pulse_inst/bpm_reg_reg[15]_i_54_n_0
    SLICE_X7Y92          CARRY4 (Prop_carry4_CI_CO[3])
                                                      0.114    25.572 r  pulse_inst/bpm_reg_reg[15]_i_28/CO[3]
                         net (fo=1, routed)           0.000    25.572    pulse_inst/bpm_reg_reg[15]_i_28_n_0
    SLICE_X7Y93          CARRY4 (Prop_carry4_CI_CO[3])
                                                      0.114    25.686 r  pulse_inst/bpm_reg_reg[15]_i_9/CO[3]
                         net (fo=1, routed)           0.000    25.686    pulse_inst/bpm_reg_reg[15]_i_9_n_0
    SLICE_X7Y94          CARRY4 (Prop_carry4_CI_CO[1])
                                                      0.157    25.843 r  pulse_inst/bpm_reg_reg[15]_i_4/CO[1]
                         net (fo=34, routed)          1.013    26.856    pulse_inst/bpm_reg1[15]
    SLICE_X8Y87          CARRY4 (Prop_carry4_CYINIT_CO[3])
                                                      0.800    27.656 r  pulse_inst/bpm_reg_reg[15]_i_303/CO[3]
                         net (fo=1, routed)           0.000    27.656    pulse_inst/bpm_reg_reg[15]_i_303_n_0
    SLICE_X8Y88          CARRY4 (Prop_carry4_CI_CO[3])
                                                      0.117    27.773 r  pulse_inst/bpm_reg_reg[15]_i_231/CO[3]
                         net (fo=1, routed)           0.000    27.773    pulse_inst/bpm_reg_reg[15]_i_231_n_0
    SLICE_X8Y89          CARRY4 (Prop_carry4_CI_CO[3])
                                                      0.117    27.890 r  pulse_inst/bpm_reg_reg[15]_i_149/CO[3]
                         net (fo=1, routed)           0.000    27.890    pulse_inst/bpm_reg_reg[15]_i_149_n_0
    SLICE_X8Y90          CARRY4 (Prop_carry4_CI_CO[3])
                                                      0.117    28.007 r  pulse_inst/bpm_reg_reg[15]_i_92/CO[3]
                         net (fo=1, routed)           0.000    28.007    pulse_inst/bpm_reg_reg[15]_i_92_n_0
    SLICE_X8Y91          CARRY4 (Prop_carry4_CI_CO[3])
                                                      0.117    28.124 r  pulse_inst/bpm_reg_reg[15]_i_55/CO[3]
                         net (fo=1, routed)           0.000    28.124    pulse_inst/bpm_reg_reg[15]_i_55_n_0
    SLICE_X8Y92          CARRY4 (Prop_carry4_CI_CO[3])
                                                      0.117    28.241 r  pulse_inst/bpm_reg_reg[15]_i_29/CO[3]
                         net (fo=1, routed)           0.000    28.241    pulse_inst/bpm_reg_reg[15]_i_29_n_0
    SLICE_X8Y93          CARRY4 (Prop_carry4_CI_CO[3])
                                                      0.117    28.358 r  pulse_inst/bpm_reg_reg[15]_i_10/CO[3]
                         net (fo=1, routed)           0.000    28.358    pulse_inst/bpm_reg_reg[15]_i_10_n_0
    SLICE_X8Y94          CARRY4 (Prop_carry4_CI_CO[3])
                                                      0.117    28.475 r  pulse_inst/bpm_reg_reg[15]_i_5/CO[3]
                         net (fo=34, routed)          1.318    29.793    pulse_inst/bpm_reg1[14]
    SLICE_X6Y86          CARRY4 (Prop_carry4_CYINIT_CO[3])
                                                      0.595    30.388 r  pulse_inst/bpm_reg_reg[15]_i_308/CO[3]
                         net (fo=1, routed)           0.000    30.388    pulse_inst/bpm_reg_reg[15]_i_308_n_0
    SLICE_X6Y87          CARRY4 (Prop_carry4_CI_CO[3])
                                                      0.117    30.505 r  pulse_inst/bpm_reg_reg[15]_i_236/CO[3]
                         net (fo=1, routed)           0.000    30.505    pulse_inst/bpm_reg_reg[15]_i_236_n_0
    SLICE_X6Y88          CARRY4 (Prop_carry4_CI_CO[3])
                                                      0.117    30.622 r  pulse_inst/bpm_reg_reg[15]_i_155/CO[3]
                         net (fo=1, routed)           0.000    30.622    pulse_inst/bpm_reg_reg[15]_i_155_n_0
    SLICE_X6Y89          CARRY4 (Prop_carry4_CI_CO[3])
                                                      0.117    30.739 r  pulse_inst/bpm_reg_reg[15]_i_97/CO[3]
                         net (fo=1, routed)           0.000    30.739    pulse_inst/bpm_reg_reg[15]_i_97_n_0
    SLICE_X6Y90          CARRY4 (Prop_carry4_CI_CO[3])
                                                      0.117    30.856 r  pulse_inst/bpm_reg_reg[15]_i_60/CO[3]
                         net (fo=1, routed)           0.000    30.856    pulse_inst/bpm_reg_reg[15]_i_60_n_0
    SLICE_X6Y91          CARRY4 (Prop_carry4_CI_CO[3])
                                                      0.117    30.973 r  pulse_inst/bpm_reg_reg[15]_i_34/CO[3]
                         net (fo=1, routed)           0.000    30.973    pulse_inst/bpm_reg_reg[15]_i_34_n_0
    SLICE_X6Y92          CARRY4 (Prop_carry4_CI_CO[3])
                                                      0.117    31.090 r  pulse_inst/bpm_reg_reg[15]_i_15/CO[3]
                         net (fo=1, routed)           0.000    31.090    pulse_inst/bpm_reg_reg[15]_i_15_n_0
    SLICE_X6Y93          CARRY4 (Prop_carry4_CI_CO[3])
                                                      0.117    31.207 r  pulse_inst/bpm_reg_reg[15]_i_6/CO[3]
                         net (fo=34, routed)          1.183    32.390    pulse_inst/bpm_reg1[13]
    SLICE_X5Y86          LUT6 (Prop_lut6_I0_O)        0.124    32.514 r  pulse_inst/bpm_reg[15]_i_350/O
                         net (fo=1, routed)           0.000    32.514    pulse_inst/bpm_reg[15]_i_350_n_0
    SLICE_X5Y86          CARRY4 (Prop_carry4_S[1]_CO[3])
                                                      0.550    33.064 r  pulse_inst/bpm_reg_reg[15]_i_313/CO[3]
                         net (fo=1, routed)           0.000    33.064    pulse_inst/bpm_reg_reg[15]_i_313_n_0
    SLICE_X5Y87          CARRY4 (Prop_carry4_CI_CO[3])
                                                      0.114    33.178 r  pulse_inst/bpm_reg_reg[15]_i_241/CO[3]
                         net (fo=1, routed)           0.000    33.178    pulse_inst/bpm_reg_reg[15]_i_241_n_0
    SLICE_X5Y88          CARRY4 (Prop_carry4_CI_CO[3])
                                                      0.114    33.292 r  pulse_inst/bpm_reg_reg[15]_i_160/CO[3]
                         net (fo=1, routed)           0.000    33.292    pulse_inst/bpm_reg_reg[15]_i_160_n_0
    SLICE_X5Y89          CARRY4 (Prop_carry4_CI_CO[3])
                                                      0.114    33.406 r  pulse_inst/bpm_reg_reg[15]_i_102/CO[3]
                         net (fo=1, routed)           0.000    33.406    pulse_inst/bpm_reg_reg[15]_i_102_n_0
    SLICE_X5Y90          CARRY4 (Prop_carry4_CI_CO[3])
                                                      0.114    33.520 r  pulse_inst/bpm_reg_reg[15]_i_65/CO[3]
                         net (fo=1, routed)           0.000    33.520    pulse_inst/bpm_reg_reg[15]_i_65_n_0
    SLICE_X5Y91          CARRY4 (Prop_carry4_CI_CO[3])
                                                      0.114    33.634 r  pulse_inst/bpm_reg_reg[15]_i_39/CO[3]
                         net (fo=1, routed)           0.000    33.634    pulse_inst/bpm_reg_reg[15]_i_39_n_0
    SLICE_X5Y92          CARRY4 (Prop_carry4_CI_CO[3])
                                                      0.114    33.748 r  pulse_inst/bpm_reg_reg[15]_i_20/CO[3]
                         net (fo=1, routed)           0.000    33.748    pulse_inst/bpm_reg_reg[15]_i_20_n_0
    SLICE_X5Y93          CARRY4 (Prop_carry4_CI_CO[3])
                                                      0.114    33.862 r  pulse_inst/bpm_reg_reg[15]_i_7/CO[3]
                         net (fo=35, routed)          0.989    34.852    pulse_inst/bpm_reg1[12]
    SLICE_X2Y86          LUT6 (Prop_lut6_I5_O)        0.124    34.976 r  pulse_inst/bpm_reg[11]_i_146/O
                         net (fo=1, routed)           0.349    35.325    pulse_inst/bpm_reg[11]_i_146_n_0
    SLICE_X4Y87          CARRY4 (Prop_carry4_DI[1]_CO[3])
                                                      0.507    35.832 r  pulse_inst/bpm_reg_reg[11]_i_126/CO[3]
                         net (fo=1, routed)           0.000    35.832    pulse_inst/bpm_reg_reg[11]_i_126_n_0
    SLICE_X4Y88          CARRY4 (Prop_carry4_CI_CO[3])
                                                      0.114    35.946 r  pulse_inst/bpm_reg_reg[11]_i_106/CO[3]
                         net (fo=1, routed)           0.000    35.946    pulse_inst/bpm_reg_reg[11]_i_106_n_0
    SLICE_X4Y89          CARRY4 (Prop_carry4_CI_CO[3])
                                                      0.114    36.060 r  pulse_inst/bpm_reg_reg[11]_i_86/CO[3]
                         net (fo=1, routed)           0.000    36.060    pulse_inst/bpm_reg_reg[11]_i_86_n_0
    SLICE_X4Y90          CARRY4 (Prop_carry4_CI_CO[3])
                                                      0.114    36.174 r  pulse_inst/bpm_reg_reg[11]_i_66/CO[3]
                         net (fo=1, routed)           0.000    36.174    pulse_inst/bpm_reg_reg[11]_i_66_n_0
    SLICE_X4Y91          CARRY4 (Prop_carry4_CI_CO[3])
                                                      0.114    36.288 r  pulse_inst/bpm_reg_reg[11]_i_46/CO[3]
                         net (fo=1, routed)           0.000    36.288    pulse_inst/bpm_reg_reg[11]_i_46_n_0
    SLICE_X4Y92          CARRY4 (Prop_carry4_CI_CO[3])
                                                      0.114    36.402 r  pulse_inst/bpm_reg_reg[11]_i_26/CO[3]
                         net (fo=1, routed)           0.000    36.402    pulse_inst/bpm_reg_reg[11]_i_26_n_0
    SLICE_X4Y93          CARRY4 (Prop_carry4_CI_CO[3])
                                                      0.114    36.516 r  pulse_inst/bpm_reg_reg[11]_i_6/CO[3]
                         net (fo=1, routed)           0.000    36.516    pulse_inst/bpm_reg_reg[11]_i_6_n_0
    SLICE_X4Y94          CARRY4 (Prop_carry4_CI_CO[3])
                                                      0.114    36.630 r  pulse_inst/bpm_reg_reg[11]_i_2/CO[3]
                         net (fo=34, routed)          1.067    37.696    pulse_inst/bpm_reg1[11]
    SLICE_X3Y88          LUT6 (Prop_lut6_I0_O)        0.124    37.820 r  pulse_inst/bpm_reg[11]_i_152/O
                         net (fo=1, routed)           0.000    37.820    pulse_inst/bpm_reg[11]_i_152_n_0
    SLICE_X3Y88          CARRY4 (Prop_carry4_S[1]_CO[3])
                                                      0.550    38.370 r  pulse_inst/bpm_reg_reg[11]_i_131/CO[3]
                         net (fo=1, routed)           0.000    38.370    pulse_inst/bpm_reg_reg[11]_i_131_n_0
    SLICE_X3Y89          CARRY4 (Prop_carry4_CI_CO[3])
                                                      0.114    38.484 r  pulse_inst/bpm_reg_reg[11]_i_111/CO[3]
                         net (fo=1, routed)           0.000    38.484    pulse_inst/bpm_reg_reg[11]_i_111_n_0
    SLICE_X3Y90          CARRY4 (Prop_carry4_CI_CO[3])
                                                      0.114    38.598 r  pulse_inst/bpm_reg_reg[11]_i_91/CO[3]
                         net (fo=1, routed)           0.000    38.598    pulse_inst/bpm_reg_reg[11]_i_91_n_0
    SLICE_X3Y91          CARRY4 (Prop_carry4_CI_CO[3])
                                                      0.114    38.712 r  pulse_inst/bpm_reg_reg[11]_i_71/CO[3]
                         net (fo=1, routed)           0.000    38.712    pulse_inst/bpm_reg_reg[11]_i_71_n_0
    SLICE_X3Y92          CARRY4 (Prop_carry4_CI_CO[3])
                                                      0.114    38.826 r  pulse_inst/bpm_reg_reg[11]_i_51/CO[3]
                         net (fo=1, routed)           0.000    38.826    pulse_inst/bpm_reg_reg[11]_i_51_n_0
    SLICE_X3Y93          CARRY4 (Prop_carry4_CI_CO[3])
                                                      0.114    38.940 r  pulse_inst/bpm_reg_reg[11]_i_31/CO[3]
                         net (fo=1, routed)           0.000    38.940    pulse_inst/bpm_reg_reg[11]_i_31_n_0
    SLICE_X3Y94          CARRY4 (Prop_carry4_CI_CO[3])
                                                      0.114    39.054 r  pulse_inst/bpm_reg_reg[11]_i_11/CO[3]
                         net (fo=1, routed)           0.000    39.054    pulse_inst/bpm_reg_reg[11]_i_11_n_0
    SLICE_X3Y95          CARRY4 (Prop_carry4_CI_CO[3])
                                                      0.114    39.168 r  pulse_inst/bpm_reg_reg[11]_i_3/CO[3]
                         net (fo=35, routed)          0.844    40.012    pulse_inst/bpm_reg1[10]
    SLICE_X1Y95          LUT6 (Prop_lut6_I5_O)        0.124    40.136 r  pulse_inst/bpm_reg[11]_i_153/O
                         net (fo=1, routed)           0.528    40.664    pulse_inst/bpm_reg[11]_i_153_n_0
    SLICE_X2Y89          CARRY4 (Prop_carry4_DI[1]_CO[3])
                                                      0.520    41.184 r  pulse_inst/bpm_reg_reg[11]_i_136/CO[3]
                         net (fo=1, routed)           0.000    41.184    pulse_inst/bpm_reg_reg[11]_i_136_n_0
    SLICE_X2Y90          CARRY4 (Prop_carry4_CI_CO[3])
                                                      0.117    41.301 r  pulse_inst/bpm_reg_reg[11]_i_116/CO[3]
                         net (fo=1, routed)           0.000    41.301    pulse_inst/bpm_reg_reg[11]_i_116_n_0
    SLICE_X2Y91          CARRY4 (Prop_carry4_CI_CO[3])
                                                      0.117    41.418 r  pulse_inst/bpm_reg_reg[11]_i_96/CO[3]
                         net (fo=1, routed)           0.000    41.418    pulse_inst/bpm_reg_reg[11]_i_96_n_0
    SLICE_X2Y92          CARRY4 (Prop_carry4_CI_CO[3])
                                                      0.117    41.535 r  pulse_inst/bpm_reg_reg[11]_i_76/CO[3]
                         net (fo=1, routed)           0.000    41.535    pulse_inst/bpm_reg_reg[11]_i_76_n_0
    SLICE_X2Y93          CARRY4 (Prop_carry4_CI_CO[3])
                                                      0.117    41.652 r  pulse_inst/bpm_reg_reg[11]_i_56/CO[3]
                         net (fo=1, routed)           0.000    41.652    pulse_inst/bpm_reg_reg[11]_i_56_n_0
    SLICE_X2Y94          CARRY4 (Prop_carry4_CI_CO[3])
                                                      0.117    41.769 r  pulse_inst/bpm_reg_reg[11]_i_36/CO[3]
                         net (fo=1, routed)           0.000    41.769    pulse_inst/bpm_reg_reg[11]_i_36_n_0
    SLICE_X2Y95          CARRY4 (Prop_carry4_CI_CO[3])
                                                      0.117    41.886 r  pulse_inst/bpm_reg_reg[11]_i_16/CO[3]
                         net (fo=1, routed)           0.000    41.886    pulse_inst/bpm_reg_reg[11]_i_16_n_0
    SLICE_X2Y96          CARRY4 (Prop_carry4_CI_CO[3])
                                                      0.117    42.003 r  pulse_inst/bpm_reg_reg[11]_i_4/CO[3]
                         net (fo=34, routed)          0.952    42.955    pulse_inst/bpm_reg1[9]
    SLICE_X0Y94          LUT6 (Prop_lut6_I0_O)        0.124    43.079 r  pulse_inst/bpm_reg[11]_i_159/O
                         net (fo=1, routed)           0.000    43.079    pulse_inst/bpm_reg[11]_i_159_n_0
    SLICE_X0Y94          CARRY4 (Prop_carry4_S[1]_CO[3])
                                                      0.550    43.629 r  pulse_inst/bpm_reg_reg[11]_i_141/CO[3]
                         net (fo=1, routed)           0.000    43.629    pulse_inst/bpm_reg_reg[11]_i_141_n_0
    SLICE_X0Y95          CARRY4 (Prop_carry4_CI_CO[3])
                                                      0.114    43.743 r  pulse_inst/bpm_reg_reg[11]_i_121/CO[3]
                         net (fo=1, routed)           0.000    43.743    pulse_inst/bpm_reg_reg[11]_i_121_n_0
    SLICE_X0Y96          CARRY4 (Prop_carry4_CI_CO[3])
                                                      0.114    43.857 r  pulse_inst/bpm_reg_reg[11]_i_101/CO[3]
                         net (fo=1, routed)           0.000    43.857    pulse_inst/bpm_reg_reg[11]_i_101_n_0
    SLICE_X0Y97          CARRY4 (Prop_carry4_CI_CO[3])
                                                      0.114    43.971 r  pulse_inst/bpm_reg_reg[11]_i_81/CO[3]
                         net (fo=1, routed)           0.000    43.971    pulse_inst/bpm_reg_reg[11]_i_81_n_0
    SLICE_X0Y98          CARRY4 (Prop_carry4_CI_CO[3])
                                                      0.114    44.085 r  pulse_inst/bpm_reg_reg[11]_i_61/CO[3]
                         net (fo=1, routed)           0.000    44.085    pulse_inst/bpm_reg_reg[11]_i_61_n_0
    SLICE_X0Y99          CARRY4 (Prop_carry4_CI_CO[3])
                                                      0.114    44.199 r  pulse_inst/bpm_reg_reg[11]_i_41/CO[3]
                         net (fo=1, routed)           0.001    44.199    pulse_inst/bpm_reg_reg[11]_i_41_n_0
    SLICE_X0Y100         CARRY4 (Prop_carry4_CI_CO[3])
                                                      0.114    44.313 r  pulse_inst/bpm_reg_reg[11]_i_21/CO[3]
                         net (fo=1, routed)           0.000    44.313    pulse_inst/bpm_reg_reg[11]_i_21_n_0
    SLICE_X0Y101         CARRY4 (Prop_carry4_CI_CO[3])
                                                      0.114    44.427 r  pulse_inst/bpm_reg_reg[11]_i_5/CO[3]
                         net (fo=35, routed)          0.706    45.134    pulse_inst/bpm_reg1[8]
    SLICE_X3Y101         LUT6 (Prop_lut6_I5_O)        0.124    45.258 r  pulse_inst/bpm_reg[7]_i_146/O
                         net (fo=1, routed)           0.331    45.588    pulse_inst/bpm_reg[7]_i_146_n_0
    SLICE_X2Y100         CARRY4 (Prop_carry4_DI[1]_CO[3])
                                                      0.520    46.108 r  pulse_inst/bpm_reg_reg[7]_i_126/CO[3]
                         net (fo=1, routed)           0.000    46.108    pulse_inst/bpm_reg_reg[7]_i_126_n_0
    SLICE_X2Y101         CARRY4 (Prop_carry4_CI_CO[3])
                                                      0.117    46.225 r  pulse_inst/bpm_reg_reg[7]_i_106/CO[3]
                         net (fo=1, routed)           0.000    46.225    pulse_inst/bpm_reg_reg[7]_i_106_n_0
    SLICE_X2Y102         CARRY4 (Prop_carry4_CI_CO[3])
                                                      0.117    46.342 r  pulse_inst/bpm_reg_reg[7]_i_86/CO[3]
                         net (fo=1, routed)           0.000    46.342    pulse_inst/bpm_reg_reg[7]_i_86_n_0
    SLICE_X2Y103         CARRY4 (Prop_carry4_CI_CO[3])
                                                      0.117    46.459 r  pulse_inst/bpm_reg_reg[7]_i_66/CO[3]
                         net (fo=1, routed)           0.000    46.459    pulse_inst/bpm_reg_reg[7]_i_66_n_0
    SLICE_X2Y104         CARRY4 (Prop_carry4_CI_CO[3])
                                                      0.117    46.576 r  pulse_inst/bpm_reg_reg[7]_i_46/CO[3]
                         net (fo=1, routed)           0.000    46.576    pulse_inst/bpm_reg_reg[7]_i_46_n_0
    SLICE_X2Y105         CARRY4 (Prop_carry4_CI_CO[3])
                                                      0.117    46.693 r  pulse_inst/bpm_reg_reg[7]_i_26/CO[3]
                         net (fo=1, routed)           0.000    46.693    pulse_inst/bpm_reg_reg[7]_i_26_n_0
    SLICE_X2Y106         CARRY4 (Prop_carry4_CI_CO[3])
                                                      0.117    46.810 r  pulse_inst/bpm_reg_reg[7]_i_6/CO[3]
                         net (fo=1, routed)           0.000    46.810    pulse_inst/bpm_reg_reg[7]_i_6_n_0
    SLICE_X2Y107         CARRY4 (Prop_carry4_CI_CO[3])
                                                      0.117    46.927 r  pulse_inst/bpm_reg_reg[7]_i_2/CO[3]
                         net (fo=35, routed)          0.724    47.651    pulse_inst/bpm_reg1[7]
    SLICE_X0Y106         LUT6 (Prop_lut6_I5_O)        0.124    47.775 r  pulse_inst/bpm_reg[7]_i_150/O
                         net (fo=1, routed)           0.338    48.113    pulse_inst/bpm_reg[7]_i_150_n_0
    SLICE_X3Y105         CARRY4 (Prop_carry4_DI[1]_CO[3])
                                                      0.507    48.620 r  pulse_inst/bpm_reg_reg[7]_i_131/CO[3]
                         net (fo=1, routed)           0.000    48.620    pulse_inst/bpm_reg_reg[7]_i_131_n_0
    SLICE_X3Y106         CARRY4 (Prop_carry4_CI_CO[3])
                                                      0.114    48.734 r  pulse_inst/bpm_reg_reg[7]_i_111/CO[3]
                         net (fo=1, routed)           0.000    48.734    pulse_inst/bpm_reg_reg[7]_i_111_n_0
    SLICE_X3Y107         CARRY4 (Prop_carry4_CI_CO[3])
                                                      0.114    48.848 r  pulse_inst/bpm_reg_reg[7]_i_91/CO[3]
                         net (fo=1, routed)           0.000    48.848    pulse_inst/bpm_reg_reg[7]_i_91_n_0
    SLICE_X3Y108         CARRY4 (Prop_carry4_CI_CO[3])
                                                      0.114    48.962 r  pulse_inst/bpm_reg_reg[7]_i_71/CO[3]
                         net (fo=1, routed)           0.000    48.962    pulse_inst/bpm_reg_reg[7]_i_71_n_0
    SLICE_X3Y109         CARRY4 (Prop_carry4_CI_CO[3])
                                                      0.114    49.076 r  pulse_inst/bpm_reg_reg[7]_i_51/CO[3]
                         net (fo=1, routed)           0.000    49.076    pulse_inst/bpm_reg_reg[7]_i_51_n_0
    SLICE_X3Y110         CARRY4 (Prop_carry4_CI_CO[3])
                                                      0.114    49.190 r  pulse_inst/bpm_reg_reg[7]_i_31/CO[3]
                         net (fo=1, routed)           0.000    49.190    pulse_inst/bpm_reg_reg[7]_i_31_n_0
    SLICE_X3Y111         CARRY4 (Prop_carry4_CI_CO[3])
                                                      0.114    49.304 r  pulse_inst/bpm_reg_reg[7]_i_11/CO[3]
                         net (fo=1, routed)           0.000    49.304    pulse_inst/bpm_reg_reg[7]_i_11_n_0
    SLICE_X3Y112         CARRY4 (Prop_carry4_CI_CO[3])
                                                      0.114    49.418 r  pulse_inst/bpm_reg_reg[7]_i_3/CO[3]
                         net (fo=34, routed)          0.925    50.343    pulse_inst/bpm_reg1[6]
    SLICE_X4Y110         LUT6 (Prop_lut6_I0_O)        0.124    50.467 r  pulse_inst/bpm_reg[7]_i_156/O
                         net (fo=1, routed)           0.000    50.467    pulse_inst/bpm_reg[7]_i_156_n_0
    SLICE_X4Y110         CARRY4 (Prop_carry4_S[1]_CO[3])
                                                      0.550    51.017 r  pulse_inst/bpm_reg_reg[7]_i_136/CO[3]
                         net (fo=1, routed)           0.000    51.017    pulse_inst/bpm_reg_reg[7]_i_136_n_0
    SLICE_X4Y111         CARRY4 (Prop_carry4_CI_CO[3])
                                                      0.114    51.131 r  pulse_inst/bpm_reg_reg[7]_i_116/CO[3]
                         net (fo=1, routed)           0.000    51.131    pulse_inst/bpm_reg_reg[7]_i_116_n_0
    SLICE_X4Y112         CARRY4 (Prop_carry4_CI_CO[3])
                                                      0.114    51.245 r  pulse_inst/bpm_reg_reg[7]_i_96/CO[3]
                         net (fo=1, routed)           0.000    51.245    pulse_inst/bpm_reg_reg[7]_i_96_n_0
    SLICE_X4Y113         CARRY4 (Prop_carry4_CI_CO[3])
                                                      0.114    51.359 r  pulse_inst/bpm_reg_reg[7]_i_76/CO[3]
                         net (fo=1, routed)           0.000    51.359    pulse_inst/bpm_reg_reg[7]_i_76_n_0
    SLICE_X4Y114         CARRY4 (Prop_carry4_CI_CO[3])
                                                      0.114    51.473 r  pulse_inst/bpm_reg_reg[7]_i_56/CO[3]
                         net (fo=1, routed)           0.000    51.473    pulse_inst/bpm_reg_reg[7]_i_56_n_0
    SLICE_X4Y115         CARRY4 (Prop_carry4_CI_CO[3])
                                                      0.114    51.587 r  pulse_inst/bpm_reg_reg[7]_i_36/CO[3]
                         net (fo=1, routed)           0.000    51.587    pulse_inst/bpm_reg_reg[7]_i_36_n_0
    SLICE_X4Y116         CARRY4 (Prop_carry4_CI_CO[3])
                                                      0.114    51.701 r  pulse_inst/bpm_reg_reg[7]_i_16/CO[3]
                         net (fo=1, routed)           0.000    51.701    pulse_inst/bpm_reg_reg[7]_i_16_n_0
    SLICE_X4Y117         CARRY4 (Prop_carry4_CI_CO[3])
                                                      0.114    51.815 r  pulse_inst/bpm_reg_reg[7]_i_4/CO[3]
                         net (fo=34, routed)          0.893    52.707    pulse_inst/bpm_reg1[5]
    SLICE_X3Y116         LUT6 (Prop_lut6_I0_O)        0.124    52.831 r  pulse_inst/bpm_reg[7]_i_159/O
                         net (fo=1, routed)           0.000    52.831    pulse_inst/bpm_reg[7]_i_159_n_0
    SLICE_X3Y116         CARRY4 (Prop_carry4_S[1]_CO[3])
                                                      0.550    53.381 r  pulse_inst/bpm_reg_reg[7]_i_141/CO[3]
                         net (fo=1, routed)           0.000    53.381    pulse_inst/bpm_reg_reg[7]_i_141_n_0
    SLICE_X3Y117         CARRY4 (Prop_carry4_CI_CO[3])
                                                      0.114    53.495 r  pulse_inst/bpm_reg_reg[7]_i_121/CO[3]
                         net (fo=1, routed)           0.000    53.495    pulse_inst/bpm_reg_reg[7]_i_121_n_0
    SLICE_X3Y118         CARRY4 (Prop_carry4_CI_CO[3])
                                                      0.114    53.609 r  pulse_inst/bpm_reg_reg[7]_i_101/CO[3]
                         net (fo=1, routed)           0.000    53.609    pulse_inst/bpm_reg_reg[7]_i_101_n_0
    SLICE_X3Y119         CARRY4 (Prop_carry4_CI_CO[3])
                                                      0.114    53.723 r  pulse_inst/bpm_reg_reg[7]_i_81/CO[3]
                         net (fo=1, routed)           0.000    53.723    pulse_inst/bpm_reg_reg[7]_i_81_n_0
    SLICE_X3Y120         CARRY4 (Prop_carry4_CI_CO[3])
                                                      0.114    53.837 r  pulse_inst/bpm_reg_reg[7]_i_61/CO[3]
                         net (fo=1, routed)           0.000    53.837    pulse_inst/bpm_reg_reg[7]_i_61_n_0
    SLICE_X3Y121         CARRY4 (Prop_carry4_CI_CO[3])
                                                      0.114    53.951 r  pulse_inst/bpm_reg_reg[7]_i_41/CO[3]
                         net (fo=1, routed)           0.000    53.951    pulse_inst/bpm_reg_reg[7]_i_41_n_0
    SLICE_X3Y122         CARRY4 (Prop_carry4_CI_CO[3])
                                                      0.114    54.065 r  pulse_inst/bpm_reg_reg[7]_i_21/CO[3]
                         net (fo=1, routed)           0.000    54.065    pulse_inst/bpm_reg_reg[7]_i_21_n_0
    SLICE_X3Y123         CARRY4 (Prop_carry4_CI_CO[3])
                                                      0.114    54.179 r  pulse_inst/bpm_reg_reg[7]_i_5/CO[3]
                         net (fo=35, routed)          1.027    55.206    pulse_inst/bpm_reg1[4]
    SLICE_X2Y122         LUT6 (Prop_lut6_I5_O)        0.124    55.330 r  pulse_inst/bpm_reg[3]_i_148/O
                         net (fo=1, routed)           0.000    55.330    pulse_inst/bpm_reg[3]_i_148_n_0
    SLICE_X2Y122         CARRY4 (Prop_carry4_S[1]_CO[3])
                                                      0.533    55.863 r  pulse_inst/bpm_reg_reg[3]_i_125/CO[3]
                         net (fo=1, routed)           0.000    55.863    pulse_inst/bpm_reg_reg[3]_i_125_n_0
    SLICE_X2Y123         CARRY4 (Prop_carry4_CI_CO[3])
                                                      0.117    55.980 r  pulse_inst/bpm_reg_reg[3]_i_105/CO[3]
                         net (fo=1, routed)           0.000    55.980    pulse_inst/bpm_reg_reg[3]_i_105_n_0
    SLICE_X2Y124         CARRY4 (Prop_carry4_CI_CO[3])
                                                      0.117    56.097 r  pulse_inst/bpm_reg_reg[3]_i_85/CO[3]
                         net (fo=1, routed)           0.009    56.106    pulse_inst/bpm_reg_reg[3]_i_85_n_0
    SLICE_X2Y125         CARRY4 (Prop_carry4_CI_CO[3])
                                                      0.117    56.223 r  pulse_inst/bpm_reg_reg[3]_i_65/CO[3]
                         net (fo=1, routed)           0.000    56.223    pulse_inst/bpm_reg_reg[3]_i_65_n_0
    SLICE_X2Y126         CARRY4 (Prop_carry4_CI_CO[3])
                                                      0.117    56.340 r  pulse_inst/bpm_reg_reg[3]_i_45/CO[3]
                         net (fo=1, routed)           0.000    56.340    pulse_inst/bpm_reg_reg[3]_i_45_n_0
    SLICE_X2Y127         CARRY4 (Prop_carry4_CI_CO[3])
                                                      0.117    56.457 r  pulse_inst/bpm_reg_reg[3]_i_25/CO[3]
                         net (fo=1, routed)           0.000    56.457    pulse_inst/bpm_reg_reg[3]_i_25_n_0
    SLICE_X2Y128         CARRY4 (Prop_carry4_CI_CO[3])
                                                      0.117    56.574 r  pulse_inst/bpm_reg_reg[3]_i_6/CO[3]
                         net (fo=1, routed)           0.000    56.574    pulse_inst/bpm_reg_reg[3]_i_6_n_0
    SLICE_X2Y129         CARRY4 (Prop_carry4_CI_CO[3])
                                                      0.117    56.691 r  pulse_inst/bpm_reg_reg[3]_i_2/CO[3]
                         net (fo=35, routed)          0.708    57.399    pulse_inst/bpm_reg1[3]
    SLICE_X0Y128         LUT6 (Prop_lut6_I5_O)        0.124    57.523 r  pulse_inst/bpm_reg[3]_i_149/O
                         net (fo=1, routed)           0.338    57.861    pulse_inst/bpm_reg[3]_i_149_n_0
    SLICE_X3Y127         CARRY4 (Prop_carry4_DI[1]_CO[3])
                                                      0.507    58.368 r  pulse_inst/bpm_reg_reg[3]_i_130/CO[3]
                         net (fo=1, routed)           0.000    58.368    pulse_inst/bpm_reg_reg[3]_i_130_n_0
    SLICE_X3Y128         CARRY4 (Prop_carry4_CI_CO[3])
                                                      0.114    58.482 r  pulse_inst/bpm_reg_reg[3]_i_110/CO[3]
                         net (fo=1, routed)           0.000    58.482    pulse_inst/bpm_reg_reg[3]_i_110_n_0
    SLICE_X3Y129         CARRY4 (Prop_carry4_CI_CO[3])
                                                      0.114    58.596 r  pulse_inst/bpm_reg_reg[3]_i_90/CO[3]
                         net (fo=1, routed)           0.000    58.596    pulse_inst/bpm_reg_reg[3]_i_90_n_0
    SLICE_X3Y130         CARRY4 (Prop_carry4_CI_CO[3])
                                                      0.114    58.710 r  pulse_inst/bpm_reg_reg[3]_i_70/CO[3]
                         net (fo=1, routed)           0.000    58.710    pulse_inst/bpm_reg_reg[3]_i_70_n_0
    SLICE_X3Y131         CARRY4 (Prop_carry4_CI_CO[3])
                                                      0.114    58.824 r  pulse_inst/bpm_reg_reg[3]_i_50/CO[3]
                         net (fo=1, routed)           0.000    58.824    pulse_inst/bpm_reg_reg[3]_i_50_n_0
    SLICE_X3Y132         CARRY4 (Prop_carry4_CI_CO[3])
                                                      0.114    58.938 r  pulse_inst/bpm_reg_reg[3]_i_30/CO[3]
                         net (fo=1, routed)           0.000    58.938    pulse_inst/bpm_reg_reg[3]_i_30_n_0
    SLICE_X3Y133         CARRY4 (Prop_carry4_CI_CO[3])
                                                      0.114    59.052 r  pulse_inst/bpm_reg_reg[3]_i_11/CO[3]
                         net (fo=1, routed)           0.000    59.052    pulse_inst/bpm_reg_reg[3]_i_11_n_0
    SLICE_X3Y134         CARRY4 (Prop_carry4_CI_CO[3])
                                                      0.114    59.166 r  pulse_inst/bpm_reg_reg[3]_i_3/CO[3]
                         net (fo=35, routed)          1.087    60.253    pulse_inst/bpm_reg1[2]
    SLICE_X5Y127         LUT6 (Prop_lut6_I5_O)        0.124    60.377 r  pulse_inst/bpm_reg[3]_i_153/O
                         net (fo=1, routed)           0.190    60.567    pulse_inst/bpm_reg[3]_i_153_n_0
    SLICE_X4Y127         CARRY4 (Prop_carry4_DI[1]_CO[3])
                                                      0.507    61.074 r  pulse_inst/bpm_reg_reg[3]_i_135/CO[3]
                         net (fo=1, routed)           0.000    61.074    pulse_inst/bpm_reg_reg[3]_i_135_n_0
    SLICE_X4Y128         CARRY4 (Prop_carry4_CI_CO[3])
                                                      0.114    61.188 r  pulse_inst/bpm_reg_reg[3]_i_115/CO[3]
                         net (fo=1, routed)           0.000    61.188    pulse_inst/bpm_reg_reg[3]_i_115_n_0
    SLICE_X4Y129         CARRY4 (Prop_carry4_CI_CO[3])
                                                      0.114    61.302 r  pulse_inst/bpm_reg_reg[3]_i_95/CO[3]
                         net (fo=1, routed)           0.000    61.302    pulse_inst/bpm_reg_reg[3]_i_95_n_0
    SLICE_X4Y130         CARRY4 (Prop_carry4_CI_CO[3])
                                                      0.114    61.416 r  pulse_inst/bpm_reg_reg[3]_i_75/CO[3]
                         net (fo=1, routed)           0.000    61.416    pulse_inst/bpm_reg_reg[3]_i_75_n_0
    SLICE_X4Y131         CARRY4 (Prop_carry4_CI_CO[3])
                                                      0.114    61.530 r  pulse_inst/bpm_reg_reg[3]_i_55/CO[3]
                         net (fo=1, routed)           0.000    61.530    pulse_inst/bpm_reg_reg[3]_i_55_n_0
    SLICE_X4Y132         CARRY4 (Prop_carry4_CI_CO[3])
                                                      0.114    61.644 r  pulse_inst/bpm_reg_reg[3]_i_35/CO[3]
                         net (fo=1, routed)           0.000    61.644    pulse_inst/bpm_reg_reg[3]_i_35_n_0
    SLICE_X4Y133         CARRY4 (Prop_carry4_CI_CO[3])
                                                      0.114    61.758 r  pulse_inst/bpm_reg_reg[3]_i_16/CO[3]
                         net (fo=1, routed)           0.000    61.758    pulse_inst/bpm_reg_reg[3]_i_16_n_0
    SLICE_X4Y134         CARRY4 (Prop_carry4_CI_CO[3])
                                                      0.114    61.872 r  pulse_inst/bpm_reg_reg[3]_i_4/CO[3]
                         net (fo=35, routed)          0.737    62.609    pulse_inst/bpm_reg1[1]
    SLICE_X7Y134         LUT6 (Prop_lut6_I5_O)        0.124    62.733 r  pulse_inst/bpm_reg[3]_i_157/O
                         net (fo=1, routed)           0.929    63.662    pulse_inst/bpm_reg[3]_i_157_n_0
    SLICE_X5Y128         CARRY4 (Prop_carry4_DI[0]_CO[3])
                                                      0.633    64.295 r  pulse_inst/bpm_reg_reg[3]_i_140/CO[3]
                         net (fo=1, routed)           0.000    64.295    pulse_inst/bpm_reg_reg[3]_i_140_n_0
    SLICE_X5Y129         CARRY4 (Prop_carry4_CI_CO[3])
                                                      0.114    64.409 r  pulse_inst/bpm_reg_reg[3]_i_120/CO[3]
                         net (fo=1, routed)           0.000    64.409    pulse_inst/bpm_reg_reg[3]_i_120_n_0
    SLICE_X5Y130         CARRY4 (Prop_carry4_CI_CO[3])
                                                      0.114    64.523 r  pulse_inst/bpm_reg_reg[3]_i_100/CO[3]
                         net (fo=1, routed)           0.000    64.523    pulse_inst/bpm_reg_reg[3]_i_100_n_0
    SLICE_X5Y131         CARRY4 (Prop_carry4_CI_CO[3])
                                                      0.114    64.637 r  pulse_inst/bpm_reg_reg[3]_i_80/CO[3]
                         net (fo=1, routed)           0.000    64.637    pulse_inst/bpm_reg_reg[3]_i_80_n_0
    SLICE_X5Y132         CARRY4 (Prop_carry4_CI_CO[3])
                                                      0.114    64.751 r  pulse_inst/bpm_reg_reg[3]_i_60/CO[3]
                         net (fo=1, routed)           0.000    64.751    pulse_inst/bpm_reg_reg[3]_i_60_n_0
    SLICE_X5Y133         CARRY4 (Prop_carry4_CI_CO[3])
                                                      0.114    64.865 r  pulse_inst/bpm_reg_reg[3]_i_40/CO[3]
                         net (fo=1, routed)           0.000    64.865    pulse_inst/bpm_reg_reg[3]_i_40_n_0
    SLICE_X5Y134         CARRY4 (Prop_carry4_CI_CO[3])
                                                      0.114    64.979 r  pulse_inst/bpm_reg_reg[3]_i_21/CO[3]
                         net (fo=1, routed)           0.000    64.979    pulse_inst/bpm_reg_reg[3]_i_21_n_0
    SLICE_X5Y135         CARRY4 (Prop_carry4_CI_CO[2])
                                                      0.228    65.207 r  pulse_inst/bpm_reg_reg[3]_i_5/CO[2]
                         net (fo=1, routed)           0.662    65.869    pulse_inst/bpm_reg1[0]
    SLICE_X4Y135         CARRY4 (Prop_carry4_S[0]_CO[3])
                                                      0.845    66.714 r  pulse_inst/bpm_reg_reg[3]_i_1/CO[3]
                         net (fo=1, routed)           0.000    66.714    pulse_inst/bpm_reg_reg[3]_i_1_n_0
    SLICE_X4Y136         CARRY4 (Prop_carry4_CI_CO[3])
                                                      0.114    66.828 r  pulse_inst/bpm_reg_reg[7]_i_1/CO[3]
                         net (fo=1, routed)           0.000    66.828    pulse_inst/bpm_reg_reg[7]_i_1_n_0
    SLICE_X4Y137         CARRY4 (Prop_carry4_CI_CO[3])
                                                      0.114    66.942 r  pulse_inst/bpm_reg_reg[11]_i_1/CO[3]
                         net (fo=1, routed)           0.000    66.942    pulse_inst/bpm_reg_reg[11]_i_1_n_0
    SLICE_X4Y138         CARRY4 (Prop_carry4_CI_O[2])
                                                      0.239    67.181 r  pulse_inst/bpm_reg_reg[15]_i_2/O[2]
                         net (fo=1, routed)           0.000    67.181    pulse_inst/bpm_reg_reg[15]_i_2_n_5
    SLICE_X4Y138         FDRE                                         r  pulse_inst/bpm_reg_reg[14]/D
  -------------------------------------------------------------------    -------------------

                         (clock sys_clk_pin rise edge)
                                                     10.000    10.000 r  
    W5                                                0.000    10.000 r  clk (IN)
                         net (fo=0)                   0.000    10.000    clk
    W5                   IBUF (Prop_ibuf_I_O)         1.388    11.388 r  clk_IBUF_inst/O
                         net (fo=1, routed)           1.862    13.250    clk_IBUF
    BUFGCTRL_X0Y1        BUFG (Prop_bufg_I_O)         0.091    13.341 r  clk_IBUF_BUFG_inst/O
                         net (fo=236, routed)         1.679    15.020    pulse_inst/clk_IBUF_BUFG
    SLICE_X4Y138         FDRE                                         r  pulse_inst/bpm_reg_reg[14]/C
                         clock pessimism              0.187    15.207    
                         clock uncertainty           -0.035    15.172    
    SLICE_X4Y138         FDRE (Setup_fdre_C_D)        0.062    15.234    pulse_inst/bpm_reg_reg[14]
  -------------------------------------------------------------------
                         required time                         15.234    
                         arrival time                         -67.181    
  -------------------------------------------------------------------
                         slack                                -51.947    

Slack (VIOLATED) :        -51.931ns  (required time - arrival time)
  Source:                 pulse_inst/beat_count_reg[2]_replica_12/C
                            (rising edge-triggered cell FDRE clocked by sys_clk_pin  {rise@0.000ns fall@5.000ns period=10.000ns})
  Destination:            pulse_inst/bpm_reg_reg[12]/D
                            (rising edge-triggered cell FDRE clocked by sys_clk_pin  {rise@0.000ns fall@5.000ns period=10.000ns})
  Path Group:             sys_clk_pin
  Path Type:              Setup (Max at Slow Process Corner)
  Requirement:            10.000ns  (sys_clk_pin rise@10.000ns - sys_clk_pin rise@0.000ns)
  Data Path Delay:        62.032ns  (logic 29.400ns (47.395%)  route 32.632ns (52.605%))
  Logic Levels:           172  (CARRY4=134 LUT4=2 LUT5=12 LUT6=24)
  Clock Path Skew:        0.074ns (DCD - SCD + CPR)
    Destination Clock Delay (DCD):    5.020ns = ( 15.020 - 10.000 ) 
    Source Clock Delay      (SCD):    5.133ns
    Clock Pessimism Removal (CPR):    0.187ns
  Clock Uncertainty:      0.035ns  ((TSJ^2 + TIJ^2)^1/2 + DJ) / 2 + PE
    Total System Jitter     (TSJ):    0.071ns
    Total Input Jitter      (TIJ):    0.000ns
    Discrete Jitter          (DJ):    0.000ns
    Phase Error              (PE):    0.000ns

    Location             Delay type                Incr(ns)  Path(ns)    Netlist Resource(s)
  -------------------------------------------------------------------    -------------------
                         (clock sys_clk_pin rise edge)
                                                      0.000     0.000 r  
    W5                                                0.000     0.000 r  clk (IN)
                         net (fo=0)                   0.000     0.000    clk
    W5                   IBUF (Prop_ibuf_I_O)         1.458     1.458 r  clk_IBUF_inst/O
                         net (fo=1, routed)           1.967     3.425    clk_IBUF
    BUFGCTRL_X0Y1        BUFG (Prop_bufg_I_O)         0.096     3.521 r  clk_IBUF_BUFG_inst/O
                         net (fo=236, routed)         1.612     5.133    pulse_inst/clk_IBUF_BUFG
    SLICE_X5Y81          FDRE                                         r  pulse_inst/beat_count_reg[2]_replica_12/C
  -------------------------------------------------------------------    -------------------
    SLICE_X5Y81          FDRE (Prop_fdre_C_Q)         0.456     5.589 r  pulse_inst/beat_count_reg[2]_replica_12/Q
                         net (fo=85, routed)          1.401     6.989    pulse_inst/beat_count_reg_n_0_[2]_repN_12
    SLICE_X2Y81          LUT6 (Prop_lut6_I0_O)        0.124     7.113 f  pulse_inst/bpm_reg[15]_i_217/O
                         net (fo=2, routed)           0.495     7.609    pulse_inst/bpm_reg[15]_i_217_n_0
    SLICE_X2Y81          LUT6 (Prop_lut6_I0_O)        0.124     7.733 r  pulse_inst/bpm_reg[15]_i_130/O
                         net (fo=2, routed)           0.653     8.385    pulse_inst/bpm_reg[15]_i_130_n_0
    SLICE_X3Y82          LUT5 (Prop_lut5_I0_O)        0.124     8.509 r  pulse_inst/bpm_reg[15]_i_134/O
                         net (fo=1, routed)           0.000     8.509    pulse_inst/bpm_reg[15]_i_134_n_0
    SLICE_X3Y82          CARRY4 (Prop_carry4_S[1]_CO[3])
                                                      0.550     9.059 r  pulse_inst/bpm_reg_reg[15]_i_86/CO[3]
                         net (fo=1, routed)           0.000     9.059    pulse_inst/bpm_reg_reg[15]_i_86_n_0
    SLICE_X3Y83          CARRY4 (Prop_carry4_CI_O[0])
                                                      0.222     9.281 r  pulse_inst/bpm_reg_reg[15]_i_53/O[0]
                         net (fo=12, routed)          0.883    10.164    pulse_inst/bpm_reg_reg[15]_i_53_n_7
    SLICE_X2Y82          LUT6 (Prop_lut6_I0_O)        0.299    10.463 r  pulse_inst/bpm_reg[15]_i_120/O
                         net (fo=6, routed)           0.361    10.825    pulse_inst/bpm_reg[15]_i_120_n_0
    SLICE_X2Y83          LUT5 (Prop_lut5_I3_O)        0.124    10.949 r  pulse_inst/bpm_reg[15]_i_179/O
                         net (fo=2, routed)           0.601    11.550    pulse_inst/bpm_reg[15]_i_179_n_0
    SLICE_X2Y82          LUT6 (Prop_lut6_I0_O)        0.124    11.674 r  pulse_inst/bpm_reg[15]_i_119/O
                         net (fo=5, routed)           0.609    12.283    pulse_inst/bpm_reg[15]_i_119_n_0
    SLICE_X0Y82          LUT5 (Prop_lut5_I0_O)        0.124    12.407 f  pulse_inst/bpm_reg[15]_i_122/O
                         net (fo=11, routed)          0.876    13.282    pulse_inst/bpm_reg[15]_i_122_n_0
    SLICE_X4Y82          LUT5 (Prop_lut5_I2_O)        0.124    13.406 r  pulse_inst/bpm_reg[15]_i_121/O
                         net (fo=4, routed)           0.334    13.741    pulse_inst/bpm_reg[15]_i_121_n_0
    SLICE_X4Y83          LUT5 (Prop_lut5_I1_O)        0.124    13.865 r  pulse_inst/bpm_reg[15]_i_274/O
                         net (fo=1, routed)           0.306    14.170    pulse_inst/bpm_reg[15]_i_274_n_0
    SLICE_X4Y81          LUT4 (Prop_lut4_I0_O)        0.124    14.294 r  pulse_inst/bpm_reg[15]_i_190/O
                         net (fo=1, routed)           0.821    15.116    pulse_inst/bpm_reg[15]_i_190_n_0
    SLICE_X2Y81          LUT6 (Prop_lut6_I2_O)        0.124    15.240 r  pulse_inst/bpm_reg[15]_i_123_comp/O
                         net (fo=6, routed)           0.488    15.728    pulse_inst/bpm_reg[15]_i_123_n_0
    SLICE_X0Y80          LUT5 (Prop_lut5_I2_O)        0.124    15.852 r  pulse_inst/bpm_reg[15]_i_203/O
                         net (fo=3, routed)           0.451    16.303    pulse_inst/bpm_reg[15]_i_203_n_0
    SLICE_X0Y80          LUT5 (Prop_lut5_I4_O)        0.124    16.427 r  pulse_inst/bpm_reg[15]_i_126/O
                         net (fo=11, routed)          0.522    16.949    pulse_inst/bpm_reg[15]_i_126_n_0
    SLICE_X4Y79          LUT5 (Prop_lut5_I2_O)        0.124    17.073 f  pulse_inst/bpm_reg[15]_i_251/O
                         net (fo=6, routed)           0.838    17.910    pulse_inst/bpm_reg[15]_i_251_n_0
    SLICE_X7Y79          LUT6 (Prop_lut6_I1_O)        0.124    18.034 r  pulse_inst/bpm_reg[15]_i_166_comp/O
                         net (fo=10, routed)          0.375    18.410    pulse_inst/bpm_reg[15]_i_166_n_0
    SLICE_X6Y80          LUT5 (Prop_lut5_I2_O)        0.124    18.534 r  pulse_inst/bpm_reg[15]_i_247/O
                         net (fo=4, routed)           0.184    18.717    pulse_inst/bpm_reg[15]_i_247_n_0
    SLICE_X6Y80          LUT4 (Prop_lut4_I0_O)        0.124    18.841 f  pulse_inst/bpm_reg[15]_i_255/O
                         net (fo=5, routed)           0.711    19.552    pulse_inst/bpm_reg[15]_i_255_n_0
    SLICE_X7Y81          LUT6 (Prop_lut6_I1_O)        0.124    19.676 r  pulse_inst/bpm_reg[15]_i_168_comp/O
                         net (fo=10, routed)          0.485    20.161    pulse_inst/bpm_reg[15]_i_168_n_0
    SLICE_X6Y82          LUT5 (Prop_lut5_I2_O)        0.124    20.285 r  pulse_inst/bpm_reg[15]_i_253/O
                         net (fo=4, routed)           0.185    20.470    pulse_inst/bpm_reg[15]_i_253_n_0
    SLICE_X6Y82          LUT5 (Prop_lut5_I3_O)        0.124    20.594 r  pulse_inst/bpm_reg[15]_i_167/O
                         net (fo=10, routed)          0.511    21.105    pulse_inst/bpm_reg[15]_i_167_n_0
    SLICE_X6Y85          LUT5 (Prop_lut5_I4_O)        0.124    21.229 f  pulse_inst/bpm_reg[15]_i_260/O
                         net (fo=7, routed)           0.644    21.872    pulse_inst/bpm_reg[15]_i_260_n_0
    SLICE_X5Y84          LUT6 (Prop_lut6_I1_O)        0.124    21.996 r  pulse_inst/bpm_reg[15]_i_169_comp/O
                         net (fo=10, routed)          0.923    22.919    pulse_inst/bpm_reg[15]_i_169_n_0
    SLICE_X5Y85          LUT6 (Prop_lut6_I3_O)        0.124    23.043 r  pulse_inst/bpm_reg[15]_i_177/O
                         net (fo=3, routed)           0.439    23.482    pulse_inst/bpm_reg[15]_i_177_n_0
    SLICE_X4Y85          LUT6 (Prop_lut6_I1_O)        0.124    23.606 f  pulse_inst/bpm_reg[15]_i_116/O
                         net (fo=27, routed)          0.359    23.965    pulse_inst/bpm_reg[15]_i_116_n_0
    SLICE_X6Y85          LUT6 (Prop_lut6_I4_O)        0.124    24.089 r  pulse_inst/bpm_reg[15]_i_332/O
                         net (fo=1, routed)           0.333    24.422    pulse_inst/bpm_reg[15]_i_332_n_0
    SLICE_X7Y87          CARRY4 (Prop_carry4_CYINIT_CO[3])
                                                      0.580    25.002 r  pulse_inst/bpm_reg_reg[15]_i_294/CO[3]
                         net (fo=1, routed)           0.000    25.002    pulse_inst/bpm_reg_reg[15]_i_294_n_0
    SLICE_X7Y88          CARRY4 (Prop_carry4_CI_CO[3])
                                                      0.114    25.116 r  pulse_inst/bpm_reg_reg[15]_i_222/CO[3]
                         net (fo=1, routed)           0.000    25.116    pulse_inst/bpm_reg_reg[15]_i_222_n_0
    SLICE_X7Y89          CARRY4 (Prop_carry4_CI_CO[3])
                                                      0.114    25.230 r  pulse_inst/bpm_reg_reg[15]_i_140/CO[3]
                         net (fo=1, routed)           0.000    25.230    pulse_inst/bpm_reg_reg[15]_i_140_n_0
    SLICE_X7Y90          CARRY4 (Prop_carry4_CI_CO[3])
                                                      0.114    25.344 r  pulse_inst/bpm_reg_reg[15]_i_89/CO[3]
                         net (fo=1, routed)           0.000    25.344    pulse_inst/bpm_reg_reg[15]_i_89_n_0
    SLICE_X7Y91          CARRY4 (Prop_carry4_CI_CO[3])
                                                      0.114    25.458 r  pulse_inst/bpm_reg_reg[15]_i_54/CO[3]
                         net (fo=1, routed)           0.000    25.458    pulse_inst/bpm_reg_reg[15]_i_54_n_0
    SLICE_X7Y92          CARRY4 (Prop_carry4_CI_CO[3])
                                                      0.114    25.572 r  pulse_inst/bpm_reg_reg[15]_i_28/CO[3]
                         net (fo=1, routed)           0.000    25.572    pulse_inst/bpm_reg_reg[15]_i_28_n_0
    SLICE_X7Y93          CARRY4 (Prop_carry4_CI_CO[3])
                                                      0.114    25.686 r  pulse_inst/bpm_reg_reg[15]_i_9/CO[3]
                         net (fo=1, routed)           0.000    25.686    pulse_inst/bpm_reg_reg[15]_i_9_n_0
    SLICE_X7Y94          CARRY4 (Prop_carry4_CI_CO[1])
                                                      0.157    25.843 r  pulse_inst/bpm_reg_reg[15]_i_4/CO[1]
                         net (fo=34, routed)          1.013    26.856    pulse_inst/bpm_reg1[15]
    SLICE_X8Y87          CARRY4 (Prop_carry4_CYINIT_CO[3])
                                                      0.800    27.656 r  pulse_inst/bpm_reg_reg[15]_i_303/CO[3]
                         net (fo=1, routed)           0.000    27.656    pulse_inst/bpm_reg_reg[15]_i_303_n_0
    SLICE_X8Y88          CARRY4 (Prop_carry4_CI_CO[3])
                                                      0.117    27.773 r  pulse_inst/bpm_reg_reg[15]_i_231/CO[3]
                         net (fo=1, routed)           0.000    27.773    pulse_inst/bpm_reg_reg[15]_i_231_n_0
    SLICE_X8Y89          CARRY4 (Prop_carry4_CI_CO[3])
                                                      0.117    27.890 r  pulse_inst/bpm_reg_reg[15]_i_149/CO[3]
                         net (fo=1, routed)           0.000    27.890    pulse_inst/bpm_reg_reg[15]_i_149_n_0
    SLICE_X8Y90          CARRY4 (Prop_carry4_CI_CO[3])
                                                      0.117    28.007 r  pulse_inst/bpm_reg_reg[15]_i_92/CO[3]
                         net (fo=1, routed)           0.000    28.007    pulse_inst/bpm_reg_reg[15]_i_92_n_0
    SLICE_X8Y91          CARRY4 (Prop_carry4_CI_CO[3])
                                                      0.117    28.124 r  pulse_inst/bpm_reg_reg[15]_i_55/CO[3]
                         net (fo=1, routed)           0.000    28.124    pulse_inst/bpm_reg_reg[15]_i_55_n_0
    SLICE_X8Y92          CARRY4 (Prop_carry4_CI_CO[3])
                                                      0.117    28.241 r  pulse_inst/bpm_reg_reg[15]_i_29/CO[3]
                         net (fo=1, routed)           0.000    28.241    pulse_inst/bpm_reg_reg[15]_i_29_n_0
    SLICE_X8Y93          CARRY4 (Prop_carry4_CI_CO[3])
                                                      0.117    28.358 r  pulse_inst/bpm_reg_reg[15]_i_10/CO[3]
                         net (fo=1, routed)           0.000    28.358    pulse_inst/bpm_reg_reg[15]_i_10_n_0
    SLICE_X8Y94          CARRY4 (Prop_carry4_CI_CO[3])
                                                      0.117    28.475 r  pulse_inst/bpm_reg_reg[15]_i_5/CO[3]
                         net (fo=34, routed)          1.318    29.793    pulse_inst/bpm_reg1[14]
    SLICE_X6Y86          CARRY4 (Prop_carry4_CYINIT_CO[3])
                                                      0.595    30.388 r  pulse_inst/bpm_reg_reg[15]_i_308/CO[3]
                         net (fo=1, routed)           0.000    30.388    pulse_inst/bpm_reg_reg[15]_i_308_n_0
    SLICE_X6Y87          CARRY4 (Prop_carry4_CI_CO[3])
                                                      0.117    30.505 r  pulse_inst/bpm_reg_reg[15]_i_236/CO[3]
                         net (fo=1, routed)           0.000    30.505    pulse_inst/bpm_reg_reg[15]_i_236_n_0
    SLICE_X6Y88          CARRY4 (Prop_carry4_CI_CO[3])
                                                      0.117    30.622 r  pulse_inst/bpm_reg_reg[15]_i_155/CO[3]
                         net (fo=1, routed)           0.000    30.622    pulse_inst/bpm_reg_reg[15]_i_155_n_0
    SLICE_X6Y89          CARRY4 (Prop_carry4_CI_CO[3])
                                                      0.117    30.739 r  pulse_inst/bpm_reg_reg[15]_i_97/CO[3]
                         net (fo=1, routed)           0.000    30.739    pulse_inst/bpm_reg_reg[15]_i_97_n_0
    SLICE_X6Y90          CARRY4 (Prop_carry4_CI_CO[3])
                                                      0.117    30.856 r  pulse_inst/bpm_reg_reg[15]_i_60/CO[3]
                         net (fo=1, routed)           0.000    30.856    pulse_inst/bpm_reg_reg[15]_i_60_n_0
    SLICE_X6Y91          CARRY4 (Prop_carry4_CI_CO[3])
                                                      0.117    30.973 r  pulse_inst/bpm_reg_reg[15]_i_34/CO[3]
                         net (fo=1, routed)           0.000    30.973    pulse_inst/bpm_reg_reg[15]_i_34_n_0
    SLICE_X6Y92          CARRY4 (Prop_carry4_CI_CO[3])
                                                      0.117    31.090 r  pulse_inst/bpm_reg_reg[15]_i_15/CO[3]
                         net (fo=1, routed)           0.000    31.090    pulse_inst/bpm_reg_reg[15]_i_15_n_0
    SLICE_X6Y93          CARRY4 (Prop_carry4_CI_CO[3])
                                                      0.117    31.207 r  pulse_inst/bpm_reg_reg[15]_i_6/CO[3]
                         net (fo=34, routed)          1.183    32.390    pulse_inst/bpm_reg1[13]
    SLICE_X5Y86          LUT6 (Prop_lut6_I0_O)        0.124    32.514 r  pulse_inst/bpm_reg[15]_i_350/O
                         net (fo=1, routed)           0.000    32.514    pulse_inst/bpm_reg[15]_i_350_n_0
    SLICE_X5Y86          CARRY4 (Prop_carry4_S[1]_CO[3])
                                                      0.550    33.064 r  pulse_inst/bpm_reg_reg[15]_i_313/CO[3]
                         net (fo=1, routed)           0.000    33.064    pulse_inst/bpm_reg_reg[15]_i_313_n_0
    SLICE_X5Y87          CARRY4 (Prop_carry4_CI_CO[3])
                                                      0.114    33.178 r  pulse_inst/bpm_reg_reg[15]_i_241/CO[3]
                         net (fo=1, routed)           0.000    33.178    pulse_inst/bpm_reg_reg[15]_i_241_n_0
    SLICE_X5Y88          CARRY4 (Prop_carry4_CI_CO[3])
                                                      0.114    33.292 r  pulse_inst/bpm_reg_reg[15]_i_160/CO[3]
                         net (fo=1, routed)           0.000    33.292    pulse_inst/bpm_reg_reg[15]_i_160_n_0
    SLICE_X5Y89          CARRY4 (Prop_carry4_CI_CO[3])
                                                      0.114    33.406 r  pulse_inst/bpm_reg_reg[15]_i_102/CO[3]
                         net (fo=1, routed)           0.000    33.406    pulse_inst/bpm_reg_reg[15]_i_102_n_0
    SLICE_X5Y90          CARRY4 (Prop_carry4_CI_CO[3])
                                                      0.114    33.520 r  pulse_inst/bpm_reg_reg[15]_i_65/CO[3]
                         net (fo=1, routed)           0.000    33.520    pulse_inst/bpm_reg_reg[15]_i_65_n_0
    SLICE_X5Y91          CARRY4 (Prop_carry4_CI_CO[3])
                                                      0.114    33.634 r  pulse_inst/bpm_reg_reg[15]_i_39/CO[3]
                         net (fo=1, routed)           0.000    33.634    pulse_inst/bpm_reg_reg[15]_i_39_n_0
    SLICE_X5Y92          CARRY4 (Prop_carry4_CI_CO[3])
                                                      0.114    33.748 r  pulse_inst/bpm_reg_reg[15]_i_20/CO[3]
                         net (fo=1, routed)           0.000    33.748    pulse_inst/bpm_reg_reg[15]_i_20_n_0
    SLICE_X5Y93          CARRY4 (Prop_carry4_CI_CO[3])
                                                      0.114    33.862 r  pulse_inst/bpm_reg_reg[15]_i_7/CO[3]
                         net (fo=35, routed)          0.989    34.852    pulse_inst/bpm_reg1[12]
    SLICE_X2Y86          LUT6 (Prop_lut6_I5_O)        0.124    34.976 r  pulse_inst/bpm_reg[11]_i_146/O
                         net (fo=1, routed)           0.349    35.325    pulse_inst/bpm_reg[11]_i_146_n_0
    SLICE_X4Y87          CARRY4 (Prop_carry4_DI[1]_CO[3])
                                                      0.507    35.832 r  pulse_inst/bpm_reg_reg[11]_i_126/CO[3]
                         net (fo=1, routed)           0.000    35.832    pulse_inst/bpm_reg_reg[11]_i_126_n_0
    SLICE_X4Y88          CARRY4 (Prop_carry4_CI_CO[3])
                                                      0.114    35.946 r  pulse_inst/bpm_reg_reg[11]_i_106/CO[3]
                         net (fo=1, routed)           0.000    35.946    pulse_inst/bpm_reg_reg[11]_i_106_n_0
    SLICE_X4Y89          CARRY4 (Prop_carry4_CI_CO[3])
                                                      0.114    36.060 r  pulse_inst/bpm_reg_reg[11]_i_86/CO[3]
                         net (fo=1, routed)           0.000    36.060    pulse_inst/bpm_reg_reg[11]_i_86_n_0
    SLICE_X4Y90          CARRY4 (Prop_carry4_CI_CO[3])
                                                      0.114    36.174 r  pulse_inst/bpm_reg_reg[11]_i_66/CO[3]
                         net (fo=1, routed)           0.000    36.174    pulse_inst/bpm_reg_reg[11]_i_66_n_0
    SLICE_X4Y91          CARRY4 (Prop_carry4_CI_CO[3])
                                                      0.114    36.288 r  pulse_inst/bpm_reg_reg[11]_i_46/CO[3]
                         net (fo=1, routed)           0.000    36.288    pulse_inst/bpm_reg_reg[11]_i_46_n_0
    SLICE_X4Y92          CARRY4 (Prop_carry4_CI_CO[3])
                                                      0.114    36.402 r  pulse_inst/bpm_reg_reg[11]_i_26/CO[3]
                         net (fo=1, routed)           0.000    36.402    pulse_inst/bpm_reg_reg[11]_i_26_n_0
    SLICE_X4Y93          CARRY4 (Prop_carry4_CI_CO[3])
                                                      0.114    36.516 r  pulse_inst/bpm_reg_reg[11]_i_6/CO[3]
                         net (fo=1, routed)           0.000    36.516    pulse_inst/bpm_reg_reg[11]_i_6_n_0
    SLICE_X4Y94          CARRY4 (Prop_carry4_CI_CO[3])
                                                      0.114    36.630 r  pulse_inst/bpm_reg_reg[11]_i_2/CO[3]
                         net (fo=34, routed)          1.067    37.696    pulse_inst/bpm_reg1[11]
    SLICE_X3Y88          LUT6 (Prop_lut6_I0_O)        0.124    37.820 r  pulse_inst/bpm_reg[11]_i_152/O
                         net (fo=1, routed)           0.000    37.820    pulse_inst/bpm_reg[11]_i_152_n_0
    SLICE_X3Y88          CARRY4 (Prop_carry4_S[1]_CO[3])
                                                      0.550    38.370 r  pulse_inst/bpm_reg_reg[11]_i_131/CO[3]
                         net (fo=1, routed)           0.000    38.370    pulse_inst/bpm_reg_reg[11]_i_131_n_0
    SLICE_X3Y89          CARRY4 (Prop_carry4_CI_CO[3])
                                                      0.114    38.484 r  pulse_inst/bpm_reg_reg[11]_i_111/CO[3]
                         net (fo=1, routed)           0.000    38.484    pulse_inst/bpm_reg_reg[11]_i_111_n_0
    SLICE_X3Y90          CARRY4 (Prop_carry4_CI_CO[3])
                                                      0.114    38.598 r  pulse_inst/bpm_reg_reg[11]_i_91/CO[3]
                         net (fo=1, routed)           0.000    38.598    pulse_inst/bpm_reg_reg[11]_i_91_n_0
    SLICE_X3Y91          CARRY4 (Prop_carry4_CI_CO[3])
                                                      0.114    38.712 r  pulse_inst/bpm_reg_reg[11]_i_71/CO[3]
                         net (fo=1, routed)           0.000    38.712    pulse_inst/bpm_reg_reg[11]_i_71_n_0
    SLICE_X3Y92          CARRY4 (Prop_carry4_CI_CO[3])
                                                      0.114    38.826 r  pulse_inst/bpm_reg_reg[11]_i_51/CO[3]
                         net (fo=1, routed)           0.000    38.826    pulse_inst/bpm_reg_reg[11]_i_51_n_0
    SLICE_X3Y93          CARRY4 (Prop_carry4_CI_CO[3])
                                                      0.114    38.940 r  pulse_inst/bpm_reg_reg[11]_i_31/CO[3]
                         net (fo=1, routed)           0.000    38.940    pulse_inst/bpm_reg_reg[11]_i_31_n_0
    SLICE_X3Y94          CARRY4 (Prop_carry4_CI_CO[3])
                                                      0.114    39.054 r  pulse_inst/bpm_reg_reg[11]_i_11/CO[3]
                         net (fo=1, routed)           0.000    39.054    pulse_inst/bpm_reg_reg[11]_i_11_n_0
    SLICE_X3Y95          CARRY4 (Prop_carry4_CI_CO[3])
                                                      0.114    39.168 r  pulse_inst/bpm_reg_reg[11]_i_3/CO[3]
                         net (fo=35, routed)          0.844    40.012    pulse_inst/bpm_reg1[10]
    SLICE_X1Y95          LUT6 (Prop_lut6_I5_O)        0.124    40.136 r  pulse_inst/bpm_reg[11]_i_153/O
                         net (fo=1, routed)           0.528    40.664    pulse_inst/bpm_reg[11]_i_153_n_0
    SLICE_X2Y89          CARRY4 (Prop_carry4_DI[1]_CO[3])
                                                      0.520    41.184 r  pulse_inst/bpm_reg_reg[11]_i_136/CO[3]
                         net (fo=1, routed)           0.000    41.184    pulse_inst/bpm_reg_reg[11]_i_136_n_0
    SLICE_X2Y90          CARRY4 (Prop_carry4_CI_CO[3])
                                                      0.117    41.301 r  pulse_inst/bpm_reg_reg[11]_i_116/CO[3]
                         net (fo=1, routed)           0.000    41.301    pulse_inst/bpm_reg_reg[11]_i_116_n_0
    SLICE_X2Y91          CARRY4 (Prop_carry4_CI_CO[3])
                                                      0.117    41.418 r  pulse_inst/bpm_reg_reg[11]_i_96/CO[3]
                         net (fo=1, routed)           0.000    41.418    pulse_inst/bpm_reg_reg[11]_i_96_n_0
    SLICE_X2Y92          CARRY4 (Prop_carry4_CI_CO[3])
                                                      0.117    41.535 r  pulse_inst/bpm_reg_reg[11]_i_76/CO[3]
                         net (fo=1, routed)           0.000    41.535    pulse_inst/bpm_reg_reg[11]_i_76_n_0
    SLICE_X2Y93          CARRY4 (Prop_carry4_CI_CO[3])
                                                      0.117    41.652 r  pulse_inst/bpm_reg_reg[11]_i_56/CO[3]
                         net (fo=1, routed)           0.000    41.652    pulse_inst/bpm_reg_reg[11]_i_56_n_0
    SLICE_X2Y94          CARRY4 (Prop_carry4_CI_CO[3])
                                                      0.117    41.769 r  pulse_inst/bpm_reg_reg[11]_i_36/CO[3]
                         net (fo=1, routed)           0.000    41.769    pulse_inst/bpm_reg_reg[11]_i_36_n_0
    SLICE_X2Y95          CARRY4 (Prop_carry4_CI_CO[3])
                                                      0.117    41.886 r  pulse_inst/bpm_reg_reg[11]_i_16/CO[3]
                         net (fo=1, routed)           0.000    41.886    pulse_inst/bpm_reg_reg[11]_i_16_n_0
    SLICE_X2Y96          CARRY4 (Prop_carry4_CI_CO[3])
                                                      0.117    42.003 r  pulse_inst/bpm_reg_reg[11]_i_4/CO[3]
                         net (fo=34, routed)          0.952    42.955    pulse_inst/bpm_reg1[9]
    SLICE_X0Y94          LUT6 (Prop_lut6_I0_O)        0.124    43.079 r  pulse_inst/bpm_reg[11]_i_159/O
                         net (fo=1, routed)           0.000    43.079    pulse_inst/bpm_reg[11]_i_159_n_0
    SLICE_X0Y94          CARRY4 (Prop_carry4_S[1]_CO[3])
                                                      0.550    43.629 r  pulse_inst/bpm_reg_reg[11]_i_141/CO[3]
                         net (fo=1, routed)           0.000    43.629    pulse_inst/bpm_reg_reg[11]_i_141_n_0
    SLICE_X0Y95          CARRY4 (Prop_carry4_CI_CO[3])
                                                      0.114    43.743 r  pulse_inst/bpm_reg_reg[11]_i_121/CO[3]
                         net (fo=1, routed)           0.000    43.743    pulse_inst/bpm_reg_reg[11]_i_121_n_0
    SLICE_X0Y96          CARRY4 (Prop_carry4_CI_CO[3])
                                                      0.114    43.857 r  pulse_inst/bpm_reg_reg[11]_i_101/CO[3]
                         net (fo=1, routed)           0.000    43.857    pulse_inst/bpm_reg_reg[11]_i_101_n_0
    SLICE_X0Y97          CARRY4 (Prop_carry4_CI_CO[3])
                                                      0.114    43.971 r  pulse_inst/bpm_reg_reg[11]_i_81/CO[3]
                         net (fo=1, routed)           0.000    43.971    pulse_inst/bpm_reg_reg[11]_i_81_n_0
    SLICE_X0Y98          CARRY4 (Prop_carry4_CI_CO[3])
                                                      0.114    44.085 r  pulse_inst/bpm_reg_reg[11]_i_61/CO[3]
                         net (fo=1, routed)           0.000    44.085    pulse_inst/bpm_reg_reg[11]_i_61_n_0
    SLICE_X0Y99          CARRY4 (Prop_carry4_CI_CO[3])
                                                      0.114    44.199 r  pulse_inst/bpm_reg_reg[11]_i_41/CO[3]
                         net (fo=1, routed)           0.001    44.199    pulse_inst/bpm_reg_reg[11]_i_41_n_0
    SLICE_X0Y100         CARRY4 (Prop_carry4_CI_CO[3])
                                                      0.114    44.313 r  pulse_inst/bpm_reg_reg[11]_i_21/CO[3]
                         net (fo=1, routed)           0.000    44.313    pulse_inst/bpm_reg_reg[11]_i_21_n_0
    SLICE_X0Y101         CARRY4 (Prop_carry4_CI_CO[3])
                                                      0.114    44.427 r  pulse_inst/bpm_reg_reg[11]_i_5/CO[3]
                         net (fo=35, routed)          0.706    45.134    pulse_inst/bpm_reg1[8]
    SLICE_X3Y101         LUT6 (Prop_lut6_I5_O)        0.124    45.258 r  pulse_inst/bpm_reg[7]_i_146/O
                         net (fo=1, routed)           0.331    45.588    pulse_inst/bpm_reg[7]_i_146_n_0
    SLICE_X2Y100         CARRY4 (Prop_carry4_DI[1]_CO[3])
                                                      0.520    46.108 r  pulse_inst/bpm_reg_reg[7]_i_126/CO[3]
                         net (fo=1, routed)           0.000    46.108    pulse_inst/bpm_reg_reg[7]_i_126_n_0
    SLICE_X2Y101         CARRY4 (Prop_carry4_CI_CO[3])
                                                      0.117    46.225 r  pulse_inst/bpm_reg_reg[7]_i_106/CO[3]
                         net (fo=1, routed)           0.000    46.225    pulse_inst/bpm_reg_reg[7]_i_106_n_0
    SLICE_X2Y102         CARRY4 (Prop_carry4_CI_CO[3])
                                                      0.117    46.342 r  pulse_inst/bpm_reg_reg[7]_i_86/CO[3]
                         net (fo=1, routed)           0.000    46.342    pulse_inst/bpm_reg_reg[7]_i_86_n_0
    SLICE_X2Y103         CARRY4 (Prop_carry4_CI_CO[3])
                                                      0.117    46.459 r  pulse_inst/bpm_reg_reg[7]_i_66/CO[3]
                         net (fo=1, routed)           0.000    46.459    pulse_inst/bpm_reg_reg[7]_i_66_n_0
    SLICE_X2Y104         CARRY4 (Prop_carry4_CI_CO[3])
                                                      0.117    46.576 r  pulse_inst/bpm_reg_reg[7]_i_46/CO[3]
                         net (fo=1, routed)           0.000    46.576    pulse_inst/bpm_reg_reg[7]_i_46_n_0
    SLICE_X2Y105         CARRY4 (Prop_carry4_CI_CO[3])
                                                      0.117    46.693 r  pulse_inst/bpm_reg_reg[7]_i_26/CO[3]
                         net (fo=1, routed)           0.000    46.693    pulse_inst/bpm_reg_reg[7]_i_26_n_0
    SLICE_X2Y106         CARRY4 (Prop_carry4_CI_CO[3])
                                                      0.117    46.810 r  pulse_inst/bpm_reg_reg[7]_i_6/CO[3]
                         net (fo=1, routed)           0.000    46.810    pulse_inst/bpm_reg_reg[7]_i_6_n_0
    SLICE_X2Y107         CARRY4 (Prop_carry4_CI_CO[3])
                                                      0.117    46.927 r  pulse_inst/bpm_reg_reg[7]_i_2/CO[3]
                         net (fo=35, routed)          0.724    47.651    pulse_inst/bpm_reg1[7]
    SLICE_X0Y106         LUT6 (Prop_lut6_I5_O)        0.124    47.775 r  pulse_inst/bpm_reg[7]_i_150/O
                         net (fo=1, routed)           0.338    48.113    pulse_inst/bpm_reg[7]_i_150_n_0
    SLICE_X3Y105         CARRY4 (Prop_carry4_DI[1]_CO[3])
                                                      0.507    48.620 r  pulse_inst/bpm_reg_reg[7]_i_131/CO[3]
                         net (fo=1, routed)           0.000    48.620    pulse_inst/bpm_reg_reg[7]_i_131_n_0
    SLICE_X3Y106         CARRY4 (Prop_carry4_CI_CO[3])
                                                      0.114    48.734 r  pulse_inst/bpm_reg_reg[7]_i_111/CO[3]
                         net (fo=1, routed)           0.000    48.734    pulse_inst/bpm_reg_reg[7]_i_111_n_0
    SLICE_X3Y107         CARRY4 (Prop_carry4_CI_CO[3])
                                                      0.114    48.848 r  pulse_inst/bpm_reg_reg[7]_i_91/CO[3]
                         net (fo=1, routed)           0.000    48.848    pulse_inst/bpm_reg_reg[7]_i_91_n_0
    SLICE_X3Y108         CARRY4 (Prop_carry4_CI_CO[3])
                                                      0.114    48.962 r  pulse_inst/bpm_reg_reg[7]_i_71/CO[3]
                         net (fo=1, routed)           0.000    48.962    pulse_inst/bpm_reg_reg[7]_i_71_n_0
    SLICE_X3Y109         CARRY4 (Prop_carry4_CI_CO[3])
                                                      0.114    49.076 r  pulse_inst/bpm_reg_reg[7]_i_51/CO[3]
                         net (fo=1, routed)           0.000    49.076    pulse_inst/bpm_reg_reg[7]_i_51_n_0
    SLICE_X3Y110         CARRY4 (Prop_carry4_CI_CO[3])
                                                      0.114    49.190 r  pulse_inst/bpm_reg_reg[7]_i_31/CO[3]
                         net (fo=1, routed)           0.000    49.190    pulse_inst/bpm_reg_reg[7]_i_31_n_0
    SLICE_X3Y111         CARRY4 (Prop_carry4_CI_CO[3])
                                                      0.114    49.304 r  pulse_inst/bpm_reg_reg[7]_i_11/CO[3]
                         net (fo=1, routed)           0.000    49.304    pulse_inst/bpm_reg_reg[7]_i_11_n_0
    SLICE_X3Y112         CARRY4 (Prop_carry4_CI_CO[3])
                                                      0.114    49.418 r  pulse_inst/bpm_reg_reg[7]_i_3/CO[3]
                         net (fo=34, routed)          0.925    50.343    pulse_inst/bpm_reg1[6]
    SLICE_X4Y110         LUT6 (Prop_lut6_I0_O)        0.124    50.467 r  pulse_inst/bpm_reg[7]_i_156/O
                         net (fo=1, routed)           0.000    50.467    pulse_inst/bpm_reg[7]_i_156_n_0
    SLICE_X4Y110         CARRY4 (Prop_carry4_S[1]_CO[3])
                                                      0.550    51.017 r  pulse_inst/bpm_reg_reg[7]_i_136/CO[3]
                         net (fo=1, routed)           0.000    51.017    pulse_inst/bpm_reg_reg[7]_i_136_n_0
    SLICE_X4Y111         CARRY4 (Prop_carry4_CI_CO[3])
                                                      0.114    51.131 r  pulse_inst/bpm_reg_reg[7]_i_116/CO[3]
                         net (fo=1, routed)           0.000    51.131    pulse_inst/bpm_reg_reg[7]_i_116_n_0
    SLICE_X4Y112         CARRY4 (Prop_carry4_CI_CO[3])
                                                      0.114    51.245 r  pulse_inst/bpm_reg_reg[7]_i_96/CO[3]
                         net (fo=1, routed)           0.000    51.245    pulse_inst/bpm_reg_reg[7]_i_96_n_0
    SLICE_X4Y113         CARRY4 (Prop_carry4_CI_CO[3])
                                                      0.114    51.359 r  pulse_inst/bpm_reg_reg[7]_i_76/CO[3]
                         net (fo=1, routed)           0.000    51.359    pulse_inst/bpm_reg_reg[7]_i_76_n_0
    SLICE_X4Y114         CARRY4 (Prop_carry4_CI_CO[3])
                                                      0.114    51.473 r  pulse_inst/bpm_reg_reg[7]_i_56/CO[3]
                         net (fo=1, routed)           0.000    51.473    pulse_inst/bpm_reg_reg[7]_i_56_n_0
    SLICE_X4Y115         CARRY4 (Prop_carry4_CI_CO[3])
                                                      0.114    51.587 r  pulse_inst/bpm_reg_reg[7]_i_36/CO[3]
                         net (fo=1, routed)           0.000    51.587    pulse_inst/bpm_reg_reg[7]_i_36_n_0
    SLICE_X4Y116         CARRY4 (Prop_carry4_CI_CO[3])
                                                      0.114    51.701 r  pulse_inst/bpm_reg_reg[7]_i_16/CO[3]
                         net (fo=1, routed)           0.000    51.701    pulse_inst/bpm_reg_reg[7]_i_16_n_0
    SLICE_X4Y117         CARRY4 (Prop_carry4_CI_CO[3])
                                                      0.114    51.815 r  pulse_inst/bpm_reg_reg[7]_i_4/CO[3]
                         net (fo=34, routed)          0.893    52.707    pulse_inst/bpm_reg1[5]
    SLICE_X3Y116         LUT6 (Prop_lut6_I0_O)        0.124    52.831 r  pulse_inst/bpm_reg[7]_i_159/O
                         net (fo=1, routed)           0.000    52.831    pulse_inst/bpm_reg[7]_i_159_n_0
    SLICE_X3Y116         CARRY4 (Prop_carry4_S[1]_CO[3])
                                                      0.550    53.381 r  pulse_inst/bpm_reg_reg[7]_i_141/CO[3]
                         net (fo=1, routed)           0.000    53.381    pulse_inst/bpm_reg_reg[7]_i_141_n_0
    SLICE_X3Y117         CARRY4 (Prop_carry4_CI_CO[3])
                                                      0.114    53.495 r  pulse_inst/bpm_reg_reg[7]_i_121/CO[3]
                         net (fo=1, routed)           0.000    53.495    pulse_inst/bpm_reg_reg[7]_i_121_n_0
    SLICE_X3Y118         CARRY4 (Prop_carry4_CI_CO[3])
                                                      0.114    53.609 r  pulse_inst/bpm_reg_reg[7]_i_101/CO[3]
                         net (fo=1, routed)           0.000    53.609    pulse_inst/bpm_reg_reg[7]_i_101_n_0
    SLICE_X3Y119         CARRY4 (Prop_carry4_CI_CO[3])
                                                      0.114    53.723 r  pulse_inst/bpm_reg_reg[7]_i_81/CO[3]
                         net (fo=1, routed)           0.000    53.723    pulse_inst/bpm_reg_reg[7]_i_81_n_0
    SLICE_X3Y120         CARRY4 (Prop_carry4_CI_CO[3])
                                                      0.114    53.837 r  pulse_inst/bpm_reg_reg[7]_i_61/CO[3]
                         net (fo=1, routed)           0.000    53.837    pulse_inst/bpm_reg_reg[7]_i_61_n_0
    SLICE_X3Y121         CARRY4 (Prop_carry4_CI_CO[3])
                                                      0.114    53.951 r  pulse_inst/bpm_reg_reg[7]_i_41/CO[3]
                         net (fo=1, routed)           0.000    53.951    pulse_inst/bpm_reg_reg[7]_i_41_n_0
    SLICE_X3Y122         CARRY4 (Prop_carry4_CI_CO[3])
                                                      0.114    54.065 r  pulse_inst/bpm_reg_reg[7]_i_21/CO[3]
                         net (fo=1, routed)           0.000    54.065    pulse_inst/bpm_reg_reg[7]_i_21_n_0
    SLICE_X3Y123         CARRY4 (Prop_carry4_CI_CO[3])
                                                      0.114    54.179 r  pulse_inst/bpm_reg_reg[7]_i_5/CO[3]
                         net (fo=35, routed)          1.027    55.206    pulse_inst/bpm_reg1[4]
    SLICE_X2Y122         LUT6 (Prop_lut6_I5_O)        0.124    55.330 r  pulse_inst/bpm_reg[3]_i_148/O
                         net (fo=1, routed)           0.000    55.330    pulse_inst/bpm_reg[3]_i_148_n_0
    SLICE_X2Y122         CARRY4 (Prop_carry4_S[1]_CO[3])
                                                      0.533    55.863 r  pulse_inst/bpm_reg_reg[3]_i_125/CO[3]
                         net (fo=1, routed)           0.000    55.863    pulse_inst/bpm_reg_reg[3]_i_125_n_0
    SLICE_X2Y123         CARRY4 (Prop_carry4_CI_CO[3])
                                                      0.117    55.980 r  pulse_inst/bpm_reg_reg[3]_i_105/CO[3]
                         net (fo=1, routed)           0.000    55.980    pulse_inst/bpm_reg_reg[3]_i_105_n_0
    SLICE_X2Y124         CARRY4 (Prop_carry4_CI_CO[3])
                                                      0.117    56.097 r  pulse_inst/bpm_reg_reg[3]_i_85/CO[3]
                         net (fo=1, routed)           0.009    56.106    pulse_inst/bpm_reg_reg[3]_i_85_n_0
    SLICE_X2Y125         CARRY4 (Prop_carry4_CI_CO[3])
                                                      0.117    56.223 r  pulse_inst/bpm_reg_reg[3]_i_65/CO[3]
                         net (fo=1, routed)           0.000    56.223    pulse_inst/bpm_reg_reg[3]_i_65_n_0
    SLICE_X2Y126         CARRY4 (Prop_carry4_CI_CO[3])
                                                      0.117    56.340 r  pulse_inst/bpm_reg_reg[3]_i_45/CO[3]
                         net (fo=1, routed)           0.000    56.340    pulse_inst/bpm_reg_reg[3]_i_45_n_0
    SLICE_X2Y127         CARRY4 (Prop_carry4_CI_CO[3])
                                                      0.117    56.457 r  pulse_inst/bpm_reg_reg[3]_i_25/CO[3]
                         net (fo=1, routed)           0.000    56.457    pulse_inst/bpm_reg_reg[3]_i_25_n_0
    SLICE_X2Y128         CARRY4 (Prop_carry4_CI_CO[3])
                                                      0.117    56.574 r  pulse_inst/bpm_reg_reg[3]_i_6/CO[3]
                         net (fo=1, routed)           0.000    56.574    pulse_inst/bpm_reg_reg[3]_i_6_n_0
    SLICE_X2Y129         CARRY4 (Prop_carry4_CI_CO[3])
                                                      0.117    56.691 r  pulse_inst/bpm_reg_reg[3]_i_2/CO[3]
                         net (fo=35, routed)          0.708    57.399    pulse_inst/bpm_reg1[3]
    SLICE_X0Y128         LUT6 (Prop_lut6_I5_O)        0.124    57.523 r  pulse_inst/bpm_reg[3]_i_149/O
                         net (fo=1, routed)           0.338    57.861    pulse_inst/bpm_reg[3]_i_149_n_0
    SLICE_X3Y127         CARRY4 (Prop_carry4_DI[1]_CO[3])
                                                      0.507    58.368 r  pulse_inst/bpm_reg_reg[3]_i_130/CO[3]
                         net (fo=1, routed)           0.000    58.368    pulse_inst/bpm_reg_reg[3]_i_130_n_0
    SLICE_X3Y128         CARRY4 (Prop_carry4_CI_CO[3])
                                                      0.114    58.482 r  pulse_inst/bpm_reg_reg[3]_i_110/CO[3]
                         net (fo=1, routed)           0.000    58.482    pulse_inst/bpm_reg_reg[3]_i_110_n_0
    SLICE_X3Y129         CARRY4 (Prop_carry4_CI_CO[3])
                                                      0.114    58.596 r  pulse_inst/bpm_reg_reg[3]_i_90/CO[3]
                         net (fo=1, routed)           0.000    58.596    pulse_inst/bpm_reg_reg[3]_i_90_n_0
    SLICE_X3Y130         CARRY4 (Prop_carry4_CI_CO[3])
                                                      0.114    58.710 r  pulse_inst/bpm_reg_reg[3]_i_70/CO[3]
                         net (fo=1, routed)           0.000    58.710    pulse_inst/bpm_reg_reg[3]_i_70_n_0
    SLICE_X3Y131         CARRY4 (Prop_carry4_CI_CO[3])
                                                      0.114    58.824 r  pulse_inst/bpm_reg_reg[3]_i_50/CO[3]
                         net (fo=1, routed)           0.000    58.824    pulse_inst/bpm_reg_reg[3]_i_50_n_0
    SLICE_X3Y132         CARRY4 (Prop_carry4_CI_CO[3])
                                                      0.114    58.938 r  pulse_inst/bpm_reg_reg[3]_i_30/CO[3]
                         net (fo=1, routed)           0.000    58.938    pulse_inst/bpm_reg_reg[3]_i_30_n_0
    SLICE_X3Y133         CARRY4 (Prop_carry4_CI_CO[3])
                                                      0.114    59.052 r  pulse_inst/bpm_reg_reg[3]_i_11/CO[3]
                         net (fo=1, routed)           0.000    59.052    pulse_inst/bpm_reg_reg[3]_i_11_n_0
    SLICE_X3Y134         CARRY4 (Prop_carry4_CI_CO[3])
                                                      0.114    59.166 r  pulse_inst/bpm_reg_reg[3]_i_3/CO[3]
                         net (fo=35, routed)          1.087    60.253    pulse_inst/bpm_reg1[2]
    SLICE_X5Y127         LUT6 (Prop_lut6_I5_O)        0.124    60.377 r  pulse_inst/bpm_reg[3]_i_153/O
                         net (fo=1, routed)           0.190    60.567    pulse_inst/bpm_reg[3]_i_153_n_0
    SLICE_X4Y127         CARRY4 (Prop_carry4_DI[1]_CO[3])
                                                      0.507    61.074 r  pulse_inst/bpm_reg_reg[3]_i_135/CO[3]
                         net (fo=1, routed)           0.000    61.074    pulse_inst/bpm_reg_reg[3]_i_135_n_0
    SLICE_X4Y128         CARRY4 (Prop_carry4_CI_CO[3])
                                                      0.114    61.188 r  pulse_inst/bpm_reg_reg[3]_i_115/CO[3]
                         net (fo=1, routed)           0.000    61.188    pulse_inst/bpm_reg_reg[3]_i_115_n_0
    SLICE_X4Y129         CARRY4 (Prop_carry4_CI_CO[3])
                                                      0.114    61.302 r  pulse_inst/bpm_reg_reg[3]_i_95/CO[3]
                         net (fo=1, routed)           0.000    61.302    pulse_inst/bpm_reg_reg[3]_i_95_n_0
    SLICE_X4Y130         CARRY4 (Prop_carry4_CI_CO[3])
                                                      0.114    61.416 r  pulse_inst/bpm_reg_reg[3]_i_75/CO[3]
                         net (fo=1, routed)           0.000    61.416    pulse_inst/bpm_reg_reg[3]_i_75_n_0
    SLICE_X4Y131         CARRY4 (Prop_carry4_CI_CO[3])
                                                      0.114    61.530 r  pulse_inst/bpm_reg_reg[3]_i_55/CO[3]
                         net (fo=1, routed)           0.000    61.530    pulse_inst/bpm_reg_reg[3]_i_55_n_0
    SLICE_X4Y132         CARRY4 (Prop_carry4_CI_CO[3])
                                                      0.114    61.644 r  pulse_inst/bpm_reg_reg[3]_i_35/CO[3]
                         net (fo=1, routed)           0.000    61.644    pulse_inst/bpm_reg_reg[3]_i_35_n_0
    SLICE_X4Y133         CARRY4 (Prop_carry4_CI_CO[3])
                                                      0.114    61.758 r  pulse_inst/bpm_reg_reg[3]_i_16/CO[3]
                         net (fo=1, routed)           0.000    61.758    pulse_inst/bpm_reg_reg[3]_i_16_n_0
    SLICE_X4Y134         CARRY4 (Prop_carry4_CI_CO[3])
                                                      0.114    61.872 r  pulse_inst/bpm_reg_reg[3]_i_4/CO[3]
                         net (fo=35, routed)          0.737    62.609    pulse_inst/bpm_reg1[1]
    SLICE_X7Y134         LUT6 (Prop_lut6_I5_O)        0.124    62.733 r  pulse_inst/bpm_reg[3]_i_157/O
                         net (fo=1, routed)           0.929    63.662    pulse_inst/bpm_reg[3]_i_157_n_0
    SLICE_X5Y128         CARRY4 (Prop_carry4_DI[0]_CO[3])
                                                      0.633    64.295 r  pulse_inst/bpm_reg_reg[3]_i_140/CO[3]
                         net (fo=1, routed)           0.000    64.295    pulse_inst/bpm_reg_reg[3]_i_140_n_0
    SLICE_X5Y129         CARRY4 (Prop_carry4_CI_CO[3])
                                                      0.114    64.409 r  pulse_inst/bpm_reg_reg[3]_i_120/CO[3]
                         net (fo=1, routed)           0.000    64.409    pulse_inst/bpm_reg_reg[3]_i_120_n_0
    SLICE_X5Y130         CARRY4 (Prop_carry4_CI_CO[3])
                                                      0.114    64.523 r  pulse_inst/bpm_reg_reg[3]_i_100/CO[3]
                         net (fo=1, routed)           0.000    64.523    pulse_inst/bpm_reg_reg[3]_i_100_n_0
    SLICE_X5Y131         CARRY4 (Prop_carry4_CI_CO[3])
                                                      0.114    64.637 r  pulse_inst/bpm_reg_reg[3]_i_80/CO[3]
                         net (fo=1, routed)           0.000    64.637    pulse_inst/bpm_reg_reg[3]_i_80_n_0
    SLICE_X5Y132         CARRY4 (Prop_carry4_CI_CO[3])
                                                      0.114    64.751 r  pulse_inst/bpm_reg_reg[3]_i_60/CO[3]
                         net (fo=1, routed)           0.000    64.751    pulse_inst/bpm_reg_reg[3]_i_60_n_0
    SLICE_X5Y133         CARRY4 (Prop_carry4_CI_CO[3])
                                                      0.114    64.865 r  pulse_inst/bpm_reg_reg[3]_i_40/CO[3]
                         net (fo=1, routed)           0.000    64.865    pulse_inst/bpm_reg_reg[3]_i_40_n_0
    SLICE_X5Y134         CARRY4 (Prop_carry4_CI_CO[3])
                                                      0.114    64.979 r  pulse_inst/bpm_reg_reg[3]_i_21/CO[3]
                         net (fo=1, routed)           0.000    64.979    pulse_inst/bpm_reg_reg[3]_i_21_n_0
    SLICE_X5Y135         CARRY4 (Prop_carry4_CI_CO[2])
                                                      0.228    65.207 r  pulse_inst/bpm_reg_reg[3]_i_5/CO[2]
                         net (fo=1, routed)           0.662    65.869    pulse_inst/bpm_reg1[0]
    SLICE_X4Y135         CARRY4 (Prop_carry4_S[0]_CO[3])
                                                      0.845    66.714 r  pulse_inst/bpm_reg_reg[3]_i_1/CO[3]
                         net (fo=1, routed)           0.000    66.714    pulse_inst/bpm_reg_reg[3]_i_1_n_0
    SLICE_X4Y136         CARRY4 (Prop_carry4_CI_CO[3])
                                                      0.114    66.828 r  pulse_inst/bpm_reg_reg[7]_i_1/CO[3]
                         net (fo=1, routed)           0.000    66.828    pulse_inst/bpm_reg_reg[7]_i_1_n_0
    SLICE_X4Y137         CARRY4 (Prop_carry4_CI_CO[3])
                                                      0.114    66.942 r  pulse_inst/bpm_reg_reg[11]_i_1/CO[3]
                         net (fo=1, routed)           0.000    66.942    pulse_inst/bpm_reg_reg[11]_i_1_n_0
    SLICE_X4Y138         CARRY4 (Prop_carry4_CI_O[0])
                                                      0.223    67.165 r  pulse_inst/bpm_reg_reg[15]_i_2/O[0]
                         net (fo=1, routed)           0.000    67.165    pulse_inst/bpm_reg_reg[15]_i_2_n_7
    SLICE_X4Y138         FDRE                                         r  pulse_inst/bpm_reg_reg[12]/D
  -------------------------------------------------------------------    -------------------

                         (clock sys_clk_pin rise edge)
                                                     10.000    10.000 r  
    W5                                                0.000    10.000 r  clk (IN)
                         net (fo=0)                   0.000    10.000    clk
    W5                   IBUF (Prop_ibuf_I_O)         1.388    11.388 r  clk_IBUF_inst/O
                         net (fo=1, routed)           1.862    13.250    clk_IBUF
    BUFGCTRL_X0Y1        BUFG (Prop_bufg_I_O)         0.091    13.341 r  clk_IBUF_BUFG_inst/O
                         net (fo=236, routed)         1.679    15.020    pulse_inst/clk_IBUF_BUFG
    SLICE_X4Y138         FDRE                                         r  pulse_inst/bpm_reg_reg[12]/C
                         clock pessimism              0.187    15.207    
                         clock uncertainty           -0.035    15.172    
    SLICE_X4Y138         FDRE (Setup_fdre_C_D)        0.062    15.234    pulse_inst/bpm_reg_reg[12]
  -------------------------------------------------------------------
                         required time                         15.234    
                         arrival time                         -67.165    
  -------------------------------------------------------------------
                         slack                                -51.931    

Slack (VIOLATED) :        -51.929ns  (required time - arrival time)
  Source:                 pulse_inst/beat_count_reg[2]_replica_12/C
                            (rising edge-triggered cell FDRE clocked by sys_clk_pin  {rise@0.000ns fall@5.000ns period=10.000ns})
  Destination:            pulse_inst/bpm_reg_reg[9]/D
                            (rising edge-triggered cell FDRE clocked by sys_clk_pin  {rise@0.000ns fall@5.000ns period=10.000ns})
  Path Group:             sys_clk_pin
  Path Type:              Setup (Max at Slow Process Corner)
  Requirement:            10.000ns  (sys_clk_pin rise@10.000ns - sys_clk_pin rise@0.000ns)
  Data Path Delay:        62.029ns  (logic 29.397ns (47.392%)  route 32.632ns (52.608%))
  Logic Levels:           171  (CARRY4=133 LUT4=2 LUT5=12 LUT6=24)
  Clock Path Skew:        0.073ns (DCD - SCD + CPR)
    Destination Clock Delay (DCD):    5.019ns = ( 15.019 - 10.000 ) 
    Source Clock Delay      (SCD):    5.133ns
    Clock Pessimism Removal (CPR):    0.187ns
  Clock Uncertainty:      0.035ns  ((TSJ^2 + TIJ^2)^1/2 + DJ) / 2 + PE
    Total System Jitter     (TSJ):    0.071ns
    Total Input Jitter      (TIJ):    0.000ns
    Discrete Jitter          (DJ):    0.000ns
    Phase Error              (PE):    0.000ns

    Location             Delay type                Incr(ns)  Path(ns)    Netlist Resource(s)
  -------------------------------------------------------------------    -------------------
                         (clock sys_clk_pin rise edge)
                                                      0.000     0.000 r  
    W5                                                0.000     0.000 r  clk (IN)
                         net (fo=0)                   0.000     0.000    clk
    W5                   IBUF (Prop_ibuf_I_O)         1.458     1.458 r  clk_IBUF_inst/O
                         net (fo=1, routed)           1.967     3.425    clk_IBUF
    BUFGCTRL_X0Y1        BUFG (Prop_bufg_I_O)         0.096     3.521 r  clk_IBUF_BUFG_inst/O
                         net (fo=236, routed)         1.612     5.133    pulse_inst/clk_IBUF_BUFG
    SLICE_X5Y81          FDRE                                         r  pulse_inst/beat_count_reg[2]_replica_12/C
  -------------------------------------------------------------------    -------------------
    SLICE_X5Y81          FDRE (Prop_fdre_C_Q)         0.456     5.589 r  pulse_inst/beat_count_reg[2]_replica_12/Q
                         net (fo=85, routed)          1.401     6.989    pulse_inst/beat_count_reg_n_0_[2]_repN_12
    SLICE_X2Y81          LUT6 (Prop_lut6_I0_O)        0.124     7.113 f  pulse_inst/bpm_reg[15]_i_217/O
                         net (fo=2, routed)           0.495     7.609    pulse_inst/bpm_reg[15]_i_217_n_0
    SLICE_X2Y81          LUT6 (Prop_lut6_I0_O)        0.124     7.733 r  pulse_inst/bpm_reg[15]_i_130/O
                         net (fo=2, routed)           0.653     8.385    pulse_inst/bpm_reg[15]_i_130_n_0
    SLICE_X3Y82          LUT5 (Prop_lut5_I0_O)        0.124     8.509 r  pulse_inst/bpm_reg[15]_i_134/O
                         net (fo=1, routed)           0.000     8.509    pulse_inst/bpm_reg[15]_i_134_n_0
    SLICE_X3Y82          CARRY4 (Prop_carry4_S[1]_CO[3])
                                                      0.550     9.059 r  pulse_inst/bpm_reg_reg[15]_i_86/CO[3]
                         net (fo=1, routed)           0.000     9.059    pulse_inst/bpm_reg_reg[15]_i_86_n_0
    SLICE_X3Y83          CARRY4 (Prop_carry4_CI_O[0])
                                                      0.222     9.281 r  pulse_inst/bpm_reg_reg[15]_i_53/O[0]
                         net (fo=12, routed)          0.883    10.164    pulse_inst/bpm_reg_reg[15]_i_53_n_7
    SLICE_X2Y82          LUT6 (Prop_lut6_I0_O)        0.299    10.463 r  pulse_inst/bpm_reg[15]_i_120/O
                         net (fo=6, routed)           0.361    10.825    pulse_inst/bpm_reg[15]_i_120_n_0
    SLICE_X2Y83          LUT5 (Prop_lut5_I3_O)        0.124    10.949 r  pulse_inst/bpm_reg[15]_i_179/O
                         net (fo=2, routed)           0.601    11.550    pulse_inst/bpm_reg[15]_i_179_n_0
    SLICE_X2Y82          LUT6 (Prop_lut6_I0_O)        0.124    11.674 r  pulse_inst/bpm_reg[15]_i_119/O
                         net (fo=5, routed)           0.609    12.283    pulse_inst/bpm_reg[15]_i_119_n_0
    SLICE_X0Y82          LUT5 (Prop_lut5_I0_O)        0.124    12.407 f  pulse_inst/bpm_reg[15]_i_122/O
                         net (fo=11, routed)          0.876    13.282    pulse_inst/bpm_reg[15]_i_122_n_0
    SLICE_X4Y82          LUT5 (Prop_lut5_I2_O)        0.124    13.406 r  pulse_inst/bpm_reg[15]_i_121/O
                         net (fo=4, routed)           0.334    13.741    pulse_inst/bpm_reg[15]_i_121_n_0
    SLICE_X4Y83          LUT5 (Prop_lut5_I1_O)        0.124    13.865 r  pulse_inst/bpm_reg[15]_i_274/O
                         net (fo=1, routed)           0.306    14.170    pulse_inst/bpm_reg[15]_i_274_n_0
    SLICE_X4Y81          LUT4 (Prop_lut4_I0_O)        0.124    14.294 r  pulse_inst/bpm_reg[15]_i_190/O
                         net (fo=1, routed)           0.821    15.116    pulse_inst/bpm_reg[15]_i_190_n_0
    SLICE_X2Y81          LUT6 (Prop_lut6_I2_O)        0.124    15.240 r  pulse_inst/bpm_reg[15]_i_123_comp/O
                         net (fo=6, routed)           0.488    15.728    pulse_inst/bpm_reg[15]_i_123_n_0
    SLICE_X0Y80          LUT5 (Prop_lut5_I2_O)        0.124    15.852 r  pulse_inst/bpm_reg[15]_i_203/O
                         net (fo=3, routed)           0.451    16.303    pulse_inst/bpm_reg[15]_i_203_n_0
    SLICE_X0Y80          LUT5 (Prop_lut5_I4_O)        0.124    16.427 r  pulse_inst/bpm_reg[15]_i_126/O
                         net (fo=11, routed)          0.522    16.949    pulse_inst/bpm_reg[15]_i_126_n_0
    SLICE_X4Y79          LUT5 (Prop_lut5_I2_O)        0.124    17.073 f  pulse_inst/bpm_reg[15]_i_251/O
                         net (fo=6, routed)           0.838    17.910    pulse_inst/bpm_reg[15]_i_251_n_0
    SLICE_X7Y79          LUT6 (Prop_lut6_I1_O)        0.124    18.034 r  pulse_inst/bpm_reg[15]_i_166_comp/O
                         net (fo=10, routed)          0.375    18.410    pulse_inst/bpm_reg[15]_i_166_n_0
    SLICE_X6Y80          LUT5 (Prop_lut5_I2_O)        0.124    18.534 r  pulse_inst/bpm_reg[15]_i_247/O
                         net (fo=4, routed)           0.184    18.717    pulse_inst/bpm_reg[15]_i_247_n_0
    SLICE_X6Y80          LUT4 (Prop_lut4_I0_O)        0.124    18.841 f  pulse_inst/bpm_reg[15]_i_255/O
                         net (fo=5, routed)           0.711    19.552    pulse_inst/bpm_reg[15]_i_255_n_0
    SLICE_X7Y81          LUT6 (Prop_lut6_I1_O)        0.124    19.676 r  pulse_inst/bpm_reg[15]_i_168_comp/O
                         net (fo=10, routed)          0.485    20.161    pulse_inst/bpm_reg[15]_i_168_n_0
    SLICE_X6Y82          LUT5 (Prop_lut5_I2_O)        0.124    20.285 r  pulse_inst/bpm_reg[15]_i_253/O
                         net (fo=4, routed)           0.185    20.470    pulse_inst/bpm_reg[15]_i_253_n_0
    SLICE_X6Y82          LUT5 (Prop_lut5_I3_O)        0.124    20.594 r  pulse_inst/bpm_reg[15]_i_167/O
                         net (fo=10, routed)          0.511    21.105    pulse_inst/bpm_reg[15]_i_167_n_0
    SLICE_X6Y85          LUT5 (Prop_lut5_I4_O)        0.124    21.229 f  pulse_inst/bpm_reg[15]_i_260/O
                         net (fo=7, routed)           0.644    21.872    pulse_inst/bpm_reg[15]_i_260_n_0
    SLICE_X5Y84          LUT6 (Prop_lut6_I1_O)        0.124    21.996 r  pulse_inst/bpm_reg[15]_i_169_comp/O
                         net (fo=10, routed)          0.923    22.919    pulse_inst/bpm_reg[15]_i_169_n_0
    SLICE_X5Y85          LUT6 (Prop_lut6_I3_O)        0.124    23.043 r  pulse_inst/bpm_reg[15]_i_177/O
                         net (fo=3, routed)           0.439    23.482    pulse_inst/bpm_reg[15]_i_177_n_0
    SLICE_X4Y85          LUT6 (Prop_lut6_I1_O)        0.124    23.606 f  pulse_inst/bpm_reg[15]_i_116/O
                         net (fo=27, routed)          0.359    23.965    pulse_inst/bpm_reg[15]_i_116_n_0
    SLICE_X6Y85          LUT6 (Prop_lut6_I4_O)        0.124    24.089 r  pulse_inst/bpm_reg[15]_i_332/O
                         net (fo=1, routed)           0.333    24.422    pulse_inst/bpm_reg[15]_i_332_n_0
    SLICE_X7Y87          CARRY4 (Prop_carry4_CYINIT_CO[3])
                                                      0.580    25.002 r  pulse_inst/bpm_reg_reg[15]_i_294/CO[3]
                         net (fo=1, routed)           0.000    25.002    pulse_inst/bpm_reg_reg[15]_i_294_n_0
    SLICE_X7Y88          CARRY4 (Prop_carry4_CI_CO[3])
                                                      0.114    25.116 r  pulse_inst/bpm_reg_reg[15]_i_222/CO[3]
                         net (fo=1, routed)           0.000    25.116    pulse_inst/bpm_reg_reg[15]_i_222_n_0
    SLICE_X7Y89          CARRY4 (Prop_carry4_CI_CO[3])
                                                      0.114    25.230 r  pulse_inst/bpm_reg_reg[15]_i_140/CO[3]
                         net (fo=1, routed)           0.000    25.230    pulse_inst/bpm_reg_reg[15]_i_140_n_0
    SLICE_X7Y90          CARRY4 (Prop_carry4_CI_CO[3])
                                                      0.114    25.344 r  pulse_inst/bpm_reg_reg[15]_i_89/CO[3]
                         net (fo=1, routed)           0.000    25.344    pulse_inst/bpm_reg_reg[15]_i_89_n_0
    SLICE_X7Y91          CARRY4 (Prop_carry4_CI_CO[3])
                                                      0.114    25.458 r  pulse_inst/bpm_reg_reg[15]_i_54/CO[3]
                         net (fo=1, routed)           0.000    25.458    pulse_inst/bpm_reg_reg[15]_i_54_n_0
    SLICE_X7Y92          CARRY4 (Prop_carry4_CI_CO[3])
                                                      0.114    25.572 r  pulse_inst/bpm_reg_reg[15]_i_28/CO[3]
                         net (fo=1, routed)           0.000    25.572    pulse_inst/bpm_reg_reg[15]_i_28_n_0
    SLICE_X7Y93          CARRY4 (Prop_carry4_CI_CO[3])
                                                      0.114    25.686 r  pulse_inst/bpm_reg_reg[15]_i_9/CO[3]
                         net (fo=1, routed)           0.000    25.686    pulse_inst/bpm_reg_reg[15]_i_9_n_0
    SLICE_X7Y94          CARRY4 (Prop_carry4_CI_CO[1])
                                                      0.157    25.843 r  pulse_inst/bpm_reg_reg[15]_i_4/CO[1]
                         net (fo=34, routed)          1.013    26.856    pulse_inst/bpm_reg1[15]
    SLICE_X8Y87          CARRY4 (Prop_carry4_CYINIT_CO[3])
                                                      0.800    27.656 r  pulse_inst/bpm_reg_reg[15]_i_303/CO[3]
                         net (fo=1, routed)           0.000    27.656    pulse_inst/bpm_reg_reg[15]_i_303_n_0
    SLICE_X8Y88          CARRY4 (Prop_carry4_CI_CO[3])
                                                      0.117    27.773 r  pulse_inst/bpm_reg_reg[15]_i_231/CO[3]
                         net (fo=1, routed)           0.000    27.773    pulse_inst/bpm_reg_reg[15]_i_231_n_0
    SLICE_X8Y89          CARRY4 (Prop_carry4_CI_CO[3])
                                                      0.117    27.890 r  pulse_inst/bpm_reg_reg[15]_i_149/CO[3]
                         net (fo=1, routed)           0.000    27.890    pulse_inst/bpm_reg_reg[15]_i_149_n_0
    SLICE_X8Y90          CARRY4 (Prop_carry4_CI_CO[3])
                                                      0.117    28.007 r  pulse_inst/bpm_reg_reg[15]_i_92/CO[3]
                         net (fo=1, routed)           0.000    28.007    pulse_inst/bpm_reg_reg[15]_i_92_n_0
    SLICE_X8Y91          CARRY4 (Prop_carry4_CI_CO[3])
                                                      0.117    28.124 r  pulse_inst/bpm_reg_reg[15]_i_55/CO[3]
                         net (fo=1, routed)           0.000    28.124    pulse_inst/bpm_reg_reg[15]_i_55_n_0
    SLICE_X8Y92          CARRY4 (Prop_carry4_CI_CO[3])
                                                      0.117    28.241 r  pulse_inst/bpm_reg_reg[15]_i_29/CO[3]
                         net (fo=1, routed)           0.000    28.241    pulse_inst/bpm_reg_reg[15]_i_29_n_0
    SLICE_X8Y93          CARRY4 (Prop_carry4_CI_CO[3])
                                                      0.117    28.358 r  pulse_inst/bpm_reg_reg[15]_i_10/CO[3]
                         net (fo=1, routed)           0.000    28.358    pulse_inst/bpm_reg_reg[15]_i_10_n_0
    SLICE_X8Y94          CARRY4 (Prop_carry4_CI_CO[3])
                                                      0.117    28.475 r  pulse_inst/bpm_reg_reg[15]_i_5/CO[3]
                         net (fo=34, routed)          1.318    29.793    pulse_inst/bpm_reg1[14]
    SLICE_X6Y86          CARRY4 (Prop_carry4_CYINIT_CO[3])
                                                      0.595    30.388 r  pulse_inst/bpm_reg_reg[15]_i_308/CO[3]
                         net (fo=1, routed)           0.000    30.388    pulse_inst/bpm_reg_reg[15]_i_308_n_0
    SLICE_X6Y87          CARRY4 (Prop_carry4_CI_CO[3])
                                                      0.117    30.505 r  pulse_inst/bpm_reg_reg[15]_i_236/CO[3]
                         net (fo=1, routed)           0.000    30.505    pulse_inst/bpm_reg_reg[15]_i_236_n_0
    SLICE_X6Y88          CARRY4 (Prop_carry4_CI_CO[3])
                                                      0.117    30.622 r  pulse_inst/bpm_reg_reg[15]_i_155/CO[3]
                         net (fo=1, routed)           0.000    30.622    pulse_inst/bpm_reg_reg[15]_i_155_n_0
    SLICE_X6Y89          CARRY4 (Prop_carry4_CI_CO[3])
                                                      0.117    30.739 r  pulse_inst/bpm_reg_reg[15]_i_97/CO[3]
                         net (fo=1, routed)           0.000    30.739    pulse_inst/bpm_reg_reg[15]_i_97_n_0
    SLICE_X6Y90          CARRY4 (Prop_carry4_CI_CO[3])
                                                      0.117    30.856 r  pulse_inst/bpm_reg_reg[15]_i_60/CO[3]
                         net (fo=1, routed)           0.000    30.856    pulse_inst/bpm_reg_reg[15]_i_60_n_0
    SLICE_X6Y91          CARRY4 (Prop_carry4_CI_CO[3])
                                                      0.117    30.973 r  pulse_inst/bpm_reg_reg[15]_i_34/CO[3]
                         net (fo=1, routed)           0.000    30.973    pulse_inst/bpm_reg_reg[15]_i_34_n_0
    SLICE_X6Y92          CARRY4 (Prop_carry4_CI_CO[3])
                                                      0.117    31.090 r  pulse_inst/bpm_reg_reg[15]_i_15/CO[3]
                         net (fo=1, routed)           0.000    31.090    pulse_inst/bpm_reg_reg[15]_i_15_n_0
    SLICE_X6Y93          CARRY4 (Prop_carry4_CI_CO[3])
                                                      0.117    31.207 r  pulse_inst/bpm_reg_reg[15]_i_6/CO[3]
                         net (fo=34, routed)          1.183    32.390    pulse_inst/bpm_reg1[13]
    SLICE_X5Y86          LUT6 (Prop_lut6_I0_O)        0.124    32.514 r  pulse_inst/bpm_reg[15]_i_350/O
                         net (fo=1, routed)           0.000    32.514    pulse_inst/bpm_reg[15]_i_350_n_0
    SLICE_X5Y86          CARRY4 (Prop_carry4_S[1]_CO[3])
                                                      0.550    33.064 r  pulse_inst/bpm_reg_reg[15]_i_313/CO[3]
                         net (fo=1, routed)           0.000    33.064    pulse_inst/bpm_reg_reg[15]_i_313_n_0
    SLICE_X5Y87          CARRY4 (Prop_carry4_CI_CO[3])
                                                      0.114    33.178 r  pulse_inst/bpm_reg_reg[15]_i_241/CO[3]
                         net (fo=1, routed)           0.000    33.178    pulse_inst/bpm_reg_reg[15]_i_241_n_0
    SLICE_X5Y88          CARRY4 (Prop_carry4_CI_CO[3])
                                                      0.114    33.292 r  pulse_inst/bpm_reg_reg[15]_i_160/CO[3]
                         net (fo=1, routed)           0.000    33.292    pulse_inst/bpm_reg_reg[15]_i_160_n_0
    SLICE_X5Y89          CARRY4 (Prop_carry4_CI_CO[3])
                                                      0.114    33.406 r  pulse_inst/bpm_reg_reg[15]_i_102/CO[3]
                         net (fo=1, routed)           0.000    33.406    pulse_inst/bpm_reg_reg[15]_i_102_n_0
    SLICE_X5Y90          CARRY4 (Prop_carry4_CI_CO[3])
                                                      0.114    33.520 r  pulse_inst/bpm_reg_reg[15]_i_65/CO[3]
                         net (fo=1, routed)           0.000    33.520    pulse_inst/bpm_reg_reg[15]_i_65_n_0
    SLICE_X5Y91          CARRY4 (Prop_carry4_CI_CO[3])
                                                      0.114    33.634 r  pulse_inst/bpm_reg_reg[15]_i_39/CO[3]
                         net (fo=1, routed)           0.000    33.634    pulse_inst/bpm_reg_reg[15]_i_39_n_0
    SLICE_X5Y92          CARRY4 (Prop_carry4_CI_CO[3])
                                                      0.114    33.748 r  pulse_inst/bpm_reg_reg[15]_i_20/CO[3]
                         net (fo=1, routed)           0.000    33.748    pulse_inst/bpm_reg_reg[15]_i_20_n_0
    SLICE_X5Y93          CARRY4 (Prop_carry4_CI_CO[3])
                                                      0.114    33.862 r  pulse_inst/bpm_reg_reg[15]_i_7/CO[3]
                         net (fo=35, routed)          0.989    34.852    pulse_inst/bpm_reg1[12]
    SLICE_X2Y86          LUT6 (Prop_lut6_I5_O)        0.124    34.976 r  pulse_inst/bpm_reg[11]_i_146/O
                         net (fo=1, routed)           0.349    35.325    pulse_inst/bpm_reg[11]_i_146_n_0
    SLICE_X4Y87          CARRY4 (Prop_carry4_DI[1]_CO[3])
                                                      0.507    35.832 r  pulse_inst/bpm_reg_reg[11]_i_126/CO[3]
                         net (fo=1, routed)           0.000    35.832    pulse_inst/bpm_reg_reg[11]_i_126_n_0
    SLICE_X4Y88          CARRY4 (Prop_carry4_CI_CO[3])
                                                      0.114    35.946 r  pulse_inst/bpm_reg_reg[11]_i_106/CO[3]
                         net (fo=1, routed)           0.000    35.946    pulse_inst/bpm_reg_reg[11]_i_106_n_0
    SLICE_X4Y89          CARRY4 (Prop_carry4_CI_CO[3])
                                                      0.114    36.060 r  pulse_inst/bpm_reg_reg[11]_i_86/CO[3]
                         net (fo=1, routed)           0.000    36.060    pulse_inst/bpm_reg_reg[11]_i_86_n_0
    SLICE_X4Y90          CARRY4 (Prop_carry4_CI_CO[3])
                                                      0.114    36.174 r  pulse_inst/bpm_reg_reg[11]_i_66/CO[3]
                         net (fo=1, routed)           0.000    36.174    pulse_inst/bpm_reg_reg[11]_i_66_n_0
    SLICE_X4Y91          CARRY4 (Prop_carry4_CI_CO[3])
                                                      0.114    36.288 r  pulse_inst/bpm_reg_reg[11]_i_46/CO[3]
                         net (fo=1, routed)           0.000    36.288    pulse_inst/bpm_reg_reg[11]_i_46_n_0
    SLICE_X4Y92          CARRY4 (Prop_carry4_CI_CO[3])
                                                      0.114    36.402 r  pulse_inst/bpm_reg_reg[11]_i_26/CO[3]
                         net (fo=1, routed)           0.000    36.402    pulse_inst/bpm_reg_reg[11]_i_26_n_0
    SLICE_X4Y93          CARRY4 (Prop_carry4_CI_CO[3])
                                                      0.114    36.516 r  pulse_inst/bpm_reg_reg[11]_i_6/CO[3]
                         net (fo=1, routed)           0.000    36.516    pulse_inst/bpm_reg_reg[11]_i_6_n_0
    SLICE_X4Y94          CARRY4 (Prop_carry4_CI_CO[3])
                                                      0.114    36.630 r  pulse_inst/bpm_reg_reg[11]_i_2/CO[3]
                         net (fo=34, routed)          1.067    37.696    pulse_inst/bpm_reg1[11]
    SLICE_X3Y88          LUT6 (Prop_lut6_I0_O)        0.124    37.820 r  pulse_inst/bpm_reg[11]_i_152/O
                         net (fo=1, routed)           0.000    37.820    pulse_inst/bpm_reg[11]_i_152_n_0
    SLICE_X3Y88          CARRY4 (Prop_carry4_S[1]_CO[3])
                                                      0.550    38.370 r  pulse_inst/bpm_reg_reg[11]_i_131/CO[3]
                         net (fo=1, routed)           0.000    38.370    pulse_inst/bpm_reg_reg[11]_i_131_n_0
    SLICE_X3Y89          CARRY4 (Prop_carry4_CI_CO[3])
                                                      0.114    38.484 r  pulse_inst/bpm_reg_reg[11]_i_111/CO[3]
                         net (fo=1, routed)           0.000    38.484    pulse_inst/bpm_reg_reg[11]_i_111_n_0
    SLICE_X3Y90          CARRY4 (Prop_carry4_CI_CO[3])
                                                      0.114    38.598 r  pulse_inst/bpm_reg_reg[11]_i_91/CO[3]
                         net (fo=1, routed)           0.000    38.598    pulse_inst/bpm_reg_reg[11]_i_91_n_0
    SLICE_X3Y91          CARRY4 (Prop_carry4_CI_CO[3])
                                                      0.114    38.712 r  pulse_inst/bpm_reg_reg[11]_i_71/CO[3]
                         net (fo=1, routed)           0.000    38.712    pulse_inst/bpm_reg_reg[11]_i_71_n_0
    SLICE_X3Y92          CARRY4 (Prop_carry4_CI_CO[3])
                                                      0.114    38.826 r  pulse_inst/bpm_reg_reg[11]_i_51/CO[3]
                         net (fo=1, routed)           0.000    38.826    pulse_inst/bpm_reg_reg[11]_i_51_n_0
    SLICE_X3Y93          CARRY4 (Prop_carry4_CI_CO[3])
                                                      0.114    38.940 r  pulse_inst/bpm_reg_reg[11]_i_31/CO[3]
                         net (fo=1, routed)           0.000    38.940    pulse_inst/bpm_reg_reg[11]_i_31_n_0
    SLICE_X3Y94          CARRY4 (Prop_carry4_CI_CO[3])
                                                      0.114    39.054 r  pulse_inst/bpm_reg_reg[11]_i_11/CO[3]
                         net (fo=1, routed)           0.000    39.054    pulse_inst/bpm_reg_reg[11]_i_11_n_0
    SLICE_X3Y95          CARRY4 (Prop_carry4_CI_CO[3])
                                                      0.114    39.168 r  pulse_inst/bpm_reg_reg[11]_i_3/CO[3]
                         net (fo=35, routed)          0.844    40.012    pulse_inst/bpm_reg1[10]
    SLICE_X1Y95          LUT6 (Prop_lut6_I5_O)        0.124    40.136 r  pulse_inst/bpm_reg[11]_i_153/O
                         net (fo=1, routed)           0.528    40.664    pulse_inst/bpm_reg[11]_i_153_n_0
    SLICE_X2Y89          CARRY4 (Prop_carry4_DI[1]_CO[3])
                                                      0.520    41.184 r  pulse_inst/bpm_reg_reg[11]_i_136/CO[3]
                         net (fo=1, routed)           0.000    41.184    pulse_inst/bpm_reg_reg[11]_i_136_n_0
    SLICE_X2Y90          CARRY4 (Prop_carry4_CI_CO[3])
                                                      0.117    41.301 r  pulse_inst/bpm_reg_reg[11]_i_116/CO[3]
                         net (fo=1, routed)           0.000    41.301    pulse_inst/bpm_reg_reg[11]_i_116_n_0
    SLICE_X2Y91          CARRY4 (Prop_carry4_CI_CO[3])
                                                      0.117    41.418 r  pulse_inst/bpm_reg_reg[11]_i_96/CO[3]
                         net (fo=1, routed)           0.000    41.418    pulse_inst/bpm_reg_reg[11]_i_96_n_0
    SLICE_X2Y92          CARRY4 (Prop_carry4_CI_CO[3])
                                                      0.117    41.535 r  pulse_inst/bpm_reg_reg[11]_i_76/CO[3]
                         net (fo=1, routed)           0.000    41.535    pulse_inst/bpm_reg_reg[11]_i_76_n_0
    SLICE_X2Y93          CARRY4 (Prop_carry4_CI_CO[3])
                                                      0.117    41.652 r  pulse_inst/bpm_reg_reg[11]_i_56/CO[3]
                         net (fo=1, routed)           0.000    41.652    pulse_inst/bpm_reg_reg[11]_i_56_n_0
    SLICE_X2Y94          CARRY4 (Prop_carry4_CI_CO[3])
                                                      0.117    41.769 r  pulse_inst/bpm_reg_reg[11]_i_36/CO[3]
                         net (fo=1, routed)           0.000    41.769    pulse_inst/bpm_reg_reg[11]_i_36_n_0
    SLICE_X2Y95          CARRY4 (Prop_carry4_CI_CO[3])
                                                      0.117    41.886 r  pulse_inst/bpm_reg_reg[11]_i_16/CO[3]
                         net (fo=1, routed)           0.000    41.886    pulse_inst/bpm_reg_reg[11]_i_16_n_0
    SLICE_X2Y96          CARRY4 (Prop_carry4_CI_CO[3])
                                                      0.117    42.003 r  pulse_inst/bpm_reg_reg[11]_i_4/CO[3]
                         net (fo=34, routed)          0.952    42.955    pulse_inst/bpm_reg1[9]
    SLICE_X0Y94          LUT6 (Prop_lut6_I0_O)        0.124    43.079 r  pulse_inst/bpm_reg[11]_i_159/O
                         net (fo=1, routed)           0.000    43.079    pulse_inst/bpm_reg[11]_i_159_n_0
    SLICE_X0Y94          CARRY4 (Prop_carry4_S[1]_CO[3])
                                                      0.550    43.629 r  pulse_inst/bpm_reg_reg[11]_i_141/CO[3]
                         net (fo=1, routed)           0.000    43.629    pulse_inst/bpm_reg_reg[11]_i_141_n_0
    SLICE_X0Y95          CARRY4 (Prop_carry4_CI_CO[3])
                                                      0.114    43.743 r  pulse_inst/bpm_reg_reg[11]_i_121/CO[3]
                         net (fo=1, routed)           0.000    43.743    pulse_inst/bpm_reg_reg[11]_i_121_n_0
    SLICE_X0Y96          CARRY4 (Prop_carry4_CI_CO[3])
                                                      0.114    43.857 r  pulse_inst/bpm_reg_reg[11]_i_101/CO[3]
                         net (fo=1, routed)           0.000    43.857    pulse_inst/bpm_reg_reg[11]_i_101_n_0
    SLICE_X0Y97          CARRY4 (Prop_carry4_CI_CO[3])
                                                      0.114    43.971 r  pulse_inst/bpm_reg_reg[11]_i_81/CO[3]
                         net (fo=1, routed)           0.000    43.971    pulse_inst/bpm_reg_reg[11]_i_81_n_0
    SLICE_X0Y98          CARRY4 (Prop_carry4_CI_CO[3])
                                                      0.114    44.085 r  pulse_inst/bpm_reg_reg[11]_i_61/CO[3]
                         net (fo=1, routed)           0.000    44.085    pulse_inst/bpm_reg_reg[11]_i_61_n_0
    SLICE_X0Y99          CARRY4 (Prop_carry4_CI_CO[3])
                                                      0.114    44.199 r  pulse_inst/bpm_reg_reg[11]_i_41/CO[3]
                         net (fo=1, routed)           0.001    44.199    pulse_inst/bpm_reg_reg[11]_i_41_n_0
    SLICE_X0Y100         CARRY4 (Prop_carry4_CI_CO[3])
                                                      0.114    44.313 r  pulse_inst/bpm_reg_reg[11]_i_21/CO[3]
                         net (fo=1, routed)           0.000    44.313    pulse_inst/bpm_reg_reg[11]_i_21_n_0
    SLICE_X0Y101         CARRY4 (Prop_carry4_CI_CO[3])
                                                      0.114    44.427 r  pulse_inst/bpm_reg_reg[11]_i_5/CO[3]
                         net (fo=35, routed)          0.706    45.134    pulse_inst/bpm_reg1[8]
    SLICE_X3Y101         LUT6 (Prop_lut6_I5_O)        0.124    45.258 r  pulse_inst/bpm_reg[7]_i_146/O
                         net (fo=1, routed)           0.331    45.588    pulse_inst/bpm_reg[7]_i_146_n_0
    SLICE_X2Y100         CARRY4 (Prop_carry4_DI[1]_CO[3])
                                                      0.520    46.108 r  pulse_inst/bpm_reg_reg[7]_i_126/CO[3]
                         net (fo=1, routed)           0.000    46.108    pulse_inst/bpm_reg_reg[7]_i_126_n_0
    SLICE_X2Y101         CARRY4 (Prop_carry4_CI_CO[3])
                                                      0.117    46.225 r  pulse_inst/bpm_reg_reg[7]_i_106/CO[3]
                         net (fo=1, routed)           0.000    46.225    pulse_inst/bpm_reg_reg[7]_i_106_n_0
    SLICE_X2Y102         CARRY4 (Prop_carry4_CI_CO[3])
                                                      0.117    46.342 r  pulse_inst/bpm_reg_reg[7]_i_86/CO[3]
                         net (fo=1, routed)           0.000    46.342    pulse_inst/bpm_reg_reg[7]_i_86_n_0
    SLICE_X2Y103         CARRY4 (Prop_carry4_CI_CO[3])
                                                      0.117    46.459 r  pulse_inst/bpm_reg_reg[7]_i_66/CO[3]
                         net (fo=1, routed)           0.000    46.459    pulse_inst/bpm_reg_reg[7]_i_66_n_0
    SLICE_X2Y104         CARRY4 (Prop_carry4_CI_CO[3])
                                                      0.117    46.576 r  pulse_inst/bpm_reg_reg[7]_i_46/CO[3]
                         net (fo=1, routed)           0.000    46.576    pulse_inst/bpm_reg_reg[7]_i_46_n_0
    SLICE_X2Y105         CARRY4 (Prop_carry4_CI_CO[3])
                                                      0.117    46.693 r  pulse_inst/bpm_reg_reg[7]_i_26/CO[3]
                         net (fo=1, routed)           0.000    46.693    pulse_inst/bpm_reg_reg[7]_i_26_n_0
    SLICE_X2Y106         CARRY4 (Prop_carry4_CI_CO[3])
                                                      0.117    46.810 r  pulse_inst/bpm_reg_reg[7]_i_6/CO[3]
                         net (fo=1, routed)           0.000    46.810    pulse_inst/bpm_reg_reg[7]_i_6_n_0
    SLICE_X2Y107         CARRY4 (Prop_carry4_CI_CO[3])
                                                      0.117    46.927 r  pulse_inst/bpm_reg_reg[7]_i_2/CO[3]
                         net (fo=35, routed)          0.724    47.651    pulse_inst/bpm_reg1[7]
    SLICE_X0Y106         LUT6 (Prop_lut6_I5_O)        0.124    47.775 r  pulse_inst/bpm_reg[7]_i_150/O
                         net (fo=1, routed)           0.338    48.113    pulse_inst/bpm_reg[7]_i_150_n_0
    SLICE_X3Y105         CARRY4 (Prop_carry4_DI[1]_CO[3])
                                                      0.507    48.620 r  pulse_inst/bpm_reg_reg[7]_i_131/CO[3]
                         net (fo=1, routed)           0.000    48.620    pulse_inst/bpm_reg_reg[7]_i_131_n_0
    SLICE_X3Y106         CARRY4 (Prop_carry4_CI_CO[3])
                                                      0.114    48.734 r  pulse_inst/bpm_reg_reg[7]_i_111/CO[3]
                         net (fo=1, routed)           0.000    48.734    pulse_inst/bpm_reg_reg[7]_i_111_n_0
    SLICE_X3Y107         CARRY4 (Prop_carry4_CI_CO[3])
                                                      0.114    48.848 r  pulse_inst/bpm_reg_reg[7]_i_91/CO[3]
                         net (fo=1, routed)           0.000    48.848    pulse_inst/bpm_reg_reg[7]_i_91_n_0
    SLICE_X3Y108         CARRY4 (Prop_carry4_CI_CO[3])
                                                      0.114    48.962 r  pulse_inst/bpm_reg_reg[7]_i_71/CO[3]
                         net (fo=1, routed)           0.000    48.962    pulse_inst/bpm_reg_reg[7]_i_71_n_0
    SLICE_X3Y109         CARRY4 (Prop_carry4_CI_CO[3])
                                                      0.114    49.076 r  pulse_inst/bpm_reg_reg[7]_i_51/CO[3]
                         net (fo=1, routed)           0.000    49.076    pulse_inst/bpm_reg_reg[7]_i_51_n_0
    SLICE_X3Y110         CARRY4 (Prop_carry4_CI_CO[3])
                                                      0.114    49.190 r  pulse_inst/bpm_reg_reg[7]_i_31/CO[3]
                         net (fo=1, routed)           0.000    49.190    pulse_inst/bpm_reg_reg[7]_i_31_n_0
    SLICE_X3Y111         CARRY4 (Prop_carry4_CI_CO[3])
                                                      0.114    49.304 r  pulse_inst/bpm_reg_reg[7]_i_11/CO[3]
                         net (fo=1, routed)           0.000    49.304    pulse_inst/bpm_reg_reg[7]_i_11_n_0
    SLICE_X3Y112         CARRY4 (Prop_carry4_CI_CO[3])
                                                      0.114    49.418 r  pulse_inst/bpm_reg_reg[7]_i_3/CO[3]
                         net (fo=34, routed)          0.925    50.343    pulse_inst/bpm_reg1[6]
    SLICE_X4Y110         LUT6 (Prop_lut6_I0_O)        0.124    50.467 r  pulse_inst/bpm_reg[7]_i_156/O
                         net (fo=1, routed)           0.000    50.467    pulse_inst/bpm_reg[7]_i_156_n_0
    SLICE_X4Y110         CARRY4 (Prop_carry4_S[1]_CO[3])
                                                      0.550    51.017 r  pulse_inst/bpm_reg_reg[7]_i_136/CO[3]
                         net (fo=1, routed)           0.000    51.017    pulse_inst/bpm_reg_reg[7]_i_136_n_0
    SLICE_X4Y111         CARRY4 (Prop_carry4_CI_CO[3])
                                                      0.114    51.131 r  pulse_inst/bpm_reg_reg[7]_i_116/CO[3]
                         net (fo=1, routed)           0.000    51.131    pulse_inst/bpm_reg_reg[7]_i_116_n_0
    SLICE_X4Y112         CARRY4 (Prop_carry4_CI_CO[3])
                                                      0.114    51.245 r  pulse_inst/bpm_reg_reg[7]_i_96/CO[3]
                         net (fo=1, routed)           0.000    51.245    pulse_inst/bpm_reg_reg[7]_i_96_n_0
    SLICE_X4Y113         CARRY4 (Prop_carry4_CI_CO[3])
                                                      0.114    51.359 r  pulse_inst/bpm_reg_reg[7]_i_76/CO[3]
                         net (fo=1, routed)           0.000    51.359    pulse_inst/bpm_reg_reg[7]_i_76_n_0
    SLICE_X4Y114         CARRY4 (Prop_carry4_CI_CO[3])
                                                      0.114    51.473 r  pulse_inst/bpm_reg_reg[7]_i_56/CO[3]
                         net (fo=1, routed)           0.000    51.473    pulse_inst/bpm_reg_reg[7]_i_56_n_0
    SLICE_X4Y115         CARRY4 (Prop_carry4_CI_CO[3])
                                                      0.114    51.587 r  pulse_inst/bpm_reg_reg[7]_i_36/CO[3]
                         net (fo=1, routed)           0.000    51.587    pulse_inst/bpm_reg_reg[7]_i_36_n_0
    SLICE_X4Y116         CARRY4 (Prop_carry4_CI_CO[3])
                                                      0.114    51.701 r  pulse_inst/bpm_reg_reg[7]_i_16/CO[3]
                         net (fo=1, routed)           0.000    51.701    pulse_inst/bpm_reg_reg[7]_i_16_n_0
    SLICE_X4Y117         CARRY4 (Prop_carry4_CI_CO[3])
                                                      0.114    51.815 r  pulse_inst/bpm_reg_reg[7]_i_4/CO[3]
                         net (fo=34, routed)          0.893    52.707    pulse_inst/bpm_reg1[5]
    SLICE_X3Y116         LUT6 (Prop_lut6_I0_O)        0.124    52.831 r  pulse_inst/bpm_reg[7]_i_159/O
                         net (fo=1, routed)           0.000    52.831    pulse_inst/bpm_reg[7]_i_159_n_0
    SLICE_X3Y116         CARRY4 (Prop_carry4_S[1]_CO[3])
                                                      0.550    53.381 r  pulse_inst/bpm_reg_reg[7]_i_141/CO[3]
                         net (fo=1, routed)           0.000    53.381    pulse_inst/bpm_reg_reg[7]_i_141_n_0
    SLICE_X3Y117         CARRY4 (Prop_carry4_CI_CO[3])
                                                      0.114    53.495 r  pulse_inst/bpm_reg_reg[7]_i_121/CO[3]
                         net (fo=1, routed)           0.000    53.495    pulse_inst/bpm_reg_reg[7]_i_121_n_0
    SLICE_X3Y118         CARRY4 (Prop_carry4_CI_CO[3])
                                                      0.114    53.609 r  pulse_inst/bpm_reg_reg[7]_i_101/CO[3]
                         net (fo=1, routed)           0.000    53.609    pulse_inst/bpm_reg_reg[7]_i_101_n_0
    SLICE_X3Y119         CARRY4 (Prop_carry4_CI_CO[3])
                                                      0.114    53.723 r  pulse_inst/bpm_reg_reg[7]_i_81/CO[3]
                         net (fo=1, routed)           0.000    53.723    pulse_inst/bpm_reg_reg[7]_i_81_n_0
    SLICE_X3Y120         CARRY4 (Prop_carry4_CI_CO[3])
                                                      0.114    53.837 r  pulse_inst/bpm_reg_reg[7]_i_61/CO[3]
                         net (fo=1, routed)           0.000    53.837    pulse_inst/bpm_reg_reg[7]_i_61_n_0
    SLICE_X3Y121         CARRY4 (Prop_carry4_CI_CO[3])
                                                      0.114    53.951 r  pulse_inst/bpm_reg_reg[7]_i_41/CO[3]
                         net (fo=1, routed)           0.000    53.951    pulse_inst/bpm_reg_reg[7]_i_41_n_0
    SLICE_X3Y122         CARRY4 (Prop_carry4_CI_CO[3])
                                                      0.114    54.065 r  pulse_inst/bpm_reg_reg[7]_i_21/CO[3]
                         net (fo=1, routed)           0.000    54.065    pulse_inst/bpm_reg_reg[7]_i_21_n_0
    SLICE_X3Y123         CARRY4 (Prop_carry4_CI_CO[3])
                                                      0.114    54.179 r  pulse_inst/bpm_reg_reg[7]_i_5/CO[3]
                         net (fo=35, routed)          1.027    55.206    pulse_inst/bpm_reg1[4]
    SLICE_X2Y122         LUT6 (Prop_lut6_I5_O)        0.124    55.330 r  pulse_inst/bpm_reg[3]_i_148/O
                         net (fo=1, routed)           0.000    55.330    pulse_inst/bpm_reg[3]_i_148_n_0
    SLICE_X2Y122         CARRY4 (Prop_carry4_S[1]_CO[3])
                                                      0.533    55.863 r  pulse_inst/bpm_reg_reg[3]_i_125/CO[3]
                         net (fo=1, routed)           0.000    55.863    pulse_inst/bpm_reg_reg[3]_i_125_n_0
    SLICE_X2Y123         CARRY4 (Prop_carry4_CI_CO[3])
                                                      0.117    55.980 r  pulse_inst/bpm_reg_reg[3]_i_105/CO[3]
                         net (fo=1, routed)           0.000    55.980    pulse_inst/bpm_reg_reg[3]_i_105_n_0
    SLICE_X2Y124         CARRY4 (Prop_carry4_CI_CO[3])
                                                      0.117    56.097 r  pulse_inst/bpm_reg_reg[3]_i_85/CO[3]
                         net (fo=1, routed)           0.009    56.106    pulse_inst/bpm_reg_reg[3]_i_85_n_0
    SLICE_X2Y125         CARRY4 (Prop_carry4_CI_CO[3])
                                                      0.117    56.223 r  pulse_inst/bpm_reg_reg[3]_i_65/CO[3]
                         net (fo=1, routed)           0.000    56.223    pulse_inst/bpm_reg_reg[3]_i_65_n_0
    SLICE_X2Y126         CARRY4 (Prop_carry4_CI_CO[3])
                                                      0.117    56.340 r  pulse_inst/bpm_reg_reg[3]_i_45/CO[3]
                         net (fo=1, routed)           0.000    56.340    pulse_inst/bpm_reg_reg[3]_i_45_n_0
    SLICE_X2Y127         CARRY4 (Prop_carry4_CI_CO[3])
                                                      0.117    56.457 r  pulse_inst/bpm_reg_reg[3]_i_25/CO[3]
                         net (fo=1, routed)           0.000    56.457    pulse_inst/bpm_reg_reg[3]_i_25_n_0
    SLICE_X2Y128         CARRY4 (Prop_carry4_CI_CO[3])
                                                      0.117    56.574 r  pulse_inst/bpm_reg_reg[3]_i_6/CO[3]
                         net (fo=1, routed)           0.000    56.574    pulse_inst/bpm_reg_reg[3]_i_6_n_0
    SLICE_X2Y129         CARRY4 (Prop_carry4_CI_CO[3])
                                                      0.117    56.691 r  pulse_inst/bpm_reg_reg[3]_i_2/CO[3]
                         net (fo=35, routed)          0.708    57.399    pulse_inst/bpm_reg1[3]
    SLICE_X0Y128         LUT6 (Prop_lut6_I5_O)        0.124    57.523 r  pulse_inst/bpm_reg[3]_i_149/O
                         net (fo=1, routed)           0.338    57.861    pulse_inst/bpm_reg[3]_i_149_n_0
    SLICE_X3Y127         CARRY4 (Prop_carry4_DI[1]_CO[3])
                                                      0.507    58.368 r  pulse_inst/bpm_reg_reg[3]_i_130/CO[3]
                         net (fo=1, routed)           0.000    58.368    pulse_inst/bpm_reg_reg[3]_i_130_n_0
    SLICE_X3Y128         CARRY4 (Prop_carry4_CI_CO[3])
                                                      0.114    58.482 r  pulse_inst/bpm_reg_reg[3]_i_110/CO[3]
                         net (fo=1, routed)           0.000    58.482    pulse_inst/bpm_reg_reg[3]_i_110_n_0
    SLICE_X3Y129         CARRY4 (Prop_carry4_CI_CO[3])
                                                      0.114    58.596 r  pulse_inst/bpm_reg_reg[3]_i_90/CO[3]
                         net (fo=1, routed)           0.000    58.596    pulse_inst/bpm_reg_reg[3]_i_90_n_0
    SLICE_X3Y130         CARRY4 (Prop_carry4_CI_CO[3])
                                                      0.114    58.710 r  pulse_inst/bpm_reg_reg[3]_i_70/CO[3]
                         net (fo=1, routed)           0.000    58.710    pulse_inst/bpm_reg_reg[3]_i_70_n_0
    SLICE_X3Y131         CARRY4 (Prop_carry4_CI_CO[3])
                                                      0.114    58.824 r  pulse_inst/bpm_reg_reg[3]_i_50/CO[3]
                         net (fo=1, routed)           0.000    58.824    pulse_inst/bpm_reg_reg[3]_i_50_n_0
    SLICE_X3Y132         CARRY4 (Prop_carry4_CI_CO[3])
                                                      0.114    58.938 r  pulse_inst/bpm_reg_reg[3]_i_30/CO[3]
                         net (fo=1, routed)           0.000    58.938    pulse_inst/bpm_reg_reg[3]_i_30_n_0
    SLICE_X3Y133         CARRY4 (Prop_carry4_CI_CO[3])
                                                      0.114    59.052 r  pulse_inst/bpm_reg_reg[3]_i_11/CO[3]
                         net (fo=1, routed)           0.000    59.052    pulse_inst/bpm_reg_reg[3]_i_11_n_0
    SLICE_X3Y134         CARRY4 (Prop_carry4_CI_CO[3])
                                                      0.114    59.166 r  pulse_inst/bpm_reg_reg[3]_i_3/CO[3]
                         net (fo=35, routed)          1.087    60.253    pulse_inst/bpm_reg1[2]
    SLICE_X5Y127         LUT6 (Prop_lut6_I5_O)        0.124    60.377 r  pulse_inst/bpm_reg[3]_i_153/O
                         net (fo=1, routed)           0.190    60.567    pulse_inst/bpm_reg[3]_i_153_n_0
    SLICE_X4Y127         CARRY4 (Prop_carry4_DI[1]_CO[3])
                                                      0.507    61.074 r  pulse_inst/bpm_reg_reg[3]_i_135/CO[3]
                         net (fo=1, routed)           0.000    61.074    pulse_inst/bpm_reg_reg[3]_i_135_n_0
    SLICE_X4Y128         CARRY4 (Prop_carry4_CI_CO[3])
                                                      0.114    61.188 r  pulse_inst/bpm_reg_reg[3]_i_115/CO[3]
                         net (fo=1, routed)           0.000    61.188    pulse_inst/bpm_reg_reg[3]_i_115_n_0
    SLICE_X4Y129         CARRY4 (Prop_carry4_CI_CO[3])
                                                      0.114    61.302 r  pulse_inst/bpm_reg_reg[3]_i_95/CO[3]
                         net (fo=1, routed)           0.000    61.302    pulse_inst/bpm_reg_reg[3]_i_95_n_0
    SLICE_X4Y130         CARRY4 (Prop_carry4_CI_CO[3])
                                                      0.114    61.416 r  pulse_inst/bpm_reg_reg[3]_i_75/CO[3]
                         net (fo=1, routed)           0.000    61.416    pulse_inst/bpm_reg_reg[3]_i_75_n_0
    SLICE_X4Y131         CARRY4 (Prop_carry4_CI_CO[3])
                                                      0.114    61.530 r  pulse_inst/bpm_reg_reg[3]_i_55/CO[3]
                         net (fo=1, routed)           0.000    61.530    pulse_inst/bpm_reg_reg[3]_i_55_n_0
    SLICE_X4Y132         CARRY4 (Prop_carry4_CI_CO[3])
                                                      0.114    61.644 r  pulse_inst/bpm_reg_reg[3]_i_35/CO[3]
                         net (fo=1, routed)           0.000    61.644    pulse_inst/bpm_reg_reg[3]_i_35_n_0
    SLICE_X4Y133         CARRY4 (Prop_carry4_CI_CO[3])
                                                      0.114    61.758 r  pulse_inst/bpm_reg_reg[3]_i_16/CO[3]
                         net (fo=1, routed)           0.000    61.758    pulse_inst/bpm_reg_reg[3]_i_16_n_0
    SLICE_X4Y134         CARRY4 (Prop_carry4_CI_CO[3])
                                                      0.114    61.872 r  pulse_inst/bpm_reg_reg[3]_i_4/CO[3]
                         net (fo=35, routed)          0.737    62.609    pulse_inst/bpm_reg1[1]
    SLICE_X7Y134         LUT6 (Prop_lut6_I5_O)        0.124    62.733 r  pulse_inst/bpm_reg[3]_i_157/O
                         net (fo=1, routed)           0.929    63.662    pulse_inst/bpm_reg[3]_i_157_n_0
    SLICE_X5Y128         CARRY4 (Prop_carry4_DI[0]_CO[3])
                                                      0.633    64.295 r  pulse_inst/bpm_reg_reg[3]_i_140/CO[3]
                         net (fo=1, routed)           0.000    64.295    pulse_inst/bpm_reg_reg[3]_i_140_n_0
    SLICE_X5Y129         CARRY4 (Prop_carry4_CI_CO[3])
                                                      0.114    64.409 r  pulse_inst/bpm_reg_reg[3]_i_120/CO[3]
                         net (fo=1, routed)           0.000    64.409    pulse_inst/bpm_reg_reg[3]_i_120_n_0
    SLICE_X5Y130         CARRY4 (Prop_carry4_CI_CO[3])
                                                      0.114    64.523 r  pulse_inst/bpm_reg_reg[3]_i_100/CO[3]
                         net (fo=1, routed)           0.000    64.523    pulse_inst/bpm_reg_reg[3]_i_100_n_0
    SLICE_X5Y131         CARRY4 (Prop_carry4_CI_CO[3])
                                                      0.114    64.637 r  pulse_inst/bpm_reg_reg[3]_i_80/CO[3]
                         net (fo=1, routed)           0.000    64.637    pulse_inst/bpm_reg_reg[3]_i_80_n_0
    SLICE_X5Y132         CARRY4 (Prop_carry4_CI_CO[3])
                                                      0.114    64.751 r  pulse_inst/bpm_reg_reg[3]_i_60/CO[3]
                         net (fo=1, routed)           0.000    64.751    pulse_inst/bpm_reg_reg[3]_i_60_n_0
    SLICE_X5Y133         CARRY4 (Prop_carry4_CI_CO[3])
                                                      0.114    64.865 r  pulse_inst/bpm_reg_reg[3]_i_40/CO[3]
                         net (fo=1, routed)           0.000    64.865    pulse_inst/bpm_reg_reg[3]_i_40_n_0
    SLICE_X5Y134         CARRY4 (Prop_carry4_CI_CO[3])
                                                      0.114    64.979 r  pulse_inst/bpm_reg_reg[3]_i_21/CO[3]
                         net (fo=1, routed)           0.000    64.979    pulse_inst/bpm_reg_reg[3]_i_21_n_0
    SLICE_X5Y135         CARRY4 (Prop_carry4_CI_CO[2])
                                                      0.228    65.207 r  pulse_inst/bpm_reg_reg[3]_i_5/CO[2]
                         net (fo=1, routed)           0.662    65.869    pulse_inst/bpm_reg1[0]
    SLICE_X4Y135         CARRY4 (Prop_carry4_S[0]_CO[3])
                                                      0.845    66.714 r  pulse_inst/bpm_reg_reg[3]_i_1/CO[3]
                         net (fo=1, routed)           0.000    66.714    pulse_inst/bpm_reg_reg[3]_i_1_n_0
    SLICE_X4Y136         CARRY4 (Prop_carry4_CI_CO[3])
                                                      0.114    66.828 r  pulse_inst/bpm_reg_reg[7]_i_1/CO[3]
                         net (fo=1, routed)           0.000    66.828    pulse_inst/bpm_reg_reg[7]_i_1_n_0
    SLICE_X4Y137         CARRY4 (Prop_carry4_CI_O[1])
                                                      0.334    67.162 r  pulse_inst/bpm_reg_reg[11]_i_1/O[1]
                         net (fo=1, routed)           0.000    67.162    pulse_inst/bpm_reg_reg[11]_i_1_n_6
    SLICE_X4Y137         FDRE                                         r  pulse_inst/bpm_reg_reg[9]/D
  -------------------------------------------------------------------    -------------------

                         (clock sys_clk_pin rise edge)
                                                     10.000    10.000 r  
    W5                                                0.000    10.000 r  clk (IN)
                         net (fo=0)                   0.000    10.000    clk
    W5                   IBUF (Prop_ibuf_I_O)         1.388    11.388 r  clk_IBUF_inst/O
                         net (fo=1, routed)           1.862    13.250    clk_IBUF
    BUFGCTRL_X0Y1        BUFG (Prop_bufg_I_O)         0.091    13.341 r  clk_IBUF_BUFG_inst/O
                         net (fo=236, routed)         1.678    15.019    pulse_inst/clk_IBUF_BUFG
    SLICE_X4Y137         FDRE                                         r  pulse_inst/bpm_reg_reg[9]/C
                         clock pessimism              0.187    15.206    
                         clock uncertainty           -0.035    15.171    
    SLICE_X4Y137         FDRE (Setup_fdre_C_D)        0.062    15.233    pulse_inst/bpm_reg_reg[9]
  -------------------------------------------------------------------
                         required time                         15.233    
                         arrival time                         -67.162    
  -------------------------------------------------------------------
                         slack                                -51.929    

Slack (VIOLATED) :        -51.908ns  (required time - arrival time)
  Source:                 pulse_inst/beat_count_reg[2]_replica_12/C
                            (rising edge-triggered cell FDRE clocked by sys_clk_pin  {rise@0.000ns fall@5.000ns period=10.000ns})
  Destination:            pulse_inst/bpm_reg_reg[11]/D
                            (rising edge-triggered cell FDRE clocked by sys_clk_pin  {rise@0.000ns fall@5.000ns period=10.000ns})
  Path Group:             sys_clk_pin
  Path Type:              Setup (Max at Slow Process Corner)
  Requirement:            10.000ns  (sys_clk_pin rise@10.000ns - sys_clk_pin rise@0.000ns)
  Data Path Delay:        62.008ns  (logic 29.376ns (47.375%)  route 32.632ns (52.625%))
  Logic Levels:           171  (CARRY4=133 LUT4=2 LUT5=12 LUT6=24)
  Clock Path Skew:        0.073ns (DCD - SCD + CPR)
    Destination Clock Delay (DCD):    5.019ns = ( 15.019 - 10.000 ) 
    Source Clock Delay      (SCD):    5.133ns
    Clock Pessimism Removal (CPR):    0.187ns
  Clock Uncertainty:      0.035ns  ((TSJ^2 + TIJ^2)^1/2 + DJ) / 2 + PE
    Total System Jitter     (TSJ):    0.071ns
    Total Input Jitter      (TIJ):    0.000ns
    Discrete Jitter          (DJ):    0.000ns
    Phase Error              (PE):    0.000ns

    Location             Delay type                Incr(ns)  Path(ns)    Netlist Resource(s)
  -------------------------------------------------------------------    -------------------
                         (clock sys_clk_pin rise edge)
                                                      0.000     0.000 r  
    W5                                                0.000     0.000 r  clk (IN)
                         net (fo=0)                   0.000     0.000    clk
    W5                   IBUF (Prop_ibuf_I_O)         1.458     1.458 r  clk_IBUF_inst/O
                         net (fo=1, routed)           1.967     3.425    clk_IBUF
    BUFGCTRL_X0Y1        BUFG (Prop_bufg_I_O)         0.096     3.521 r  clk_IBUF_BUFG_inst/O
                         net (fo=236, routed)         1.612     5.133    pulse_inst/clk_IBUF_BUFG
    SLICE_X5Y81          FDRE                                         r  pulse_inst/beat_count_reg[2]_replica_12/C
  -------------------------------------------------------------------    -------------------
    SLICE_X5Y81          FDRE (Prop_fdre_C_Q)         0.456     5.589 r  pulse_inst/beat_count_reg[2]_replica_12/Q
                         net (fo=85, routed)          1.401     6.989    pulse_inst/beat_count_reg_n_0_[2]_repN_12
    SLICE_X2Y81          LUT6 (Prop_lut6_I0_O)        0.124     7.113 f  pulse_inst/bpm_reg[15]_i_217/O
                         net (fo=2, routed)           0.495     7.609    pulse_inst/bpm_reg[15]_i_217_n_0
    SLICE_X2Y81          LUT6 (Prop_lut6_I0_O)        0.124     7.733 r  pulse_inst/bpm_reg[15]_i_130/O
                         net (fo=2, routed)           0.653     8.385    pulse_inst/bpm_reg[15]_i_130_n_0
    SLICE_X3Y82          LUT5 (Prop_lut5_I0_O)        0.124     8.509 r  pulse_inst/bpm_reg[15]_i_134/O
                         net (fo=1, routed)           0.000     8.509    pulse_inst/bpm_reg[15]_i_134_n_0
    SLICE_X3Y82          CARRY4 (Prop_carry4_S[1]_CO[3])
                                                      0.550     9.059 r  pulse_inst/bpm_reg_reg[15]_i_86/CO[3]
                         net (fo=1, routed)           0.000     9.059    pulse_inst/bpm_reg_reg[15]_i_86_n_0
    SLICE_X3Y83          CARRY4 (Prop_carry4_CI_O[0])
                                                      0.222     9.281 r  pulse_inst/bpm_reg_reg[15]_i_53/O[0]
                         net (fo=12, routed)          0.883    10.164    pulse_inst/bpm_reg_reg[15]_i_53_n_7
    SLICE_X2Y82          LUT6 (Prop_lut6_I0_O)        0.299    10.463 r  pulse_inst/bpm_reg[15]_i_120/O
                         net (fo=6, routed)           0.361    10.825    pulse_inst/bpm_reg[15]_i_120_n_0
    SLICE_X2Y83          LUT5 (Prop_lut5_I3_O)        0.124    10.949 r  pulse_inst/bpm_reg[15]_i_179/O
                         net (fo=2, routed)           0.601    11.550    pulse_inst/bpm_reg[15]_i_179_n_0
    SLICE_X2Y82          LUT6 (Prop_lut6_I0_O)        0.124    11.674 r  pulse_inst/bpm_reg[15]_i_119/O
                         net (fo=5, routed)           0.609    12.283    pulse_inst/bpm_reg[15]_i_119_n_0
    SLICE_X0Y82          LUT5 (Prop_lut5_I0_O)        0.124    12.407 f  pulse_inst/bpm_reg[15]_i_122/O
                         net (fo=11, routed)          0.876    13.282    pulse_inst/bpm_reg[15]_i_122_n_0
    SLICE_X4Y82          LUT5 (Prop_lut5_I2_O)        0.124    13.406 r  pulse_inst/bpm_reg[15]_i_121/O
                         net (fo=4, routed)           0.334    13.741    pulse_inst/bpm_reg[15]_i_121_n_0
    SLICE_X4Y83          LUT5 (Prop_lut5_I1_O)        0.124    13.865 r  pulse_inst/bpm_reg[15]_i_274/O
                         net (fo=1, routed)           0.306    14.170    pulse_inst/bpm_reg[15]_i_274_n_0
    SLICE_X4Y81          LUT4 (Prop_lut4_I0_O)        0.124    14.294 r  pulse_inst/bpm_reg[15]_i_190/O
                         net (fo=1, routed)           0.821    15.116    pulse_inst/bpm_reg[15]_i_190_n_0
    SLICE_X2Y81          LUT6 (Prop_lut6_I2_O)        0.124    15.240 r  pulse_inst/bpm_reg[15]_i_123_comp/O
                         net (fo=6, routed)           0.488    15.728    pulse_inst/bpm_reg[15]_i_123_n_0
    SLICE_X0Y80          LUT5 (Prop_lut5_I2_O)        0.124    15.852 r  pulse_inst/bpm_reg[15]_i_203/O
                         net (fo=3, routed)           0.451    16.303    pulse_inst/bpm_reg[15]_i_203_n_0
    SLICE_X0Y80          LUT5 (Prop_lut5_I4_O)        0.124    16.427 r  pulse_inst/bpm_reg[15]_i_126/O
                         net (fo=11, routed)          0.522    16.949    pulse_inst/bpm_reg[15]_i_126_n_0
    SLICE_X4Y79          LUT5 (Prop_lut5_I2_O)        0.124    17.073 f  pulse_inst/bpm_reg[15]_i_251/O
                         net (fo=6, routed)           0.838    17.910    pulse_inst/bpm_reg[15]_i_251_n_0
    SLICE_X7Y79          LUT6 (Prop_lut6_I1_O)        0.124    18.034 r  pulse_inst/bpm_reg[15]_i_166_comp/O
                         net (fo=10, routed)          0.375    18.410    pulse_inst/bpm_reg[15]_i_166_n_0
    SLICE_X6Y80          LUT5 (Prop_lut5_I2_O)        0.124    18.534 r  pulse_inst/bpm_reg[15]_i_247/O
                         net (fo=4, routed)           0.184    18.717    pulse_inst/bpm_reg[15]_i_247_n_0
    SLICE_X6Y80          LUT4 (Prop_lut4_I0_O)        0.124    18.841 f  pulse_inst/bpm_reg[15]_i_255/O
                         net (fo=5, routed)           0.711    19.552    pulse_inst/bpm_reg[15]_i_255_n_0
    SLICE_X7Y81          LUT6 (Prop_lut6_I1_O)        0.124    19.676 r  pulse_inst/bpm_reg[15]_i_168_comp/O
                         net (fo=10, routed)          0.485    20.161    pulse_inst/bpm_reg[15]_i_168_n_0
    SLICE_X6Y82          LUT5 (Prop_lut5_I2_O)        0.124    20.285 r  pulse_inst/bpm_reg[15]_i_253/O
                         net (fo=4, routed)           0.185    20.470    pulse_inst/bpm_reg[15]_i_253_n_0
    SLICE_X6Y82          LUT5 (Prop_lut5_I3_O)        0.124    20.594 r  pulse_inst/bpm_reg[15]_i_167/O
                         net (fo=10, routed)          0.511    21.105    pulse_inst/bpm_reg[15]_i_167_n_0
    SLICE_X6Y85          LUT5 (Prop_lut5_I4_O)        0.124    21.229 f  pulse_inst/bpm_reg[15]_i_260/O
                         net (fo=7, routed)           0.644    21.872    pulse_inst/bpm_reg[15]_i_260_n_0
    SLICE_X5Y84          LUT6 (Prop_lut6_I1_O)        0.124    21.996 r  pulse_inst/bpm_reg[15]_i_169_comp/O
                         net (fo=10, routed)          0.923    22.919    pulse_inst/bpm_reg[15]_i_169_n_0
    SLICE_X5Y85          LUT6 (Prop_lut6_I3_O)        0.124    23.043 r  pulse_inst/bpm_reg[15]_i_177/O
                         net (fo=3, routed)           0.439    23.482    pulse_inst/bpm_reg[15]_i_177_n_0
    SLICE_X4Y85          LUT6 (Prop_lut6_I1_O)        0.124    23.606 f  pulse_inst/bpm_reg[15]_i_116/O
                         net (fo=27, routed)          0.359    23.965    pulse_inst/bpm_reg[15]_i_116_n_0
    SLICE_X6Y85          LUT6 (Prop_lut6_I4_O)        0.124    24.089 r  pulse_inst/bpm_reg[15]_i_332/O
                         net (fo=1, routed)           0.333    24.422    pulse_inst/bpm_reg[15]_i_332_n_0
    SLICE_X7Y87          CARRY4 (Prop_carry4_CYINIT_CO[3])
                                                      0.580    25.002 r  pulse_inst/bpm_reg_reg[15]_i_294/CO[3]
                         net (fo=1, routed)           0.000    25.002    pulse_inst/bpm_reg_reg[15]_i_294_n_0
    SLICE_X7Y88          CARRY4 (Prop_carry4_CI_CO[3])
                                                      0.114    25.116 r  pulse_inst/bpm_reg_reg[15]_i_222/CO[3]
                         net (fo=1, routed)           0.000    25.116    pulse_inst/bpm_reg_reg[15]_i_222_n_0
    SLICE_X7Y89          CARRY4 (Prop_carry4_CI_CO[3])
                                                      0.114    25.230 r  pulse_inst/bpm_reg_reg[15]_i_140/CO[3]
                         net (fo=1, routed)           0.000    25.230    pulse_inst/bpm_reg_reg[15]_i_140_n_0
    SLICE_X7Y90          CARRY4 (Prop_carry4_CI_CO[3])
                                                      0.114    25.344 r  pulse_inst/bpm_reg_reg[15]_i_89/CO[3]
                         net (fo=1, routed)           0.000    25.344    pulse_inst/bpm_reg_reg[15]_i_89_n_0
    SLICE_X7Y91          CARRY4 (Prop_carry4_CI_CO[3])
                                                      0.114    25.458 r  pulse_inst/bpm_reg_reg[15]_i_54/CO[3]
                         net (fo=1, routed)           0.000    25.458    pulse_inst/bpm_reg_reg[15]_i_54_n_0
    SLICE_X7Y92          CARRY4 (Prop_carry4_CI_CO[3])
                                                      0.114    25.572 r  pulse_inst/bpm_reg_reg[15]_i_28/CO[3]
                         net (fo=1, routed)           0.000    25.572    pulse_inst/bpm_reg_reg[15]_i_28_n_0
    SLICE_X7Y93          CARRY4 (Prop_carry4_CI_CO[3])
                                                      0.114    25.686 r  pulse_inst/bpm_reg_reg[15]_i_9/CO[3]
                         net (fo=1, routed)           0.000    25.686    pulse_inst/bpm_reg_reg[15]_i_9_n_0
    SLICE_X7Y94          CARRY4 (Prop_carry4_CI_CO[1])
                                                      0.157    25.843 r  pulse_inst/bpm_reg_reg[15]_i_4/CO[1]
                         net (fo=34, routed)          1.013    26.856    pulse_inst/bpm_reg1[15]
    SLICE_X8Y87          CARRY4 (Prop_carry4_CYINIT_CO[3])
                                                      0.800    27.656 r  pulse_inst/bpm_reg_reg[15]_i_303/CO[3]
                         net (fo=1, routed)           0.000    27.656    pulse_inst/bpm_reg_reg[15]_i_303_n_0
    SLICE_X8Y88          CARRY4 (Prop_carry4_CI_CO[3])
                                                      0.117    27.773 r  pulse_inst/bpm_reg_reg[15]_i_231/CO[3]
                         net (fo=1, routed)           0.000    27.773    pulse_inst/bpm_reg_reg[15]_i_231_n_0
    SLICE_X8Y89          CARRY4 (Prop_carry4_CI_CO[3])
                                                      0.117    27.890 r  pulse_inst/bpm_reg_reg[15]_i_149/CO[3]
                         net (fo=1, routed)           0.000    27.890    pulse_inst/bpm_reg_reg[15]_i_149_n_0
    SLICE_X8Y90          CARRY4 (Prop_carry4_CI_CO[3])
                                                      0.117    28.007 r  pulse_inst/bpm_reg_reg[15]_i_92/CO[3]
                         net (fo=1, routed)           0.000    28.007    pulse_inst/bpm_reg_reg[15]_i_92_n_0
    SLICE_X8Y91          CARRY4 (Prop_carry4_CI_CO[3])
                                                      0.117    28.124 r  pulse_inst/bpm_reg_reg[15]_i_55/CO[3]
                         net (fo=1, routed)           0.000    28.124    pulse_inst/bpm_reg_reg[15]_i_55_n_0
    SLICE_X8Y92          CARRY4 (Prop_carry4_CI_CO[3])
                                                      0.117    28.241 r  pulse_inst/bpm_reg_reg[15]_i_29/CO[3]
                         net (fo=1, routed)           0.000    28.241    pulse_inst/bpm_reg_reg[15]_i_29_n_0
    SLICE_X8Y93          CARRY4 (Prop_carry4_CI_CO[3])
                                                      0.117    28.358 r  pulse_inst/bpm_reg_reg[15]_i_10/CO[3]
                         net (fo=1, routed)           0.000    28.358    pulse_inst/bpm_reg_reg[15]_i_10_n_0
    SLICE_X8Y94          CARRY4 (Prop_carry4_CI_CO[3])
                                                      0.117    28.475 r  pulse_inst/bpm_reg_reg[15]_i_5/CO[3]
                         net (fo=34, routed)          1.318    29.793    pulse_inst/bpm_reg1[14]
    SLICE_X6Y86          CARRY4 (Prop_carry4_CYINIT_CO[3])
                                                      0.595    30.388 r  pulse_inst/bpm_reg_reg[15]_i_308/CO[3]
                         net (fo=1, routed)           0.000    30.388    pulse_inst/bpm_reg_reg[15]_i_308_n_0
    SLICE_X6Y87          CARRY4 (Prop_carry4_CI_CO[3])
                                                      0.117    30.505 r  pulse_inst/bpm_reg_reg[15]_i_236/CO[3]
                         net (fo=1, routed)           0.000    30.505    pulse_inst/bpm_reg_reg[15]_i_236_n_0
    SLICE_X6Y88          CARRY4 (Prop_carry4_CI_CO[3])
                                                      0.117    30.622 r  pulse_inst/bpm_reg_reg[15]_i_155/CO[3]
                         net (fo=1, routed)           0.000    30.622    pulse_inst/bpm_reg_reg[15]_i_155_n_0
    SLICE_X6Y89          CARRY4 (Prop_carry4_CI_CO[3])
                                                      0.117    30.739 r  pulse_inst/bpm_reg_reg[15]_i_97/CO[3]
                         net (fo=1, routed)           0.000    30.739    pulse_inst/bpm_reg_reg[15]_i_97_n_0
    SLICE_X6Y90          CARRY4 (Prop_carry4_CI_CO[3])
                                                      0.117    30.856 r  pulse_inst/bpm_reg_reg[15]_i_60/CO[3]
                         net (fo=1, routed)           0.000    30.856    pulse_inst/bpm_reg_reg[15]_i_60_n_0
    SLICE_X6Y91          CARRY4 (Prop_carry4_CI_CO[3])
                                                      0.117    30.973 r  pulse_inst/bpm_reg_reg[15]_i_34/CO[3]
                         net (fo=1, routed)           0.000    30.973    pulse_inst/bpm_reg_reg[15]_i_34_n_0
    SLICE_X6Y92          CARRY4 (Prop_carry4_CI_CO[3])
                                                      0.117    31.090 r  pulse_inst/bpm_reg_reg[15]_i_15/CO[3]
                         net (fo=1, routed)           0.000    31.090    pulse_inst/bpm_reg_reg[15]_i_15_n_0
    SLICE_X6Y93          CARRY4 (Prop_carry4_CI_CO[3])
                                                      0.117    31.207 r  pulse_inst/bpm_reg_reg[15]_i_6/CO[3]
                         net (fo=34, routed)          1.183    32.390    pulse_inst/bpm_reg1[13]
    SLICE_X5Y86          LUT6 (Prop_lut6_I0_O)        0.124    32.514 r  pulse_inst/bpm_reg[15]_i_350/O
                         net (fo=1, routed)           0.000    32.514    pulse_inst/bpm_reg[15]_i_350_n_0
    SLICE_X5Y86          CARRY4 (Prop_carry4_S[1]_CO[3])
                                                      0.550    33.064 r  pulse_inst/bpm_reg_reg[15]_i_313/CO[3]
                         net (fo=1, routed)           0.000    33.064    pulse_inst/bpm_reg_reg[15]_i_313_n_0
    SLICE_X5Y87          CARRY4 (Prop_carry4_CI_CO[3])
                                                      0.114    33.178 r  pulse_inst/bpm_reg_reg[15]_i_241/CO[3]
                         net (fo=1, routed)           0.000    33.178    pulse_inst/bpm_reg_reg[15]_i_241_n_0
    SLICE_X5Y88          CARRY4 (Prop_carry4_CI_CO[3])
                                                      0.114    33.292 r  pulse_inst/bpm_reg_reg[15]_i_160/CO[3]
                         net (fo=1, routed)           0.000    33.292    pulse_inst/bpm_reg_reg[15]_i_160_n_0
    SLICE_X5Y89          CARRY4 (Prop_carry4_CI_CO[3])
                                                      0.114    33.406 r  pulse_inst/bpm_reg_reg[15]_i_102/CO[3]
                         net (fo=1, routed)           0.000    33.406    pulse_inst/bpm_reg_reg[15]_i_102_n_0
    SLICE_X5Y90          CARRY4 (Prop_carry4_CI_CO[3])
                                                      0.114    33.520 r  pulse_inst/bpm_reg_reg[15]_i_65/CO[3]
                         net (fo=1, routed)           0.000    33.520    pulse_inst/bpm_reg_reg[15]_i_65_n_0
    SLICE_X5Y91          CARRY4 (Prop_carry4_CI_CO[3])
                                                      0.114    33.634 r  pulse_inst/bpm_reg_reg[15]_i_39/CO[3]
                         net (fo=1, routed)           0.000    33.634    pulse_inst/bpm_reg_reg[15]_i_39_n_0
    SLICE_X5Y92          CARRY4 (Prop_carry4_CI_CO[3])
                                                      0.114    33.748 r  pulse_inst/bpm_reg_reg[15]_i_20/CO[3]
                         net (fo=1, routed)           0.000    33.748    pulse_inst/bpm_reg_reg[15]_i_20_n_0
    SLICE_X5Y93          CARRY4 (Prop_carry4_CI_CO[3])
                                                      0.114    33.862 r  pulse_inst/bpm_reg_reg[15]_i_7/CO[3]
                         net (fo=35, routed)          0.989    34.852    pulse_inst/bpm_reg1[12]
    SLICE_X2Y86          LUT6 (Prop_lut6_I5_O)        0.124    34.976 r  pulse_inst/bpm_reg[11]_i_146/O
                         net (fo=1, routed)           0.349    35.325    pulse_inst/bpm_reg[11]_i_146_n_0
    SLICE_X4Y87          CARRY4 (Prop_carry4_DI[1]_CO[3])
                                                      0.507    35.832 r  pulse_inst/bpm_reg_reg[11]_i_126/CO[3]
                         net (fo=1, routed)           0.000    35.832    pulse_inst/bpm_reg_reg[11]_i_126_n_0
    SLICE_X4Y88          CARRY4 (Prop_carry4_CI_CO[3])
                                                      0.114    35.946 r  pulse_inst/bpm_reg_reg[11]_i_106/CO[3]
                         net (fo=1, routed)           0.000    35.946    pulse_inst/bpm_reg_reg[11]_i_106_n_0
    SLICE_X4Y89          CARRY4 (Prop_carry4_CI_CO[3])
                                                      0.114    36.060 r  pulse_inst/bpm_reg_reg[11]_i_86/CO[3]
                         net (fo=1, routed)           0.000    36.060    pulse_inst/bpm_reg_reg[11]_i_86_n_0
    SLICE_X4Y90          CARRY4 (Prop_carry4_CI_CO[3])
                                                      0.114    36.174 r  pulse_inst/bpm_reg_reg[11]_i_66/CO[3]
                         net (fo=1, routed)           0.000    36.174    pulse_inst/bpm_reg_reg[11]_i_66_n_0
    SLICE_X4Y91          CARRY4 (Prop_carry4_CI_CO[3])
                                                      0.114    36.288 r  pulse_inst/bpm_reg_reg[11]_i_46/CO[3]
                         net (fo=1, routed)           0.000    36.288    pulse_inst/bpm_reg_reg[11]_i_46_n_0
    SLICE_X4Y92          CARRY4 (Prop_carry4_CI_CO[3])
                                                      0.114    36.402 r  pulse_inst/bpm_reg_reg[11]_i_26/CO[3]
                         net (fo=1, routed)           0.000    36.402    pulse_inst/bpm_reg_reg[11]_i_26_n_0
    SLICE_X4Y93          CARRY4 (Prop_carry4_CI_CO[3])
                                                      0.114    36.516 r  pulse_inst/bpm_reg_reg[11]_i_6/CO[3]
                         net (fo=1, routed)           0.000    36.516    pulse_inst/bpm_reg_reg[11]_i_6_n_0
    SLICE_X4Y94          CARRY4 (Prop_carry4_CI_CO[3])
                                                      0.114    36.630 r  pulse_inst/bpm_reg_reg[11]_i_2/CO[3]
                         net (fo=34, routed)          1.067    37.696    pulse_inst/bpm_reg1[11]
    SLICE_X3Y88          LUT6 (Prop_lut6_I0_O)        0.124    37.820 r  pulse_inst/bpm_reg[11]_i_152/O
                         net (fo=1, routed)           0.000    37.820    pulse_inst/bpm_reg[11]_i_152_n_0
    SLICE_X3Y88          CARRY4 (Prop_carry4_S[1]_CO[3])
                                                      0.550    38.370 r  pulse_inst/bpm_reg_reg[11]_i_131/CO[3]
                         net (fo=1, routed)           0.000    38.370    pulse_inst/bpm_reg_reg[11]_i_131_n_0
    SLICE_X3Y89          CARRY4 (Prop_carry4_CI_CO[3])
                                                      0.114    38.484 r  pulse_inst/bpm_reg_reg[11]_i_111/CO[3]
                         net (fo=1, routed)           0.000    38.484    pulse_inst/bpm_reg_reg[11]_i_111_n_0
    SLICE_X3Y90          CARRY4 (Prop_carry4_CI_CO[3])
                                                      0.114    38.598 r  pulse_inst/bpm_reg_reg[11]_i_91/CO[3]
                         net (fo=1, routed)           0.000    38.598    pulse_inst/bpm_reg_reg[11]_i_91_n_0
    SLICE_X3Y91          CARRY4 (Prop_carry4_CI_CO[3])
                                                      0.114    38.712 r  pulse_inst/bpm_reg_reg[11]_i_71/CO[3]
                         net (fo=1, routed)           0.000    38.712    pulse_inst/bpm_reg_reg[11]_i_71_n_0
    SLICE_X3Y92          CARRY4 (Prop_carry4_CI_CO[3])
                                                      0.114    38.826 r  pulse_inst/bpm_reg_reg[11]_i_51/CO[3]
                         net (fo=1, routed)           0.000    38.826    pulse_inst/bpm_reg_reg[11]_i_51_n_0
    SLICE_X3Y93          CARRY4 (Prop_carry4_CI_CO[3])
                                                      0.114    38.940 r  pulse_inst/bpm_reg_reg[11]_i_31/CO[3]
                         net (fo=1, routed)           0.000    38.940    pulse_inst/bpm_reg_reg[11]_i_31_n_0
    SLICE_X3Y94          CARRY4 (Prop_carry4_CI_CO[3])
                                                      0.114    39.054 r  pulse_inst/bpm_reg_reg[11]_i_11/CO[3]
                         net (fo=1, routed)           0.000    39.054    pulse_inst/bpm_reg_reg[11]_i_11_n_0
    SLICE_X3Y95          CARRY4 (Prop_carry4_CI_CO[3])
                                                      0.114    39.168 r  pulse_inst/bpm_reg_reg[11]_i_3/CO[3]
                         net (fo=35, routed)          0.844    40.012    pulse_inst/bpm_reg1[10]
    SLICE_X1Y95          LUT6 (Prop_lut6_I5_O)        0.124    40.136 r  pulse_inst/bpm_reg[11]_i_153/O
                         net (fo=1, routed)           0.528    40.664    pulse_inst/bpm_reg[11]_i_153_n_0
    SLICE_X2Y89          CARRY4 (Prop_carry4_DI[1]_CO[3])
                                                      0.520    41.184 r  pulse_inst/bpm_reg_reg[11]_i_136/CO[3]
                         net (fo=1, routed)           0.000    41.184    pulse_inst/bpm_reg_reg[11]_i_136_n_0
    SLICE_X2Y90          CARRY4 (Prop_carry4_CI_CO[3])
                                                      0.117    41.301 r  pulse_inst/bpm_reg_reg[11]_i_116/CO[3]
                         net (fo=1, routed)           0.000    41.301    pulse_inst/bpm_reg_reg[11]_i_116_n_0
    SLICE_X2Y91          CARRY4 (Prop_carry4_CI_CO[3])
                                                      0.117    41.418 r  pulse_inst/bpm_reg_reg[11]_i_96/CO[3]
                         net (fo=1, routed)           0.000    41.418    pulse_inst/bpm_reg_reg[11]_i_96_n_0
    SLICE_X2Y92          CARRY4 (Prop_carry4_CI_CO[3])
                                                      0.117    41.535 r  pulse_inst/bpm_reg_reg[11]_i_76/CO[3]
                         net (fo=1, routed)           0.000    41.535    pulse_inst/bpm_reg_reg[11]_i_76_n_0
    SLICE_X2Y93          CARRY4 (Prop_carry4_CI_CO[3])
                                                      0.117    41.652 r  pulse_inst/bpm_reg_reg[11]_i_56/CO[3]
                         net (fo=1, routed)           0.000    41.652    pulse_inst/bpm_reg_reg[11]_i_56_n_0
    SLICE_X2Y94          CARRY4 (Prop_carry4_CI_CO[3])
                                                      0.117    41.769 r  pulse_inst/bpm_reg_reg[11]_i_36/CO[3]
                         net (fo=1, routed)           0.000    41.769    pulse_inst/bpm_reg_reg[11]_i_36_n_0
    SLICE_X2Y95          CARRY4 (Prop_carry4_CI_CO[3])
                                                      0.117    41.886 r  pulse_inst/bpm_reg_reg[11]_i_16/CO[3]
                         net (fo=1, routed)           0.000    41.886    pulse_inst/bpm_reg_reg[11]_i_16_n_0
    SLICE_X2Y96          CARRY4 (Prop_carry4_CI_CO[3])
                                                      0.117    42.003 r  pulse_inst/bpm_reg_reg[11]_i_4/CO[3]
                         net (fo=34, routed)          0.952    42.955    pulse_inst/bpm_reg1[9]
    SLICE_X0Y94          LUT6 (Prop_lut6_I0_O)        0.124    43.079 r  pulse_inst/bpm_reg[11]_i_159/O
                         net (fo=1, routed)           0.000    43.079    pulse_inst/bpm_reg[11]_i_159_n_0
    SLICE_X0Y94          CARRY4 (Prop_carry4_S[1]_CO[3])
                                                      0.550    43.629 r  pulse_inst/bpm_reg_reg[11]_i_141/CO[3]
                         net (fo=1, routed)           0.000    43.629    pulse_inst/bpm_reg_reg[11]_i_141_n_0
    SLICE_X0Y95          CARRY4 (Prop_carry4_CI_CO[3])
                                                      0.114    43.743 r  pulse_inst/bpm_reg_reg[11]_i_121/CO[3]
                         net (fo=1, routed)           0.000    43.743    pulse_inst/bpm_reg_reg[11]_i_121_n_0
    SLICE_X0Y96          CARRY4 (Prop_carry4_CI_CO[3])
                                                      0.114    43.857 r  pulse_inst/bpm_reg_reg[11]_i_101/CO[3]
                         net (fo=1, routed)           0.000    43.857    pulse_inst/bpm_reg_reg[11]_i_101_n_0
    SLICE_X0Y97          CARRY4 (Prop_carry4_CI_CO[3])
                                                      0.114    43.971 r  pulse_inst/bpm_reg_reg[11]_i_81/CO[3]
                         net (fo=1, routed)           0.000    43.971    pulse_inst/bpm_reg_reg[11]_i_81_n_0
    SLICE_X0Y98          CARRY4 (Prop_carry4_CI_CO[3])
                                                      0.114    44.085 r  pulse_inst/bpm_reg_reg[11]_i_61/CO[3]
                         net (fo=1, routed)           0.000    44.085    pulse_inst/bpm_reg_reg[11]_i_61_n_0
    SLICE_X0Y99          CARRY4 (Prop_carry4_CI_CO[3])
                                                      0.114    44.199 r  pulse_inst/bpm_reg_reg[11]_i_41/CO[3]
                         net (fo=1, routed)           0.001    44.199    pulse_inst/bpm_reg_reg[11]_i_41_n_0
    SLICE_X0Y100         CARRY4 (Prop_carry4_CI_CO[3])
                                                      0.114    44.313 r  pulse_inst/bpm_reg_reg[11]_i_21/CO[3]
                         net (fo=1, routed)           0.000    44.313    pulse_inst/bpm_reg_reg[11]_i_21_n_0
    SLICE_X0Y101         CARRY4 (Prop_carry4_CI_CO[3])
                                                      0.114    44.427 r  pulse_inst/bpm_reg_reg[11]_i_5/CO[3]
                         net (fo=35, routed)          0.706    45.134    pulse_inst/bpm_reg1[8]
    SLICE_X3Y101         LUT6 (Prop_lut6_I5_O)        0.124    45.258 r  pulse_inst/bpm_reg[7]_i_146/O
                         net (fo=1, routed)           0.331    45.588    pulse_inst/bpm_reg[7]_i_146_n_0
    SLICE_X2Y100         CARRY4 (Prop_carry4_DI[1]_CO[3])
                                                      0.520    46.108 r  pulse_inst/bpm_reg_reg[7]_i_126/CO[3]
                         net (fo=1, routed)           0.000    46.108    pulse_inst/bpm_reg_reg[7]_i_126_n_0
    SLICE_X2Y101         CARRY4 (Prop_carry4_CI_CO[3])
                                                      0.117    46.225 r  pulse_inst/bpm_reg_reg[7]_i_106/CO[3]
                         net (fo=1, routed)           0.000    46.225    pulse_inst/bpm_reg_reg[7]_i_106_n_0
    SLICE_X2Y102         CARRY4 (Prop_carry4_CI_CO[3])
                                                      0.117    46.342 r  pulse_inst/bpm_reg_reg[7]_i_86/CO[3]
                         net (fo=1, routed)           0.000    46.342    pulse_inst/bpm_reg_reg[7]_i_86_n_0
    SLICE_X2Y103         CARRY4 (Prop_carry4_CI_CO[3])
                                                      0.117    46.459 r  pulse_inst/bpm_reg_reg[7]_i_66/CO[3]
                         net (fo=1, routed)           0.000    46.459    pulse_inst/bpm_reg_reg[7]_i_66_n_0
    SLICE_X2Y104         CARRY4 (Prop_carry4_CI_CO[3])
                                                      0.117    46.576 r  pulse_inst/bpm_reg_reg[7]_i_46/CO[3]
                         net (fo=1, routed)           0.000    46.576    pulse_inst/bpm_reg_reg[7]_i_46_n_0
    SLICE_X2Y105         CARRY4 (Prop_carry4_CI_CO[3])
                                                      0.117    46.693 r  pulse_inst/bpm_reg_reg[7]_i_26/CO[3]
                         net (fo=1, routed)           0.000    46.693    pulse_inst/bpm_reg_reg[7]_i_26_n_0
    SLICE_X2Y106         CARRY4 (Prop_carry4_CI_CO[3])
                                                      0.117    46.810 r  pulse_inst/bpm_reg_reg[7]_i_6/CO[3]
                         net (fo=1, routed)           0.000    46.810    pulse_inst/bpm_reg_reg[7]_i_6_n_0
    SLICE_X2Y107         CARRY4 (Prop_carry4_CI_CO[3])
                                                      0.117    46.927 r  pulse_inst/bpm_reg_reg[7]_i_2/CO[3]
                         net (fo=35, routed)          0.724    47.651    pulse_inst/bpm_reg1[7]
    SLICE_X0Y106         LUT6 (Prop_lut6_I5_O)        0.124    47.775 r  pulse_inst/bpm_reg[7]_i_150/O
                         net (fo=1, routed)           0.338    48.113    pulse_inst/bpm_reg[7]_i_150_n_0
    SLICE_X3Y105         CARRY4 (Prop_carry4_DI[1]_CO[3])
                                                      0.507    48.620 r  pulse_inst/bpm_reg_reg[7]_i_131/CO[3]
                         net (fo=1, routed)           0.000    48.620    pulse_inst/bpm_reg_reg[7]_i_131_n_0
    SLICE_X3Y106         CARRY4 (Prop_carry4_CI_CO[3])
                                                      0.114    48.734 r  pulse_inst/bpm_reg_reg[7]_i_111/CO[3]
                         net (fo=1, routed)           0.000    48.734    pulse_inst/bpm_reg_reg[7]_i_111_n_0
    SLICE_X3Y107         CARRY4 (Prop_carry4_CI_CO[3])
                                                      0.114    48.848 r  pulse_inst/bpm_reg_reg[7]_i_91/CO[3]
                         net (fo=1, routed)           0.000    48.848    pulse_inst/bpm_reg_reg[7]_i_91_n_0
    SLICE_X3Y108         CARRY4 (Prop_carry4_CI_CO[3])
                                                      0.114    48.962 r  pulse_inst/bpm_reg_reg[7]_i_71/CO[3]
                         net (fo=1, routed)           0.000    48.962    pulse_inst/bpm_reg_reg[7]_i_71_n_0
    SLICE_X3Y109         CARRY4 (Prop_carry4_CI_CO[3])
                                                      0.114    49.076 r  pulse_inst/bpm_reg_reg[7]_i_51/CO[3]
                         net (fo=1, routed)           0.000    49.076    pulse_inst/bpm_reg_reg[7]_i_51_n_0
    SLICE_X3Y110         CARRY4 (Prop_carry4_CI_CO[3])
                                                      0.114    49.190 r  pulse_inst/bpm_reg_reg[7]_i_31/CO[3]
                         net (fo=1, routed)           0.000    49.190    pulse_inst/bpm_reg_reg[7]_i_31_n_0
    SLICE_X3Y111         CARRY4 (Prop_carry4_CI_CO[3])
                                                      0.114    49.304 r  pulse_inst/bpm_reg_reg[7]_i_11/CO[3]
                         net (fo=1, routed)           0.000    49.304    pulse_inst/bpm_reg_reg[7]_i_11_n_0
    SLICE_X3Y112         CARRY4 (Prop_carry4_CI_CO[3])
                                                      0.114    49.418 r  pulse_inst/bpm_reg_reg[7]_i_3/CO[3]
                         net (fo=34, routed)          0.925    50.343    pulse_inst/bpm_reg1[6]
    SLICE_X4Y110         LUT6 (Prop_lut6_I0_O)        0.124    50.467 r  pulse_inst/bpm_reg[7]_i_156/O
                         net (fo=1, routed)           0.000    50.467    pulse_inst/bpm_reg[7]_i_156_n_0
    SLICE_X4Y110         CARRY4 (Prop_carry4_S[1]_CO[3])
                                                      0.550    51.017 r  pulse_inst/bpm_reg_reg[7]_i_136/CO[3]
                         net (fo=1, routed)           0.000    51.017    pulse_inst/bpm_reg_reg[7]_i_136_n_0
    SLICE_X4Y111         CARRY4 (Prop_carry4_CI_CO[3])
                                                      0.114    51.131 r  pulse_inst/bpm_reg_reg[7]_i_116/CO[3]
                         net (fo=1, routed)           0.000    51.131    pulse_inst/bpm_reg_reg[7]_i_116_n_0
    SLICE_X4Y112         CARRY4 (Prop_carry4_CI_CO[3])
                                                      0.114    51.245 r  pulse_inst/bpm_reg_reg[7]_i_96/CO[3]
                         net (fo=1, routed)           0.000    51.245    pulse_inst/bpm_reg_reg[7]_i_96_n_0
    SLICE_X4Y113         CARRY4 (Prop_carry4_CI_CO[3])
                                                      0.114    51.359 r  pulse_inst/bpm_reg_reg[7]_i_76/CO[3]
                         net (fo=1, routed)           0.000    51.359    pulse_inst/bpm_reg_reg[7]_i_76_n_0
    SLICE_X4Y114         CARRY4 (Prop_carry4_CI_CO[3])
                                                      0.114    51.473 r  pulse_inst/bpm_reg_reg[7]_i_56/CO[3]
                         net (fo=1, routed)           0.000    51.473    pulse_inst/bpm_reg_reg[7]_i_56_n_0
    SLICE_X4Y115         CARRY4 (Prop_carry4_CI_CO[3])
                                                      0.114    51.587 r  pulse_inst/bpm_reg_reg[7]_i_36/CO[3]
                         net (fo=1, routed)           0.000    51.587    pulse_inst/bpm_reg_reg[7]_i_36_n_0
    SLICE_X4Y116         CARRY4 (Prop_carry4_CI_CO[3])
                                                      0.114    51.701 r  pulse_inst/bpm_reg_reg[7]_i_16/CO[3]
                         net (fo=1, routed)           0.000    51.701    pulse_inst/bpm_reg_reg[7]_i_16_n_0
    SLICE_X4Y117         CARRY4 (Prop_carry4_CI_CO[3])
                                                      0.114    51.815 r  pulse_inst/bpm_reg_reg[7]_i_4/CO[3]
                         net (fo=34, routed)          0.893    52.707    pulse_inst/bpm_reg1[5]
    SLICE_X3Y116         LUT6 (Prop_lut6_I0_O)        0.124    52.831 r  pulse_inst/bpm_reg[7]_i_159/O
                         net (fo=1, routed)           0.000    52.831    pulse_inst/bpm_reg[7]_i_159_n_0
    SLICE_X3Y116         CARRY4 (Prop_carry4_S[1]_CO[3])
                                                      0.550    53.381 r  pulse_inst/bpm_reg_reg[7]_i_141/CO[3]
                         net (fo=1, routed)           0.000    53.381    pulse_inst/bpm_reg_reg[7]_i_141_n_0
    SLICE_X3Y117         CARRY4 (Prop_carry4_CI_CO[3])
                                                      0.114    53.495 r  pulse_inst/bpm_reg_reg[7]_i_121/CO[3]
                         net (fo=1, routed)           0.000    53.495    pulse_inst/bpm_reg_reg[7]_i_121_n_0
    SLICE_X3Y118         CARRY4 (Prop_carry4_CI_CO[3])
                                                      0.114    53.609 r  pulse_inst/bpm_reg_reg[7]_i_101/CO[3]
                         net (fo=1, routed)           0.000    53.609    pulse_inst/bpm_reg_reg[7]_i_101_n_0
    SLICE_X3Y119         CARRY4 (Prop_carry4_CI_CO[3])
                                                      0.114    53.723 r  pulse_inst/bpm_reg_reg[7]_i_81/CO[3]
                         net (fo=1, routed)           0.000    53.723    pulse_inst/bpm_reg_reg[7]_i_81_n_0
    SLICE_X3Y120         CARRY4 (Prop_carry4_CI_CO[3])
                                                      0.114    53.837 r  pulse_inst/bpm_reg_reg[7]_i_61/CO[3]
                         net (fo=1, routed)           0.000    53.837    pulse_inst/bpm_reg_reg[7]_i_61_n_0
    SLICE_X3Y121         CARRY4 (Prop_carry4_CI_CO[3])
                                                      0.114    53.951 r  pulse_inst/bpm_reg_reg[7]_i_41/CO[3]
                         net (fo=1, routed)           0.000    53.951    pulse_inst/bpm_reg_reg[7]_i_41_n_0
    SLICE_X3Y122         CARRY4 (Prop_carry4_CI_CO[3])
                                                      0.114    54.065 r  pulse_inst/bpm_reg_reg[7]_i_21/CO[3]
                         net (fo=1, routed)           0.000    54.065    pulse_inst/bpm_reg_reg[7]_i_21_n_0
    SLICE_X3Y123         CARRY4 (Prop_carry4_CI_CO[3])
                                                      0.114    54.179 r  pulse_inst/bpm_reg_reg[7]_i_5/CO[3]
                         net (fo=35, routed)          1.027    55.206    pulse_inst/bpm_reg1[4]
    SLICE_X2Y122         LUT6 (Prop_lut6_I5_O)        0.124    55.330 r  pulse_inst/bpm_reg[3]_i_148/O
                         net (fo=1, routed)           0.000    55.330    pulse_inst/bpm_reg[3]_i_148_n_0
    SLICE_X2Y122         CARRY4 (Prop_carry4_S[1]_CO[3])
                                                      0.533    55.863 r  pulse_inst/bpm_reg_reg[3]_i_125/CO[3]
                         net (fo=1, routed)           0.000    55.863    pulse_inst/bpm_reg_reg[3]_i_125_n_0
    SLICE_X2Y123         CARRY4 (Prop_carry4_CI_CO[3])
                                                      0.117    55.980 r  pulse_inst/bpm_reg_reg[3]_i_105/CO[3]
                         net (fo=1, routed)           0.000    55.980    pulse_inst/bpm_reg_reg[3]_i_105_n_0
    SLICE_X2Y124         CARRY4 (Prop_carry4_CI_CO[3])
                                                      0.117    56.097 r  pulse_inst/bpm_reg_reg[3]_i_85/CO[3]
                         net (fo=1, routed)           0.009    56.106    pulse_inst/bpm_reg_reg[3]_i_85_n_0
    SLICE_X2Y125         CARRY4 (Prop_carry4_CI_CO[3])
                                                      0.117    56.223 r  pulse_inst/bpm_reg_reg[3]_i_65/CO[3]
                         net (fo=1, routed)           0.000    56.223    pulse_inst/bpm_reg_reg[3]_i_65_n_0
    SLICE_X2Y126         CARRY4 (Prop_carry4_CI_CO[3])
                                                      0.117    56.340 r  pulse_inst/bpm_reg_reg[3]_i_45/CO[3]
                         net (fo=1, routed)           0.000    56.340    pulse_inst/bpm_reg_reg[3]_i_45_n_0
    SLICE_X2Y127         CARRY4 (Prop_carry4_CI_CO[3])
                                                      0.117    56.457 r  pulse_inst/bpm_reg_reg[3]_i_25/CO[3]
                         net (fo=1, routed)           0.000    56.457    pulse_inst/bpm_reg_reg[3]_i_25_n_0
    SLICE_X2Y128         CARRY4 (Prop_carry4_CI_CO[3])
                                                      0.117    56.574 r  pulse_inst/bpm_reg_reg[3]_i_6/CO[3]
                         net (fo=1, routed)           0.000    56.574    pulse_inst/bpm_reg_reg[3]_i_6_n_0
    SLICE_X2Y129         CARRY4 (Prop_carry4_CI_CO[3])
                                                      0.117    56.691 r  pulse_inst/bpm_reg_reg[3]_i_2/CO[3]
                         net (fo=35, routed)          0.708    57.399    pulse_inst/bpm_reg1[3]
    SLICE_X0Y128         LUT6 (Prop_lut6_I5_O)        0.124    57.523 r  pulse_inst/bpm_reg[3]_i_149/O
                         net (fo=1, routed)           0.338    57.861    pulse_inst/bpm_reg[3]_i_149_n_0
    SLICE_X3Y127         CARRY4 (Prop_carry4_DI[1]_CO[3])
                                                      0.507    58.368 r  pulse_inst/bpm_reg_reg[3]_i_130/CO[3]
                         net (fo=1, routed)           0.000    58.368    pulse_inst/bpm_reg_reg[3]_i_130_n_0
    SLICE_X3Y128         CARRY4 (Prop_carry4_CI_CO[3])
                                                      0.114    58.482 r  pulse_inst/bpm_reg_reg[3]_i_110/CO[3]
                         net (fo=1, routed)           0.000    58.482    pulse_inst/bpm_reg_reg[3]_i_110_n_0
    SLICE_X3Y129         CARRY4 (Prop_carry4_CI_CO[3])
                                                      0.114    58.596 r  pulse_inst/bpm_reg_reg[3]_i_90/CO[3]
                         net (fo=1, routed)           0.000    58.596    pulse_inst/bpm_reg_reg[3]_i_90_n_0
    SLICE_X3Y130         CARRY4 (Prop_carry4_CI_CO[3])
                                                      0.114    58.710 r  pulse_inst/bpm_reg_reg[3]_i_70/CO[3]
                         net (fo=1, routed)           0.000    58.710    pulse_inst/bpm_reg_reg[3]_i_70_n_0
    SLICE_X3Y131         CARRY4 (Prop_carry4_CI_CO[3])
                                                      0.114    58.824 r  pulse_inst/bpm_reg_reg[3]_i_50/CO[3]
                         net (fo=1, routed)           0.000    58.824    pulse_inst/bpm_reg_reg[3]_i_50_n_0
    SLICE_X3Y132         CARRY4 (Prop_carry4_CI_CO[3])
                                                      0.114    58.938 r  pulse_inst/bpm_reg_reg[3]_i_30/CO[3]
                         net (fo=1, routed)           0.000    58.938    pulse_inst/bpm_reg_reg[3]_i_30_n_0
    SLICE_X3Y133         CARRY4 (Prop_carry4_CI_CO[3])
                                                      0.114    59.052 r  pulse_inst/bpm_reg_reg[3]_i_11/CO[3]
                         net (fo=1, routed)           0.000    59.052    pulse_inst/bpm_reg_reg[3]_i_11_n_0
    SLICE_X3Y134         CARRY4 (Prop_carry4_CI_CO[3])
                                                      0.114    59.166 r  pulse_inst/bpm_reg_reg[3]_i_3/CO[3]
                         net (fo=35, routed)          1.087    60.253    pulse_inst/bpm_reg1[2]
    SLICE_X5Y127         LUT6 (Prop_lut6_I5_O)        0.124    60.377 r  pulse_inst/bpm_reg[3]_i_153/O
                         net (fo=1, routed)           0.190    60.567    pulse_inst/bpm_reg[3]_i_153_n_0
    SLICE_X4Y127         CARRY4 (Prop_carry4_DI[1]_CO[3])
                                                      0.507    61.074 r  pulse_inst/bpm_reg_reg[3]_i_135/CO[3]
                         net (fo=1, routed)           0.000    61.074    pulse_inst/bpm_reg_reg[3]_i_135_n_0
    SLICE_X4Y128         CARRY4 (Prop_carry4_CI_CO[3])
                                                      0.114    61.188 r  pulse_inst/bpm_reg_reg[3]_i_115/CO[3]
                         net (fo=1, routed)           0.000    61.188    pulse_inst/bpm_reg_reg[3]_i_115_n_0
    SLICE_X4Y129         CARRY4 (Prop_carry4_CI_CO[3])
                                                      0.114    61.302 r  pulse_inst/bpm_reg_reg[3]_i_95/CO[3]
                         net (fo=1, routed)           0.000    61.302    pulse_inst/bpm_reg_reg[3]_i_95_n_0
    SLICE_X4Y130         CARRY4 (Prop_carry4_CI_CO[3])
                                                      0.114    61.416 r  pulse_inst/bpm_reg_reg[3]_i_75/CO[3]
                         net (fo=1, routed)           0.000    61.416    pulse_inst/bpm_reg_reg[3]_i_75_n_0
    SLICE_X4Y131         CARRY4 (Prop_carry4_CI_CO[3])
                                                      0.114    61.530 r  pulse_inst/bpm_reg_reg[3]_i_55/CO[3]
                         net (fo=1, routed)           0.000    61.530    pulse_inst/bpm_reg_reg[3]_i_55_n_0
    SLICE_X4Y132         CARRY4 (Prop_carry4_CI_CO[3])
                                                      0.114    61.644 r  pulse_inst/bpm_reg_reg[3]_i_35/CO[3]
                         net (fo=1, routed)           0.000    61.644    pulse_inst/bpm_reg_reg[3]_i_35_n_0
    SLICE_X4Y133         CARRY4 (Prop_carry4_CI_CO[3])
                                                      0.114    61.758 r  pulse_inst/bpm_reg_reg[3]_i_16/CO[3]
                         net (fo=1, routed)           0.000    61.758    pulse_inst/bpm_reg_reg[3]_i_16_n_0
    SLICE_X4Y134         CARRY4 (Prop_carry4_CI_CO[3])
                                                      0.114    61.872 r  pulse_inst/bpm_reg_reg[3]_i_4/CO[3]
                         net (fo=35, routed)          0.737    62.609    pulse_inst/bpm_reg1[1]
    SLICE_X7Y134         LUT6 (Prop_lut6_I5_O)        0.124    62.733 r  pulse_inst/bpm_reg[3]_i_157/O
                         net (fo=1, routed)           0.929    63.662    pulse_inst/bpm_reg[3]_i_157_n_0
    SLICE_X5Y128         CARRY4 (Prop_carry4_DI[0]_CO[3])
                                                      0.633    64.295 r  pulse_inst/bpm_reg_reg[3]_i_140/CO[3]
                         net (fo=1, routed)           0.000    64.295    pulse_inst/bpm_reg_reg[3]_i_140_n_0
    SLICE_X5Y129         CARRY4 (Prop_carry4_CI_CO[3])
                                                      0.114    64.409 r  pulse_inst/bpm_reg_reg[3]_i_120/CO[3]
                         net (fo=1, routed)           0.000    64.409    pulse_inst/bpm_reg_reg[3]_i_120_n_0
    SLICE_X5Y130         CARRY4 (Prop_carry4_CI_CO[3])
                                                      0.114    64.523 r  pulse_inst/bpm_reg_reg[3]_i_100/CO[3]
                         net (fo=1, routed)           0.000    64.523    pulse_inst/bpm_reg_reg[3]_i_100_n_0
    SLICE_X5Y131         CARRY4 (Prop_carry4_CI_CO[3])
                                                      0.114    64.637 r  pulse_inst/bpm_reg_reg[3]_i_80/CO[3]
                         net (fo=1, routed)           0.000    64.637    pulse_inst/bpm_reg_reg[3]_i_80_n_0
    SLICE_X5Y132         CARRY4 (Prop_carry4_CI_CO[3])
                                                      0.114    64.751 r  pulse_inst/bpm_reg_reg[3]_i_60/CO[3]
                         net (fo=1, routed)           0.000    64.751    pulse_inst/bpm_reg_reg[3]_i_60_n_0
    SLICE_X5Y133         CARRY4 (Prop_carry4_CI_CO[3])
                                                      0.114    64.865 r  pulse_inst/bpm_reg_reg[3]_i_40/CO[3]
                         net (fo=1, routed)           0.000    64.865    pulse_inst/bpm_reg_reg[3]_i_40_n_0
    SLICE_X5Y134         CARRY4 (Prop_carry4_CI_CO[3])
                                                      0.114    64.979 r  pulse_inst/bpm_reg_reg[3]_i_21/CO[3]
                         net (fo=1, routed)           0.000    64.979    pulse_inst/bpm_reg_reg[3]_i_21_n_0
    SLICE_X5Y135         CARRY4 (Prop_carry4_CI_CO[2])
                                                      0.228    65.207 r  pulse_inst/bpm_reg_reg[3]_i_5/CO[2]
                         net (fo=1, routed)           0.662    65.869    pulse_inst/bpm_reg1[0]
    SLICE_X4Y135         CARRY4 (Prop_carry4_S[0]_CO[3])
                                                      0.845    66.714 r  pulse_inst/bpm_reg_reg[3]_i_1/CO[3]
                         net (fo=1, routed)           0.000    66.714    pulse_inst/bpm_reg_reg[3]_i_1_n_0
    SLICE_X4Y136         CARRY4 (Prop_carry4_CI_CO[3])
                                                      0.114    66.828 r  pulse_inst/bpm_reg_reg[7]_i_1/CO[3]
                         net (fo=1, routed)           0.000    66.828    pulse_inst/bpm_reg_reg[7]_i_1_n_0
    SLICE_X4Y137         CARRY4 (Prop_carry4_CI_O[3])
                                                      0.313    67.141 r  pulse_inst/bpm_reg_reg[11]_i_1/O[3]
                         net (fo=1, routed)           0.000    67.141    pulse_inst/bpm_reg_reg[11]_i_1_n_4
    SLICE_X4Y137         FDRE                                         r  pulse_inst/bpm_reg_reg[11]/D
  -------------------------------------------------------------------    -------------------

                         (clock sys_clk_pin rise edge)
                                                     10.000    10.000 r  
    W5                                                0.000    10.000 r  clk (IN)
                         net (fo=0)                   0.000    10.000    clk
    W5                   IBUF (Prop_ibuf_I_O)         1.388    11.388 r  clk_IBUF_inst/O
                         net (fo=1, routed)           1.862    13.250    clk_IBUF
    BUFGCTRL_X0Y1        BUFG (Prop_bufg_I_O)         0.091    13.341 r  clk_IBUF_BUFG_inst/O
                         net (fo=236, routed)         1.678    15.019    pulse_inst/clk_IBUF_BUFG
    SLICE_X4Y137         FDRE                                         r  pulse_inst/bpm_reg_reg[11]/C
                         clock pessimism              0.187    15.206    
                         clock uncertainty           -0.035    15.171    
    SLICE_X4Y137         FDRE (Setup_fdre_C_D)        0.062    15.233    pulse_inst/bpm_reg_reg[11]
  -------------------------------------------------------------------
                         required time                         15.233    
                         arrival time                         -67.141    
  -------------------------------------------------------------------
                         slack                                -51.908    

Slack (VIOLATED) :        -51.834ns  (required time - arrival time)
  Source:                 pulse_inst/beat_count_reg[2]_replica_12/C
                            (rising edge-triggered cell FDRE clocked by sys_clk_pin  {rise@0.000ns fall@5.000ns period=10.000ns})
  Destination:            pulse_inst/bpm_reg_reg[10]/D
                            (rising edge-triggered cell FDRE clocked by sys_clk_pin  {rise@0.000ns fall@5.000ns period=10.000ns})
  Path Group:             sys_clk_pin
  Path Type:              Setup (Max at Slow Process Corner)
  Requirement:            10.000ns  (sys_clk_pin rise@10.000ns - sys_clk_pin rise@0.000ns)
  Data Path Delay:        61.934ns  (logic 29.302ns (47.312%)  route 32.632ns (52.688%))
  Logic Levels:           171  (CARRY4=133 LUT4=2 LUT5=12 LUT6=24)
  Clock Path Skew:        0.073ns (DCD - SCD + CPR)
    Destination Clock Delay (DCD):    5.019ns = ( 15.019 - 10.000 ) 
    Source Clock Delay      (SCD):    5.133ns
    Clock Pessimism Removal (CPR):    0.187ns
  Clock Uncertainty:      0.035ns  ((TSJ^2 + TIJ^2)^1/2 + DJ) / 2 + PE
    Total System Jitter     (TSJ):    0.071ns
    Total Input Jitter      (TIJ):    0.000ns
    Discrete Jitter          (DJ):    0.000ns
    Phase Error              (PE):    0.000ns

    Location             Delay type                Incr(ns)  Path(ns)    Netlist Resource(s)
  -------------------------------------------------------------------    -------------------
                         (clock sys_clk_pin rise edge)
                                                      0.000     0.000 r  
    W5                                                0.000     0.000 r  clk (IN)
                         net (fo=0)                   0.000     0.000    clk
    W5                   IBUF (Prop_ibuf_I_O)         1.458     1.458 r  clk_IBUF_inst/O
                         net (fo=1, routed)           1.967     3.425    clk_IBUF
    BUFGCTRL_X0Y1        BUFG (Prop_bufg_I_O)         0.096     3.521 r  clk_IBUF_BUFG_inst/O
                         net (fo=236, routed)         1.612     5.133    pulse_inst/clk_IBUF_BUFG
    SLICE_X5Y81          FDRE                                         r  pulse_inst/beat_count_reg[2]_replica_12/C
  -------------------------------------------------------------------    -------------------
    SLICE_X5Y81          FDRE (Prop_fdre_C_Q)         0.456     5.589 r  pulse_inst/beat_count_reg[2]_replica_12/Q
                         net (fo=85, routed)          1.401     6.989    pulse_inst/beat_count_reg_n_0_[2]_repN_12
    SLICE_X2Y81          LUT6 (Prop_lut6_I0_O)        0.124     7.113 f  pulse_inst/bpm_reg[15]_i_217/O
                         net (fo=2, routed)           0.495     7.609    pulse_inst/bpm_reg[15]_i_217_n_0
    SLICE_X2Y81          LUT6 (Prop_lut6_I0_O)        0.124     7.733 r  pulse_inst/bpm_reg[15]_i_130/O
                         net (fo=2, routed)           0.653     8.385    pulse_inst/bpm_reg[15]_i_130_n_0
    SLICE_X3Y82          LUT5 (Prop_lut5_I0_O)        0.124     8.509 r  pulse_inst/bpm_reg[15]_i_134/O
                         net (fo=1, routed)           0.000     8.509    pulse_inst/bpm_reg[15]_i_134_n_0
    SLICE_X3Y82          CARRY4 (Prop_carry4_S[1]_CO[3])
                                                      0.550     9.059 r  pulse_inst/bpm_reg_reg[15]_i_86/CO[3]
                         net (fo=1, routed)           0.000     9.059    pulse_inst/bpm_reg_reg[15]_i_86_n_0
    SLICE_X3Y83          CARRY4 (Prop_carry4_CI_O[0])
                                                      0.222     9.281 r  pulse_inst/bpm_reg_reg[15]_i_53/O[0]
                         net (fo=12, routed)          0.883    10.164    pulse_inst/bpm_reg_reg[15]_i_53_n_7
    SLICE_X2Y82          LUT6 (Prop_lut6_I0_O)        0.299    10.463 r  pulse_inst/bpm_reg[15]_i_120/O
                         net (fo=6, routed)           0.361    10.825    pulse_inst/bpm_reg[15]_i_120_n_0
    SLICE_X2Y83          LUT5 (Prop_lut5_I3_O)        0.124    10.949 r  pulse_inst/bpm_reg[15]_i_179/O
                         net (fo=2, routed)           0.601    11.550    pulse_inst/bpm_reg[15]_i_179_n_0
    SLICE_X2Y82          LUT6 (Prop_lut6_I0_O)        0.124    11.674 r  pulse_inst/bpm_reg[15]_i_119/O
                         net (fo=5, routed)           0.609    12.283    pulse_inst/bpm_reg[15]_i_119_n_0
    SLICE_X0Y82          LUT5 (Prop_lut5_I0_O)        0.124    12.407 f  pulse_inst/bpm_reg[15]_i_122/O
                         net (fo=11, routed)          0.876    13.282    pulse_inst/bpm_reg[15]_i_122_n_0
    SLICE_X4Y82          LUT5 (Prop_lut5_I2_O)        0.124    13.406 r  pulse_inst/bpm_reg[15]_i_121/O
                         net (fo=4, routed)           0.334    13.741    pulse_inst/bpm_reg[15]_i_121_n_0
    SLICE_X4Y83          LUT5 (Prop_lut5_I1_O)        0.124    13.865 r  pulse_inst/bpm_reg[15]_i_274/O
                         net (fo=1, routed)           0.306    14.170    pulse_inst/bpm_reg[15]_i_274_n_0
    SLICE_X4Y81          LUT4 (Prop_lut4_I0_O)        0.124    14.294 r  pulse_inst/bpm_reg[15]_i_190/O
                         net (fo=1, routed)           0.821    15.116    pulse_inst/bpm_reg[15]_i_190_n_0
    SLICE_X2Y81          LUT6 (Prop_lut6_I2_O)        0.124    15.240 r  pulse_inst/bpm_reg[15]_i_123_comp/O
                         net (fo=6, routed)           0.488    15.728    pulse_inst/bpm_reg[15]_i_123_n_0
    SLICE_X0Y80          LUT5 (Prop_lut5_I2_O)        0.124    15.852 r  pulse_inst/bpm_reg[15]_i_203/O
                         net (fo=3, routed)           0.451    16.303    pulse_inst/bpm_reg[15]_i_203_n_0
    SLICE_X0Y80          LUT5 (Prop_lut5_I4_O)        0.124    16.427 r  pulse_inst/bpm_reg[15]_i_126/O
                         net (fo=11, routed)          0.522    16.949    pulse_inst/bpm_reg[15]_i_126_n_0
    SLICE_X4Y79          LUT5 (Prop_lut5_I2_O)        0.124    17.073 f  pulse_inst/bpm_reg[15]_i_251/O
                         net (fo=6, routed)           0.838    17.910    pulse_inst/bpm_reg[15]_i_251_n_0
    SLICE_X7Y79          LUT6 (Prop_lut6_I1_O)        0.124    18.034 r  pulse_inst/bpm_reg[15]_i_166_comp/O
                         net (fo=10, routed)          0.375    18.410    pulse_inst/bpm_reg[15]_i_166_n_0
    SLICE_X6Y80          LUT5 (Prop_lut5_I2_O)        0.124    18.534 r  pulse_inst/bpm_reg[15]_i_247/O
                         net (fo=4, routed)           0.184    18.717    pulse_inst/bpm_reg[15]_i_247_n_0
    SLICE_X6Y80          LUT4 (Prop_lut4_I0_O)        0.124    18.841 f  pulse_inst/bpm_reg[15]_i_255/O
                         net (fo=5, routed)           0.711    19.552    pulse_inst/bpm_reg[15]_i_255_n_0
    SLICE_X7Y81          LUT6 (Prop_lut6_I1_O)        0.124    19.676 r  pulse_inst/bpm_reg[15]_i_168_comp/O
                         net (fo=10, routed)          0.485    20.161    pulse_inst/bpm_reg[15]_i_168_n_0
    SLICE_X6Y82          LUT5 (Prop_lut5_I2_O)        0.124    20.285 r  pulse_inst/bpm_reg[15]_i_253/O
                         net (fo=4, routed)           0.185    20.470    pulse_inst/bpm_reg[15]_i_253_n_0
    SLICE_X6Y82          LUT5 (Prop_lut5_I3_O)        0.124    20.594 r  pulse_inst/bpm_reg[15]_i_167/O
                         net (fo=10, routed)          0.511    21.105    pulse_inst/bpm_reg[15]_i_167_n_0
    SLICE_X6Y85          LUT5 (Prop_lut5_I4_O)        0.124    21.229 f  pulse_inst/bpm_reg[15]_i_260/O
                         net (fo=7, routed)           0.644    21.872    pulse_inst/bpm_reg[15]_i_260_n_0
    SLICE_X5Y84          LUT6 (Prop_lut6_I1_O)        0.124    21.996 r  pulse_inst/bpm_reg[15]_i_169_comp/O
                         net (fo=10, routed)          0.923    22.919    pulse_inst/bpm_reg[15]_i_169_n_0
    SLICE_X5Y85          LUT6 (Prop_lut6_I3_O)        0.124    23.043 r  pulse_inst/bpm_reg[15]_i_177/O
                         net (fo=3, routed)           0.439    23.482    pulse_inst/bpm_reg[15]_i_177_n_0
    SLICE_X4Y85          LUT6 (Prop_lut6_I1_O)        0.124    23.606 f  pulse_inst/bpm_reg[15]_i_116/O
                         net (fo=27, routed)          0.359    23.965    pulse_inst/bpm_reg[15]_i_116_n_0
    SLICE_X6Y85          LUT6 (Prop_lut6_I4_O)        0.124    24.089 r  pulse_inst/bpm_reg[15]_i_332/O
                         net (fo=1, routed)           0.333    24.422    pulse_inst/bpm_reg[15]_i_332_n_0
    SLICE_X7Y87          CARRY4 (Prop_carry4_CYINIT_CO[3])
                                                      0.580    25.002 r  pulse_inst/bpm_reg_reg[15]_i_294/CO[3]
                         net (fo=1, routed)           0.000    25.002    pulse_inst/bpm_reg_reg[15]_i_294_n_0
    SLICE_X7Y88          CARRY4 (Prop_carry4_CI_CO[3])
                                                      0.114    25.116 r  pulse_inst/bpm_reg_reg[15]_i_222/CO[3]
                         net (fo=1, routed)           0.000    25.116    pulse_inst/bpm_reg_reg[15]_i_222_n_0
    SLICE_X7Y89          CARRY4 (Prop_carry4_CI_CO[3])
                                                      0.114    25.230 r  pulse_inst/bpm_reg_reg[15]_i_140/CO[3]
                         net (fo=1, routed)           0.000    25.230    pulse_inst/bpm_reg_reg[15]_i_140_n_0
    SLICE_X7Y90          CARRY4 (Prop_carry4_CI_CO[3])
                                                      0.114    25.344 r  pulse_inst/bpm_reg_reg[15]_i_89/CO[3]
                         net (fo=1, routed)           0.000    25.344    pulse_inst/bpm_reg_reg[15]_i_89_n_0
    SLICE_X7Y91          CARRY4 (Prop_carry4_CI_CO[3])
                                                      0.114    25.458 r  pulse_inst/bpm_reg_reg[15]_i_54/CO[3]
                         net (fo=1, routed)           0.000    25.458    pulse_inst/bpm_reg_reg[15]_i_54_n_0
    SLICE_X7Y92          CARRY4 (Prop_carry4_CI_CO[3])
                                                      0.114    25.572 r  pulse_inst/bpm_reg_reg[15]_i_28/CO[3]
                         net (fo=1, routed)           0.000    25.572    pulse_inst/bpm_reg_reg[15]_i_28_n_0
    SLICE_X7Y93          CARRY4 (Prop_carry4_CI_CO[3])
                                                      0.114    25.686 r  pulse_inst/bpm_reg_reg[15]_i_9/CO[3]
                         net (fo=1, routed)           0.000    25.686    pulse_inst/bpm_reg_reg[15]_i_9_n_0
    SLICE_X7Y94          CARRY4 (Prop_carry4_CI_CO[1])
                                                      0.157    25.843 r  pulse_inst/bpm_reg_reg[15]_i_4/CO[1]
                         net (fo=34, routed)          1.013    26.856    pulse_inst/bpm_reg1[15]
    SLICE_X8Y87          CARRY4 (Prop_carry4_CYINIT_CO[3])
                                                      0.800    27.656 r  pulse_inst/bpm_reg_reg[15]_i_303/CO[3]
                         net (fo=1, routed)           0.000    27.656    pulse_inst/bpm_reg_reg[15]_i_303_n_0
    SLICE_X8Y88          CARRY4 (Prop_carry4_CI_CO[3])
                                                      0.117    27.773 r  pulse_inst/bpm_reg_reg[15]_i_231/CO[3]
                         net (fo=1, routed)           0.000    27.773    pulse_inst/bpm_reg_reg[15]_i_231_n_0
    SLICE_X8Y89          CARRY4 (Prop_carry4_CI_CO[3])
                                                      0.117    27.890 r  pulse_inst/bpm_reg_reg[15]_i_149/CO[3]
                         net (fo=1, routed)           0.000    27.890    pulse_inst/bpm_reg_reg[15]_i_149_n_0
    SLICE_X8Y90          CARRY4 (Prop_carry4_CI_CO[3])
                                                      0.117    28.007 r  pulse_inst/bpm_reg_reg[15]_i_92/CO[3]
                         net (fo=1, routed)           0.000    28.007    pulse_inst/bpm_reg_reg[15]_i_92_n_0
    SLICE_X8Y91          CARRY4 (Prop_carry4_CI_CO[3])
                                                      0.117    28.124 r  pulse_inst/bpm_reg_reg[15]_i_55/CO[3]
                         net (fo=1, routed)           0.000    28.124    pulse_inst/bpm_reg_reg[15]_i_55_n_0
    SLICE_X8Y92          CARRY4 (Prop_carry4_CI_CO[3])
                                                      0.117    28.241 r  pulse_inst/bpm_reg_reg[15]_i_29/CO[3]
                         net (fo=1, routed)           0.000    28.241    pulse_inst/bpm_reg_reg[15]_i_29_n_0
    SLICE_X8Y93          CARRY4 (Prop_carry4_CI_CO[3])
                                                      0.117    28.358 r  pulse_inst/bpm_reg_reg[15]_i_10/CO[3]
                         net (fo=1, routed)           0.000    28.358    pulse_inst/bpm_reg_reg[15]_i_10_n_0
    SLICE_X8Y94          CARRY4 (Prop_carry4_CI_CO[3])
                                                      0.117    28.475 r  pulse_inst/bpm_reg_reg[15]_i_5/CO[3]
                         net (fo=34, routed)          1.318    29.793    pulse_inst/bpm_reg1[14]
    SLICE_X6Y86          CARRY4 (Prop_carry4_CYINIT_CO[3])
                                                      0.595    30.388 r  pulse_inst/bpm_reg_reg[15]_i_308/CO[3]
                         net (fo=1, routed)           0.000    30.388    pulse_inst/bpm_reg_reg[15]_i_308_n_0
    SLICE_X6Y87          CARRY4 (Prop_carry4_CI_CO[3])
                                                      0.117    30.505 r  pulse_inst/bpm_reg_reg[15]_i_236/CO[3]
                         net (fo=1, routed)           0.000    30.505    pulse_inst/bpm_reg_reg[15]_i_236_n_0
    SLICE_X6Y88          CARRY4 (Prop_carry4_CI_CO[3])
                                                      0.117    30.622 r  pulse_inst/bpm_reg_reg[15]_i_155/CO[3]
                         net (fo=1, routed)           0.000    30.622    pulse_inst/bpm_reg_reg[15]_i_155_n_0
    SLICE_X6Y89          CARRY4 (Prop_carry4_CI_CO[3])
                                                      0.117    30.739 r  pulse_inst/bpm_reg_reg[15]_i_97/CO[3]
                         net (fo=1, routed)           0.000    30.739    pulse_inst/bpm_reg_reg[15]_i_97_n_0
    SLICE_X6Y90          CARRY4 (Prop_carry4_CI_CO[3])
                                                      0.117    30.856 r  pulse_inst/bpm_reg_reg[15]_i_60/CO[3]
                         net (fo=1, routed)           0.000    30.856    pulse_inst/bpm_reg_reg[15]_i_60_n_0
    SLICE_X6Y91          CARRY4 (Prop_carry4_CI_CO[3])
                                                      0.117    30.973 r  pulse_inst/bpm_reg_reg[15]_i_34/CO[3]
                         net (fo=1, routed)           0.000    30.973    pulse_inst/bpm_reg_reg[15]_i_34_n_0
    SLICE_X6Y92          CARRY4 (Prop_carry4_CI_CO[3])
                                                      0.117    31.090 r  pulse_inst/bpm_reg_reg[15]_i_15/CO[3]
                         net (fo=1, routed)           0.000    31.090    pulse_inst/bpm_reg_reg[15]_i_15_n_0
    SLICE_X6Y93          CARRY4 (Prop_carry4_CI_CO[3])
                                                      0.117    31.207 r  pulse_inst/bpm_reg_reg[15]_i_6/CO[3]
                         net (fo=34, routed)          1.183    32.390    pulse_inst/bpm_reg1[13]
    SLICE_X5Y86          LUT6 (Prop_lut6_I0_O)        0.124    32.514 r  pulse_inst/bpm_reg[15]_i_350/O
                         net (fo=1, routed)           0.000    32.514    pulse_inst/bpm_reg[15]_i_350_n_0
    SLICE_X5Y86          CARRY4 (Prop_carry4_S[1]_CO[3])
                                                      0.550    33.064 r  pulse_inst/bpm_reg_reg[15]_i_313/CO[3]
                         net (fo=1, routed)           0.000    33.064    pulse_inst/bpm_reg_reg[15]_i_313_n_0
    SLICE_X5Y87          CARRY4 (Prop_carry4_CI_CO[3])
                                                      0.114    33.178 r  pulse_inst/bpm_reg_reg[15]_i_241/CO[3]
                         net (fo=1, routed)           0.000    33.178    pulse_inst/bpm_reg_reg[15]_i_241_n_0
    SLICE_X5Y88          CARRY4 (Prop_carry4_CI_CO[3])
                                                      0.114    33.292 r  pulse_inst/bpm_reg_reg[15]_i_160/CO[3]
                         net (fo=1, routed)           0.000    33.292    pulse_inst/bpm_reg_reg[15]_i_160_n_0
    SLICE_X5Y89          CARRY4 (Prop_carry4_CI_CO[3])
                                                      0.114    33.406 r  pulse_inst/bpm_reg_reg[15]_i_102/CO[3]
                         net (fo=1, routed)           0.000    33.406    pulse_inst/bpm_reg_reg[15]_i_102_n_0
    SLICE_X5Y90          CARRY4 (Prop_carry4_CI_CO[3])
                                                      0.114    33.520 r  pulse_inst/bpm_reg_reg[15]_i_65/CO[3]
                         net (fo=1, routed)           0.000    33.520    pulse_inst/bpm_reg_reg[15]_i_65_n_0
    SLICE_X5Y91          CARRY4 (Prop_carry4_CI_CO[3])
                                                      0.114    33.634 r  pulse_inst/bpm_reg_reg[15]_i_39/CO[3]
                         net (fo=1, routed)           0.000    33.634    pulse_inst/bpm_reg_reg[15]_i_39_n_0
    SLICE_X5Y92          CARRY4 (Prop_carry4_CI_CO[3])
                                                      0.114    33.748 r  pulse_inst/bpm_reg_reg[15]_i_20/CO[3]
                         net (fo=1, routed)           0.000    33.748    pulse_inst/bpm_reg_reg[15]_i_20_n_0
    SLICE_X5Y93          CARRY4 (Prop_carry4_CI_CO[3])
                                                      0.114    33.862 r  pulse_inst/bpm_reg_reg[15]_i_7/CO[3]
                         net (fo=35, routed)          0.989    34.852    pulse_inst/bpm_reg1[12]
    SLICE_X2Y86          LUT6 (Prop_lut6_I5_O)        0.124    34.976 r  pulse_inst/bpm_reg[11]_i_146/O
                         net (fo=1, routed)           0.349    35.325    pulse_inst/bpm_reg[11]_i_146_n_0
    SLICE_X4Y87          CARRY4 (Prop_carry4_DI[1]_CO[3])
                                                      0.507    35.832 r  pulse_inst/bpm_reg_reg[11]_i_126/CO[3]
                         net (fo=1, routed)           0.000    35.832    pulse_inst/bpm_reg_reg[11]_i_126_n_0
    SLICE_X4Y88          CARRY4 (Prop_carry4_CI_CO[3])
                                                      0.114    35.946 r  pulse_inst/bpm_reg_reg[11]_i_106/CO[3]
                         net (fo=1, routed)           0.000    35.946    pulse_inst/bpm_reg_reg[11]_i_106_n_0
    SLICE_X4Y89          CARRY4 (Prop_carry4_CI_CO[3])
                                                      0.114    36.060 r  pulse_inst/bpm_reg_reg[11]_i_86/CO[3]
                         net (fo=1, routed)           0.000    36.060    pulse_inst/bpm_reg_reg[11]_i_86_n_0
    SLICE_X4Y90          CARRY4 (Prop_carry4_CI_CO[3])
                                                      0.114    36.174 r  pulse_inst/bpm_reg_reg[11]_i_66/CO[3]
                         net (fo=1, routed)           0.000    36.174    pulse_inst/bpm_reg_reg[11]_i_66_n_0
    SLICE_X4Y91          CARRY4 (Prop_carry4_CI_CO[3])
                                                      0.114    36.288 r  pulse_inst/bpm_reg_reg[11]_i_46/CO[3]
                         net (fo=1, routed)           0.000    36.288    pulse_inst/bpm_reg_reg[11]_i_46_n_0
    SLICE_X4Y92          CARRY4 (Prop_carry4_CI_CO[3])
                                                      0.114    36.402 r  pulse_inst/bpm_reg_reg[11]_i_26/CO[3]
                         net (fo=1, routed)           0.000    36.402    pulse_inst/bpm_reg_reg[11]_i_26_n_0
    SLICE_X4Y93          CARRY4 (Prop_carry4_CI_CO[3])
                                                      0.114    36.516 r  pulse_inst/bpm_reg_reg[11]_i_6/CO[3]
                         net (fo=1, routed)           0.000    36.516    pulse_inst/bpm_reg_reg[11]_i_6_n_0
    SLICE_X4Y94          CARRY4 (Prop_carry4_CI_CO[3])
                                                      0.114    36.630 r  pulse_inst/bpm_reg_reg[11]_i_2/CO[3]
                         net (fo=34, routed)          1.067    37.696    pulse_inst/bpm_reg1[11]
    SLICE_X3Y88          LUT6 (Prop_lut6_I0_O)        0.124    37.820 r  pulse_inst/bpm_reg[11]_i_152/O
                         net (fo=1, routed)           0.000    37.820    pulse_inst/bpm_reg[11]_i_152_n_0
    SLICE_X3Y88          CARRY4 (Prop_carry4_S[1]_CO[3])
                                                      0.550    38.370 r  pulse_inst/bpm_reg_reg[11]_i_131/CO[3]
                         net (fo=1, routed)           0.000    38.370    pulse_inst/bpm_reg_reg[11]_i_131_n_0
    SLICE_X3Y89          CARRY4 (Prop_carry4_CI_CO[3])
                                                      0.114    38.484 r  pulse_inst/bpm_reg_reg[11]_i_111/CO[3]
                         net (fo=1, routed)           0.000    38.484    pulse_inst/bpm_reg_reg[11]_i_111_n_0
    SLICE_X3Y90          CARRY4 (Prop_carry4_CI_CO[3])
                                                      0.114    38.598 r  pulse_inst/bpm_reg_reg[11]_i_91/CO[3]
                         net (fo=1, routed)           0.000    38.598    pulse_inst/bpm_reg_reg[11]_i_91_n_0
    SLICE_X3Y91          CARRY4 (Prop_carry4_CI_CO[3])
                                                      0.114    38.712 r  pulse_inst/bpm_reg_reg[11]_i_71/CO[3]
                         net (fo=1, routed)           0.000    38.712    pulse_inst/bpm_reg_reg[11]_i_71_n_0
    SLICE_X3Y92          CARRY4 (Prop_carry4_CI_CO[3])
                                                      0.114    38.826 r  pulse_inst/bpm_reg_reg[11]_i_51/CO[3]
                         net (fo=1, routed)           0.000    38.826    pulse_inst/bpm_reg_reg[11]_i_51_n_0
    SLICE_X3Y93          CARRY4 (Prop_carry4_CI_CO[3])
                                                      0.114    38.940 r  pulse_inst/bpm_reg_reg[11]_i_31/CO[3]
                         net (fo=1, routed)           0.000    38.940    pulse_inst/bpm_reg_reg[11]_i_31_n_0
    SLICE_X3Y94          CARRY4 (Prop_carry4_CI_CO[3])
                                                      0.114    39.054 r  pulse_inst/bpm_reg_reg[11]_i_11/CO[3]
                         net (fo=1, routed)           0.000    39.054    pulse_inst/bpm_reg_reg[11]_i_11_n_0
    SLICE_X3Y95          CARRY4 (Prop_carry4_CI_CO[3])
                                                      0.114    39.168 r  pulse_inst/bpm_reg_reg[11]_i_3/CO[3]
                         net (fo=35, routed)          0.844    40.012    pulse_inst/bpm_reg1[10]
    SLICE_X1Y95          LUT6 (Prop_lut6_I5_O)        0.124    40.136 r  pulse_inst/bpm_reg[11]_i_153/O
                         net (fo=1, routed)           0.528    40.664    pulse_inst/bpm_reg[11]_i_153_n_0
    SLICE_X2Y89          CARRY4 (Prop_carry4_DI[1]_CO[3])
                                                      0.520    41.184 r  pulse_inst/bpm_reg_reg[11]_i_136/CO[3]
                         net (fo=1, routed)           0.000    41.184    pulse_inst/bpm_reg_reg[11]_i_136_n_0
    SLICE_X2Y90          CARRY4 (Prop_carry4_CI_CO[3])
                                                      0.117    41.301 r  pulse_inst/bpm_reg_reg[11]_i_116/CO[3]
                         net (fo=1, routed)           0.000    41.301    pulse_inst/bpm_reg_reg[11]_i_116_n_0
    SLICE_X2Y91          CARRY4 (Prop_carry4_CI_CO[3])
                                                      0.117    41.418 r  pulse_inst/bpm_reg_reg[11]_i_96/CO[3]
                         net (fo=1, routed)           0.000    41.418    pulse_inst/bpm_reg_reg[11]_i_96_n_0
    SLICE_X2Y92          CARRY4 (Prop_carry4_CI_CO[3])
                                                      0.117    41.535 r  pulse_inst/bpm_reg_reg[11]_i_76/CO[3]
                         net (fo=1, routed)           0.000    41.535    pulse_inst/bpm_reg_reg[11]_i_76_n_0
    SLICE_X2Y93          CARRY4 (Prop_carry4_CI_CO[3])
                                                      0.117    41.652 r  pulse_inst/bpm_reg_reg[11]_i_56/CO[3]
                         net (fo=1, routed)           0.000    41.652    pulse_inst/bpm_reg_reg[11]_i_56_n_0
    SLICE_X2Y94          CARRY4 (Prop_carry4_CI_CO[3])
                                                      0.117    41.769 r  pulse_inst/bpm_reg_reg[11]_i_36/CO[3]
                         net (fo=1, routed)           0.000    41.769    pulse_inst/bpm_reg_reg[11]_i_36_n_0
    SLICE_X2Y95          CARRY4 (Prop_carry4_CI_CO[3])
                                                      0.117    41.886 r  pulse_inst/bpm_reg_reg[11]_i_16/CO[3]
                         net (fo=1, routed)           0.000    41.886    pulse_inst/bpm_reg_reg[11]_i_16_n_0
    SLICE_X2Y96          CARRY4 (Prop_carry4_CI_CO[3])
                                                      0.117    42.003 r  pulse_inst/bpm_reg_reg[11]_i_4/CO[3]
                         net (fo=34, routed)          0.952    42.955    pulse_inst/bpm_reg1[9]
    SLICE_X0Y94          LUT6 (Prop_lut6_I0_O)        0.124    43.079 r  pulse_inst/bpm_reg[11]_i_159/O
                         net (fo=1, routed)           0.000    43.079    pulse_inst/bpm_reg[11]_i_159_n_0
    SLICE_X0Y94          CARRY4 (Prop_carry4_S[1]_CO[3])
                                                      0.550    43.629 r  pulse_inst/bpm_reg_reg[11]_i_141/CO[3]
                         net (fo=1, routed)           0.000    43.629    pulse_inst/bpm_reg_reg[11]_i_141_n_0
    SLICE_X0Y95          CARRY4 (Prop_carry4_CI_CO[3])
                                                      0.114    43.743 r  pulse_inst/bpm_reg_reg[11]_i_121/CO[3]
                         net (fo=1, routed)           0.000    43.743    pulse_inst/bpm_reg_reg[11]_i_121_n_0
    SLICE_X0Y96          CARRY4 (Prop_carry4_CI_CO[3])
                                                      0.114    43.857 r  pulse_inst/bpm_reg_reg[11]_i_101/CO[3]
                         net (fo=1, routed)           0.000    43.857    pulse_inst/bpm_reg_reg[11]_i_101_n_0
    SLICE_X0Y97          CARRY4 (Prop_carry4_CI_CO[3])
                                                      0.114    43.971 r  pulse_inst/bpm_reg_reg[11]_i_81/CO[3]
                         net (fo=1, routed)           0.000    43.971    pulse_inst/bpm_reg_reg[11]_i_81_n_0
    SLICE_X0Y98          CARRY4 (Prop_carry4_CI_CO[3])
                                                      0.114    44.085 r  pulse_inst/bpm_reg_reg[11]_i_61/CO[3]
                         net (fo=1, routed)           0.000    44.085    pulse_inst/bpm_reg_reg[11]_i_61_n_0
    SLICE_X0Y99          CARRY4 (Prop_carry4_CI_CO[3])
                                                      0.114    44.199 r  pulse_inst/bpm_reg_reg[11]_i_41/CO[3]
                         net (fo=1, routed)           0.001    44.199    pulse_inst/bpm_reg_reg[11]_i_41_n_0
    SLICE_X0Y100         CARRY4 (Prop_carry4_CI_CO[3])
                                                      0.114    44.313 r  pulse_inst/bpm_reg_reg[11]_i_21/CO[3]
                         net (fo=1, routed)           0.000    44.313    pulse_inst/bpm_reg_reg[11]_i_21_n_0
    SLICE_X0Y101         CARRY4 (Prop_carry4_CI_CO[3])
                                                      0.114    44.427 r  pulse_inst/bpm_reg_reg[11]_i_5/CO[3]
                         net (fo=35, routed)          0.706    45.134    pulse_inst/bpm_reg1[8]
    SLICE_X3Y101         LUT6 (Prop_lut6_I5_O)        0.124    45.258 r  pulse_inst/bpm_reg[7]_i_146/O
                         net (fo=1, routed)           0.331    45.588    pulse_inst/bpm_reg[7]_i_146_n_0
    SLICE_X2Y100         CARRY4 (Prop_carry4_DI[1]_CO[3])
                                                      0.520    46.108 r  pulse_inst/bpm_reg_reg[7]_i_126/CO[3]
                         net (fo=1, routed)           0.000    46.108    pulse_inst/bpm_reg_reg[7]_i_126_n_0
    SLICE_X2Y101         CARRY4 (Prop_carry4_CI_CO[3])
                                                      0.117    46.225 r  pulse_inst/bpm_reg_reg[7]_i_106/CO[3]
                         net (fo=1, routed)           0.000    46.225    pulse_inst/bpm_reg_reg[7]_i_106_n_0
    SLICE_X2Y102         CARRY4 (Prop_carry4_CI_CO[3])
                                                      0.117    46.342 r  pulse_inst/bpm_reg_reg[7]_i_86/CO[3]
                         net (fo=1, routed)           0.000    46.342    pulse_inst/bpm_reg_reg[7]_i_86_n_0
    SLICE_X2Y103         CARRY4 (Prop_carry4_CI_CO[3])
                                                      0.117    46.459 r  pulse_inst/bpm_reg_reg[7]_i_66/CO[3]
                         net (fo=1, routed)           0.000    46.459    pulse_inst/bpm_reg_reg[7]_i_66_n_0
    SLICE_X2Y104         CARRY4 (Prop_carry4_CI_CO[3])
                                                      0.117    46.576 r  pulse_inst/bpm_reg_reg[7]_i_46/CO[3]
                         net (fo=1, routed)           0.000    46.576    pulse_inst/bpm_reg_reg[7]_i_46_n_0
    SLICE_X2Y105         CARRY4 (Prop_carry4_CI_CO[3])
                                                      0.117    46.693 r  pulse_inst/bpm_reg_reg[7]_i_26/CO[3]
                         net (fo=1, routed)           0.000    46.693    pulse_inst/bpm_reg_reg[7]_i_26_n_0
    SLICE_X2Y106         CARRY4 (Prop_carry4_CI_CO[3])
                                                      0.117    46.810 r  pulse_inst/bpm_reg_reg[7]_i_6/CO[3]
                         net (fo=1, routed)           0.000    46.810    pulse_inst/bpm_reg_reg[7]_i_6_n_0
    SLICE_X2Y107         CARRY4 (Prop_carry4_CI_CO[3])
                                                      0.117    46.927 r  pulse_inst/bpm_reg_reg[7]_i_2/CO[3]
                         net (fo=35, routed)          0.724    47.651    pulse_inst/bpm_reg1[7]
    SLICE_X0Y106         LUT6 (Prop_lut6_I5_O)        0.124    47.775 r  pulse_inst/bpm_reg[7]_i_150/O
                         net (fo=1, routed)           0.338    48.113    pulse_inst/bpm_reg[7]_i_150_n_0
    SLICE_X3Y105         CARRY4 (Prop_carry4_DI[1]_CO[3])
                                                      0.507    48.620 r  pulse_inst/bpm_reg_reg[7]_i_131/CO[3]
                         net (fo=1, routed)           0.000    48.620    pulse_inst/bpm_reg_reg[7]_i_131_n_0
    SLICE_X3Y106         CARRY4 (Prop_carry4_CI_CO[3])
                                                      0.114    48.734 r  pulse_inst/bpm_reg_reg[7]_i_111/CO[3]
                         net (fo=1, routed)           0.000    48.734    pulse_inst/bpm_reg_reg[7]_i_111_n_0
    SLICE_X3Y107         CARRY4 (Prop_carry4_CI_CO[3])
                                                      0.114    48.848 r  pulse_inst/bpm_reg_reg[7]_i_91/CO[3]
                         net (fo=1, routed)           0.000    48.848    pulse_inst/bpm_reg_reg[7]_i_91_n_0
    SLICE_X3Y108         CARRY4 (Prop_carry4_CI_CO[3])
                                                      0.114    48.962 r  pulse_inst/bpm_reg_reg[7]_i_71/CO[3]
                         net (fo=1, routed)           0.000    48.962    pulse_inst/bpm_reg_reg[7]_i_71_n_0
    SLICE_X3Y109         CARRY4 (Prop_carry4_CI_CO[3])
                                                      0.114    49.076 r  pulse_inst/bpm_reg_reg[7]_i_51/CO[3]
                         net (fo=1, routed)           0.000    49.076    pulse_inst/bpm_reg_reg[7]_i_51_n_0
    SLICE_X3Y110         CARRY4 (Prop_carry4_CI_CO[3])
                                                      0.114    49.190 r  pulse_inst/bpm_reg_reg[7]_i_31/CO[3]
                         net (fo=1, routed)           0.000    49.190    pulse_inst/bpm_reg_reg[7]_i_31_n_0
    SLICE_X3Y111         CARRY4 (Prop_carry4_CI_CO[3])
                                                      0.114    49.304 r  pulse_inst/bpm_reg_reg[7]_i_11/CO[3]
                         net (fo=1, routed)           0.000    49.304    pulse_inst/bpm_reg_reg[7]_i_11_n_0
    SLICE_X3Y112         CARRY4 (Prop_carry4_CI_CO[3])
                                                      0.114    49.418 r  pulse_inst/bpm_reg_reg[7]_i_3/CO[3]
                         net (fo=34, routed)          0.925    50.343    pulse_inst/bpm_reg1[6]
    SLICE_X4Y110         LUT6 (Prop_lut6_I0_O)        0.124    50.467 r  pulse_inst/bpm_reg[7]_i_156/O
                         net (fo=1, routed)           0.000    50.467    pulse_inst/bpm_reg[7]_i_156_n_0
    SLICE_X4Y110         CARRY4 (Prop_carry4_S[1]_CO[3])
                                                      0.550    51.017 r  pulse_inst/bpm_reg_reg[7]_i_136/CO[3]
                         net (fo=1, routed)           0.000    51.017    pulse_inst/bpm_reg_reg[7]_i_136_n_0
    SLICE_X4Y111         CARRY4 (Prop_carry4_CI_CO[3])
                                                      0.114    51.131 r  pulse_inst/bpm_reg_reg[7]_i_116/CO[3]
                         net (fo=1, routed)           0.000    51.131    pulse_inst/bpm_reg_reg[7]_i_116_n_0
    SLICE_X4Y112         CARRY4 (Prop_carry4_CI_CO[3])
                                                      0.114    51.245 r  pulse_inst/bpm_reg_reg[7]_i_96/CO[3]
                         net (fo=1, routed)           0.000    51.245    pulse_inst/bpm_reg_reg[7]_i_96_n_0
    SLICE_X4Y113         CARRY4 (Prop_carry4_CI_CO[3])
                                                      0.114    51.359 r  pulse_inst/bpm_reg_reg[7]_i_76/CO[3]
                         net (fo=1, routed)           0.000    51.359    pulse_inst/bpm_reg_reg[7]_i_76_n_0
    SLICE_X4Y114         CARRY4 (Prop_carry4_CI_CO[3])
                                                      0.114    51.473 r  pulse_inst/bpm_reg_reg[7]_i_56/CO[3]
                         net (fo=1, routed)           0.000    51.473    pulse_inst/bpm_reg_reg[7]_i_56_n_0
    SLICE_X4Y115         CARRY4 (Prop_carry4_CI_CO[3])
                                                      0.114    51.587 r  pulse_inst/bpm_reg_reg[7]_i_36/CO[3]
                         net (fo=1, routed)           0.000    51.587    pulse_inst/bpm_reg_reg[7]_i_36_n_0
    SLICE_X4Y116         CARRY4 (Prop_carry4_CI_CO[3])
                                                      0.114    51.701 r  pulse_inst/bpm_reg_reg[7]_i_16/CO[3]
                         net (fo=1, routed)           0.000    51.701    pulse_inst/bpm_reg_reg[7]_i_16_n_0
    SLICE_X4Y117         CARRY4 (Prop_carry4_CI_CO[3])
                                                      0.114    51.815 r  pulse_inst/bpm_reg_reg[7]_i_4/CO[3]
                         net (fo=34, routed)          0.893    52.707    pulse_inst/bpm_reg1[5]
    SLICE_X3Y116         LUT6 (Prop_lut6_I0_O)        0.124    52.831 r  pulse_inst/bpm_reg[7]_i_159/O
                         net (fo=1, routed)           0.000    52.831    pulse_inst/bpm_reg[7]_i_159_n_0
    SLICE_X3Y116         CARRY4 (Prop_carry4_S[1]_CO[3])
                                                      0.550    53.381 r  pulse_inst/bpm_reg_reg[7]_i_141/CO[3]
                         net (fo=1, routed)           0.000    53.381    pulse_inst/bpm_reg_reg[7]_i_141_n_0
    SLICE_X3Y117         CARRY4 (Prop_carry4_CI_CO[3])
                                                      0.114    53.495 r  pulse_inst/bpm_reg_reg[7]_i_121/CO[3]
                         net (fo=1, routed)           0.000    53.495    pulse_inst/bpm_reg_reg[7]_i_121_n_0
    SLICE_X3Y118         CARRY4 (Prop_carry4_CI_CO[3])
                                                      0.114    53.609 r  pulse_inst/bpm_reg_reg[7]_i_101/CO[3]
                         net (fo=1, routed)           0.000    53.609    pulse_inst/bpm_reg_reg[7]_i_101_n_0
    SLICE_X3Y119         CARRY4 (Prop_carry4_CI_CO[3])
                                                      0.114    53.723 r  pulse_inst/bpm_reg_reg[7]_i_81/CO[3]
                         net (fo=1, routed)           0.000    53.723    pulse_inst/bpm_reg_reg[7]_i_81_n_0
    SLICE_X3Y120         CARRY4 (Prop_carry4_CI_CO[3])
                                                      0.114    53.837 r  pulse_inst/bpm_reg_reg[7]_i_61/CO[3]
                         net (fo=1, routed)           0.000    53.837    pulse_inst/bpm_reg_reg[7]_i_61_n_0
    SLICE_X3Y121         CARRY4 (Prop_carry4_CI_CO[3])
                                                      0.114    53.951 r  pulse_inst/bpm_reg_reg[7]_i_41/CO[3]
                         net (fo=1, routed)           0.000    53.951    pulse_inst/bpm_reg_reg[7]_i_41_n_0
    SLICE_X3Y122         CARRY4 (Prop_carry4_CI_CO[3])
                                                      0.114    54.065 r  pulse_inst/bpm_reg_reg[7]_i_21/CO[3]
                         net (fo=1, routed)           0.000    54.065    pulse_inst/bpm_reg_reg[7]_i_21_n_0
    SLICE_X3Y123         CARRY4 (Prop_carry4_CI_CO[3])
                                                      0.114    54.179 r  pulse_inst/bpm_reg_reg[7]_i_5/CO[3]
                         net (fo=35, routed)          1.027    55.206    pulse_inst/bpm_reg1[4]
    SLICE_X2Y122         LUT6 (Prop_lut6_I5_O)        0.124    55.330 r  pulse_inst/bpm_reg[3]_i_148/O
                         net (fo=1, routed)           0.000    55.330    pulse_inst/bpm_reg[3]_i_148_n_0
    SLICE_X2Y122         CARRY4 (Prop_carry4_S[1]_CO[3])
                                                      0.533    55.863 r  pulse_inst/bpm_reg_reg[3]_i_125/CO[3]
                         net (fo=1, routed)           0.000    55.863    pulse_inst/bpm_reg_reg[3]_i_125_n_0
    SLICE_X2Y123         CARRY4 (Prop_carry4_CI_CO[3])
                                                      0.117    55.980 r  pulse_inst/bpm_reg_reg[3]_i_105/CO[3]
                         net (fo=1, routed)           0.000    55.980    pulse_inst/bpm_reg_reg[3]_i_105_n_0
    SLICE_X2Y124         CARRY4 (Prop_carry4_CI_CO[3])
                                                      0.117    56.097 r  pulse_inst/bpm_reg_reg[3]_i_85/CO[3]
                         net (fo=1, routed)           0.009    56.106    pulse_inst/bpm_reg_reg[3]_i_85_n_0
    SLICE_X2Y125         CARRY4 (Prop_carry4_CI_CO[3])
                                                      0.117    56.223 r  pulse_inst/bpm_reg_reg[3]_i_65/CO[3]
                         net (fo=1, routed)           0.000    56.223    pulse_inst/bpm_reg_reg[3]_i_65_n_0
    SLICE_X2Y126         CARRY4 (Prop_carry4_CI_CO[3])
                                                      0.117    56.340 r  pulse_inst/bpm_reg_reg[3]_i_45/CO[3]
                         net (fo=1, routed)           0.000    56.340    pulse_inst/bpm_reg_reg[3]_i_45_n_0
    SLICE_X2Y127         CARRY4 (Prop_carry4_CI_CO[3])
                                                      0.117    56.457 r  pulse_inst/bpm_reg_reg[3]_i_25/CO[3]
                         net (fo=1, routed)           0.000    56.457    pulse_inst/bpm_reg_reg[3]_i_25_n_0
    SLICE_X2Y128         CARRY4 (Prop_carry4_CI_CO[3])
                                                      0.117    56.574 r  pulse_inst/bpm_reg_reg[3]_i_6/CO[3]
                         net (fo=1, routed)           0.000    56.574    pulse_inst/bpm_reg_reg[3]_i_6_n_0
    SLICE_X2Y129         CARRY4 (Prop_carry4_CI_CO[3])
                                                      0.117    56.691 r  pulse_inst/bpm_reg_reg[3]_i_2/CO[3]
                         net (fo=35, routed)          0.708    57.399    pulse_inst/bpm_reg1[3]
    SLICE_X0Y128         LUT6 (Prop_lut6_I5_O)        0.124    57.523 r  pulse_inst/bpm_reg[3]_i_149/O
                         net (fo=1, routed)           0.338    57.861    pulse_inst/bpm_reg[3]_i_149_n_0
    SLICE_X3Y127         CARRY4 (Prop_carry4_DI[1]_CO[3])
                                                      0.507    58.368 r  pulse_inst/bpm_reg_reg[3]_i_130/CO[3]
                         net (fo=1, routed)           0.000    58.368    pulse_inst/bpm_reg_reg[3]_i_130_n_0
    SLICE_X3Y128         CARRY4 (Prop_carry4_CI_CO[3])
                                                      0.114    58.482 r  pulse_inst/bpm_reg_reg[3]_i_110/CO[3]
                         net (fo=1, routed)           0.000    58.482    pulse_inst/bpm_reg_reg[3]_i_110_n_0
    SLICE_X3Y129         CARRY4 (Prop_carry4_CI_CO[3])
                                                      0.114    58.596 r  pulse_inst/bpm_reg_reg[3]_i_90/CO[3]
                         net (fo=1, routed)           0.000    58.596    pulse_inst/bpm_reg_reg[3]_i_90_n_0
    SLICE_X3Y130         CARRY4 (Prop_carry4_CI_CO[3])
                                                      0.114    58.710 r  pulse_inst/bpm_reg_reg[3]_i_70/CO[3]
                         net (fo=1, routed)           0.000    58.710    pulse_inst/bpm_reg_reg[3]_i_70_n_0
    SLICE_X3Y131         CARRY4 (Prop_carry4_CI_CO[3])
                                                      0.114    58.824 r  pulse_inst/bpm_reg_reg[3]_i_50/CO[3]
                         net (fo=1, routed)           0.000    58.824    pulse_inst/bpm_reg_reg[3]_i_50_n_0
    SLICE_X3Y132         CARRY4 (Prop_carry4_CI_CO[3])
                                                      0.114    58.938 r  pulse_inst/bpm_reg_reg[3]_i_30/CO[3]
                         net (fo=1, routed)           0.000    58.938    pulse_inst/bpm_reg_reg[3]_i_30_n_0
    SLICE_X3Y133         CARRY4 (Prop_carry4_CI_CO[3])
                                                      0.114    59.052 r  pulse_inst/bpm_reg_reg[3]_i_11/CO[3]
                         net (fo=1, routed)           0.000    59.052    pulse_inst/bpm_reg_reg[3]_i_11_n_0
    SLICE_X3Y134         CARRY4 (Prop_carry4_CI_CO[3])
                                                      0.114    59.166 r  pulse_inst/bpm_reg_reg[3]_i_3/CO[3]
                         net (fo=35, routed)          1.087    60.253    pulse_inst/bpm_reg1[2]
    SLICE_X5Y127         LUT6 (Prop_lut6_I5_O)        0.124    60.377 r  pulse_inst/bpm_reg[3]_i_153/O
                         net (fo=1, routed)           0.190    60.567    pulse_inst/bpm_reg[3]_i_153_n_0
    SLICE_X4Y127         CARRY4 (Prop_carry4_DI[1]_CO[3])
                                                      0.507    61.074 r  pulse_inst/bpm_reg_reg[3]_i_135/CO[3]
                         net (fo=1, routed)           0.000    61.074    pulse_inst/bpm_reg_reg[3]_i_135_n_0
    SLICE_X4Y128         CARRY4 (Prop_carry4_CI_CO[3])
                                                      0.114    61.188 r  pulse_inst/bpm_reg_reg[3]_i_115/CO[3]
                         net (fo=1, routed)           0.000    61.188    pulse_inst/bpm_reg_reg[3]_i_115_n_0
    SLICE_X4Y129         CARRY4 (Prop_carry4_CI_CO[3])
                                                      0.114    61.302 r  pulse_inst/bpm_reg_reg[3]_i_95/CO[3]
                         net (fo=1, routed)           0.000    61.302    pulse_inst/bpm_reg_reg[3]_i_95_n_0
    SLICE_X4Y130         CARRY4 (Prop_carry4_CI_CO[3])
                                                      0.114    61.416 r  pulse_inst/bpm_reg_reg[3]_i_75/CO[3]
                         net (fo=1, routed)           0.000    61.416    pulse_inst/bpm_reg_reg[3]_i_75_n_0
    SLICE_X4Y131         CARRY4 (Prop_carry4_CI_CO[3])
                                                      0.114    61.530 r  pulse_inst/bpm_reg_reg[3]_i_55/CO[3]
                         net (fo=1, routed)           0.000    61.530    pulse_inst/bpm_reg_reg[3]_i_55_n_0
    SLICE_X4Y132         CARRY4 (Prop_carry4_CI_CO[3])
                                                      0.114    61.644 r  pulse_inst/bpm_reg_reg[3]_i_35/CO[3]
                         net (fo=1, routed)           0.000    61.644    pulse_inst/bpm_reg_reg[3]_i_35_n_0
    SLICE_X4Y133         CARRY4 (Prop_carry4_CI_CO[3])
                                                      0.114    61.758 r  pulse_inst/bpm_reg_reg[3]_i_16/CO[3]
                         net (fo=1, routed)           0.000    61.758    pulse_inst/bpm_reg_reg[3]_i_16_n_0
    SLICE_X4Y134         CARRY4 (Prop_carry4_CI_CO[3])
                                                      0.114    61.872 r  pulse_inst/bpm_reg_reg[3]_i_4/CO[3]
                         net (fo=35, routed)          0.737    62.609    pulse_inst/bpm_reg1[1]
    SLICE_X7Y134         LUT6 (Prop_lut6_I5_O)        0.124    62.733 r  pulse_inst/bpm_reg[3]_i_157/O
                         net (fo=1, routed)           0.929    63.662    pulse_inst/bpm_reg[3]_i_157_n_0
    SLICE_X5Y128         CARRY4 (Prop_carry4_DI[0]_CO[3])
                                                      0.633    64.295 r  pulse_inst/bpm_reg_reg[3]_i_140/CO[3]
                         net (fo=1, routed)           0.000    64.295    pulse_inst/bpm_reg_reg[3]_i_140_n_0
    SLICE_X5Y129         CARRY4 (Prop_carry4_CI_CO[3])
                                                      0.114    64.409 r  pulse_inst/bpm_reg_reg[3]_i_120/CO[3]
                         net (fo=1, routed)           0.000    64.409    pulse_inst/bpm_reg_reg[3]_i_120_n_0
    SLICE_X5Y130         CARRY4 (Prop_carry4_CI_CO[3])
                                                      0.114    64.523 r  pulse_inst/bpm_reg_reg[3]_i_100/CO[3]
                         net (fo=1, routed)           0.000    64.523    pulse_inst/bpm_reg_reg[3]_i_100_n_0
    SLICE_X5Y131         CARRY4 (Prop_carry4_CI_CO[3])
                                                      0.114    64.637 r  pulse_inst/bpm_reg_reg[3]_i_80/CO[3]
                         net (fo=1, routed)           0.000    64.637    pulse_inst/bpm_reg_reg[3]_i_80_n_0
    SLICE_X5Y132         CARRY4 (Prop_carry4_CI_CO[3])
                                                      0.114    64.751 r  pulse_inst/bpm_reg_reg[3]_i_60/CO[3]
                         net (fo=1, routed)           0.000    64.751    pulse_inst/bpm_reg_reg[3]_i_60_n_0
    SLICE_X5Y133         CARRY4 (Prop_carry4_CI_CO[3])
                                                      0.114    64.865 r  pulse_inst/bpm_reg_reg[3]_i_40/CO[3]
                         net (fo=1, routed)           0.000    64.865    pulse_inst/bpm_reg_reg[3]_i_40_n_0
    SLICE_X5Y134         CARRY4 (Prop_carry4_CI_CO[3])
                                                      0.114    64.979 r  pulse_inst/bpm_reg_reg[3]_i_21/CO[3]
                         net (fo=1, routed)           0.000    64.979    pulse_inst/bpm_reg_reg[3]_i_21_n_0
    SLICE_X5Y135         CARRY4 (Prop_carry4_CI_CO[2])
                                                      0.228    65.207 r  pulse_inst/bpm_reg_reg[3]_i_5/CO[2]
                         net (fo=1, routed)           0.662    65.869    pulse_inst/bpm_reg1[0]
    SLICE_X4Y135         CARRY4 (Prop_carry4_S[0]_CO[3])
                                                      0.845    66.714 r  pulse_inst/bpm_reg_reg[3]_i_1/CO[3]
                         net (fo=1, routed)           0.000    66.714    pulse_inst/bpm_reg_reg[3]_i_1_n_0
    SLICE_X4Y136         CARRY4 (Prop_carry4_CI_CO[3])
                                                      0.114    66.828 r  pulse_inst/bpm_reg_reg[7]_i_1/CO[3]
                         net (fo=1, routed)           0.000    66.828    pulse_inst/bpm_reg_reg[7]_i_1_n_0
    SLICE_X4Y137         CARRY4 (Prop_carry4_CI_O[2])
                                                      0.239    67.067 r  pulse_inst/bpm_reg_reg[11]_i_1/O[2]
                         net (fo=1, routed)           0.000    67.067    pulse_inst/bpm_reg_reg[11]_i_1_n_5
    SLICE_X4Y137         FDRE                                         r  pulse_inst/bpm_reg_reg[10]/D
  -------------------------------------------------------------------    -------------------

                         (clock sys_clk_pin rise edge)
                                                     10.000    10.000 r  
    W5                                                0.000    10.000 r  clk (IN)
                         net (fo=0)                   0.000    10.000    clk
    W5                   IBUF (Prop_ibuf_I_O)         1.388    11.388 r  clk_IBUF_inst/O
                         net (fo=1, routed)           1.862    13.250    clk_IBUF
    BUFGCTRL_X0Y1        BUFG (Prop_bufg_I_O)         0.091    13.341 r  clk_IBUF_BUFG_inst/O
                         net (fo=236, routed)         1.678    15.019    pulse_inst/clk_IBUF_BUFG
    SLICE_X4Y137         FDRE                                         r  pulse_inst/bpm_reg_reg[10]/C
                         clock pessimism              0.187    15.206    
                         clock uncertainty           -0.035    15.171    
    SLICE_X4Y137         FDRE (Setup_fdre_C_D)        0.062    15.233    pulse_inst/bpm_reg_reg[10]
  -------------------------------------------------------------------
                         required time                         15.233    
                         arrival time                         -67.067    
  -------------------------------------------------------------------
                         slack                                -51.834    

Slack (VIOLATED) :        -51.818ns  (required time - arrival time)
  Source:                 pulse_inst/beat_count_reg[2]_replica_12/C
                            (rising edge-triggered cell FDRE clocked by sys_clk_pin  {rise@0.000ns fall@5.000ns period=10.000ns})
  Destination:            pulse_inst/bpm_reg_reg[8]/D
                            (rising edge-triggered cell FDRE clocked by sys_clk_pin  {rise@0.000ns fall@5.000ns period=10.000ns})
  Path Group:             sys_clk_pin
  Path Type:              Setup (Max at Slow Process Corner)
  Requirement:            10.000ns  (sys_clk_pin rise@10.000ns - sys_clk_pin rise@0.000ns)
  Data Path Delay:        61.918ns  (logic 29.286ns (47.298%)  route 32.632ns (52.702%))
  Logic Levels:           171  (CARRY4=133 LUT4=2 LUT5=12 LUT6=24)
  Clock Path Skew:        0.073ns (DCD - SCD + CPR)
    Destination Clock Delay (DCD):    5.019ns = ( 15.019 - 10.000 ) 
    Source Clock Delay      (SCD):    5.133ns
    Clock Pessimism Removal (CPR):    0.187ns
  Clock Uncertainty:      0.035ns  ((TSJ^2 + TIJ^2)^1/2 + DJ) / 2 + PE
    Total System Jitter     (TSJ):    0.071ns
    Total Input Jitter      (TIJ):    0.000ns
    Discrete Jitter          (DJ):    0.000ns
    Phase Error              (PE):    0.000ns

    Location             Delay type                Incr(ns)  Path(ns)    Netlist Resource(s)
  -------------------------------------------------------------------    -------------------
                         (clock sys_clk_pin rise edge)
                                                      0.000     0.000 r  
    W5                                                0.000     0.000 r  clk (IN)
                         net (fo=0)                   0.000     0.000    clk
    W5                   IBUF (Prop_ibuf_I_O)         1.458     1.458 r  clk_IBUF_inst/O
                         net (fo=1, routed)           1.967     3.425    clk_IBUF
    BUFGCTRL_X0Y1        BUFG (Prop_bufg_I_O)         0.096     3.521 r  clk_IBUF_BUFG_inst/O
                         net (fo=236, routed)         1.612     5.133    pulse_inst/clk_IBUF_BUFG
    SLICE_X5Y81          FDRE                                         r  pulse_inst/beat_count_reg[2]_replica_12/C
  -------------------------------------------------------------------    -------------------
    SLICE_X5Y81          FDRE (Prop_fdre_C_Q)         0.456     5.589 r  pulse_inst/beat_count_reg[2]_replica_12/Q
                         net (fo=85, routed)          1.401     6.989    pulse_inst/beat_count_reg_n_0_[2]_repN_12
    SLICE_X2Y81          LUT6 (Prop_lut6_I0_O)        0.124     7.113 f  pulse_inst/bpm_reg[15]_i_217/O
                         net (fo=2, routed)           0.495     7.609    pulse_inst/bpm_reg[15]_i_217_n_0
    SLICE_X2Y81          LUT6 (Prop_lut6_I0_O)        0.124     7.733 r  pulse_inst/bpm_reg[15]_i_130/O
                         net (fo=2, routed)           0.653     8.385    pulse_inst/bpm_reg[15]_i_130_n_0
    SLICE_X3Y82          LUT5 (Prop_lut5_I0_O)        0.124     8.509 r  pulse_inst/bpm_reg[15]_i_134/O
                         net (fo=1, routed)           0.000     8.509    pulse_inst/bpm_reg[15]_i_134_n_0
    SLICE_X3Y82          CARRY4 (Prop_carry4_S[1]_CO[3])
                                                      0.550     9.059 r  pulse_inst/bpm_reg_reg[15]_i_86/CO[3]
                         net (fo=1, routed)           0.000     9.059    pulse_inst/bpm_reg_reg[15]_i_86_n_0
    SLICE_X3Y83          CARRY4 (Prop_carry4_CI_O[0])
                                                      0.222     9.281 r  pulse_inst/bpm_reg_reg[15]_i_53/O[0]
                         net (fo=12, routed)          0.883    10.164    pulse_inst/bpm_reg_reg[15]_i_53_n_7
    SLICE_X2Y82          LUT6 (Prop_lut6_I0_O)        0.299    10.463 r  pulse_inst/bpm_reg[15]_i_120/O
                         net (fo=6, routed)           0.361    10.825    pulse_inst/bpm_reg[15]_i_120_n_0
    SLICE_X2Y83          LUT5 (Prop_lut5_I3_O)        0.124    10.949 r  pulse_inst/bpm_reg[15]_i_179/O
                         net (fo=2, routed)           0.601    11.550    pulse_inst/bpm_reg[15]_i_179_n_0
    SLICE_X2Y82          LUT6 (Prop_lut6_I0_O)        0.124    11.674 r  pulse_inst/bpm_reg[15]_i_119/O
                         net (fo=5, routed)           0.609    12.283    pulse_inst/bpm_reg[15]_i_119_n_0
    SLICE_X0Y82          LUT5 (Prop_lut5_I0_O)        0.124    12.407 f  pulse_inst/bpm_reg[15]_i_122/O
                         net (fo=11, routed)          0.876    13.282    pulse_inst/bpm_reg[15]_i_122_n_0
    SLICE_X4Y82          LUT5 (Prop_lut5_I2_O)        0.124    13.406 r  pulse_inst/bpm_reg[15]_i_121/O
                         net (fo=4, routed)           0.334    13.741    pulse_inst/bpm_reg[15]_i_121_n_0
    SLICE_X4Y83          LUT5 (Prop_lut5_I1_O)        0.124    13.865 r  pulse_inst/bpm_reg[15]_i_274/O
                         net (fo=1, routed)           0.306    14.170    pulse_inst/bpm_reg[15]_i_274_n_0
    SLICE_X4Y81          LUT4 (Prop_lut4_I0_O)        0.124    14.294 r  pulse_inst/bpm_reg[15]_i_190/O
                         net (fo=1, routed)           0.821    15.116    pulse_inst/bpm_reg[15]_i_190_n_0
    SLICE_X2Y81          LUT6 (Prop_lut6_I2_O)        0.124    15.240 r  pulse_inst/bpm_reg[15]_i_123_comp/O
                         net (fo=6, routed)           0.488    15.728    pulse_inst/bpm_reg[15]_i_123_n_0
    SLICE_X0Y80          LUT5 (Prop_lut5_I2_O)        0.124    15.852 r  pulse_inst/bpm_reg[15]_i_203/O
                         net (fo=3, routed)           0.451    16.303    pulse_inst/bpm_reg[15]_i_203_n_0
    SLICE_X0Y80          LUT5 (Prop_lut5_I4_O)        0.124    16.427 r  pulse_inst/bpm_reg[15]_i_126/O
                         net (fo=11, routed)          0.522    16.949    pulse_inst/bpm_reg[15]_i_126_n_0
    SLICE_X4Y79          LUT5 (Prop_lut5_I2_O)        0.124    17.073 f  pulse_inst/bpm_reg[15]_i_251/O
                         net (fo=6, routed)           0.838    17.910    pulse_inst/bpm_reg[15]_i_251_n_0
    SLICE_X7Y79          LUT6 (Prop_lut6_I1_O)        0.124    18.034 r  pulse_inst/bpm_reg[15]_i_166_comp/O
                         net (fo=10, routed)          0.375    18.410    pulse_inst/bpm_reg[15]_i_166_n_0
    SLICE_X6Y80          LUT5 (Prop_lut5_I2_O)        0.124    18.534 r  pulse_inst/bpm_reg[15]_i_247/O
                         net (fo=4, routed)           0.184    18.717    pulse_inst/bpm_reg[15]_i_247_n_0
    SLICE_X6Y80          LUT4 (Prop_lut4_I0_O)        0.124    18.841 f  pulse_inst/bpm_reg[15]_i_255/O
                         net (fo=5, routed)           0.711    19.552    pulse_inst/bpm_reg[15]_i_255_n_0
    SLICE_X7Y81          LUT6 (Prop_lut6_I1_O)        0.124    19.676 r  pulse_inst/bpm_reg[15]_i_168_comp/O
                         net (fo=10, routed)          0.485    20.161    pulse_inst/bpm_reg[15]_i_168_n_0
    SLICE_X6Y82          LUT5 (Prop_lut5_I2_O)        0.124    20.285 r  pulse_inst/bpm_reg[15]_i_253/O
                         net (fo=4, routed)           0.185    20.470    pulse_inst/bpm_reg[15]_i_253_n_0
    SLICE_X6Y82          LUT5 (Prop_lut5_I3_O)        0.124    20.594 r  pulse_inst/bpm_reg[15]_i_167/O
                         net (fo=10, routed)          0.511    21.105    pulse_inst/bpm_reg[15]_i_167_n_0
    SLICE_X6Y85          LUT5 (Prop_lut5_I4_O)        0.124    21.229 f  pulse_inst/bpm_reg[15]_i_260/O
                         net (fo=7, routed)           0.644    21.872    pulse_inst/bpm_reg[15]_i_260_n_0
    SLICE_X5Y84          LUT6 (Prop_lut6_I1_O)        0.124    21.996 r  pulse_inst/bpm_reg[15]_i_169_comp/O
                         net (fo=10, routed)          0.923    22.919    pulse_inst/bpm_reg[15]_i_169_n_0
    SLICE_X5Y85          LUT6 (Prop_lut6_I3_O)        0.124    23.043 r  pulse_inst/bpm_reg[15]_i_177/O
                         net (fo=3, routed)           0.439    23.482    pulse_inst/bpm_reg[15]_i_177_n_0
    SLICE_X4Y85          LUT6 (Prop_lut6_I1_O)        0.124    23.606 f  pulse_inst/bpm_reg[15]_i_116/O
                         net (fo=27, routed)          0.359    23.965    pulse_inst/bpm_reg[15]_i_116_n_0
    SLICE_X6Y85          LUT6 (Prop_lut6_I4_O)        0.124    24.089 r  pulse_inst/bpm_reg[15]_i_332/O
                         net (fo=1, routed)           0.333    24.422    pulse_inst/bpm_reg[15]_i_332_n_0
    SLICE_X7Y87          CARRY4 (Prop_carry4_CYINIT_CO[3])
                                                      0.580    25.002 r  pulse_inst/bpm_reg_reg[15]_i_294/CO[3]
                         net (fo=1, routed)           0.000    25.002    pulse_inst/bpm_reg_reg[15]_i_294_n_0
    SLICE_X7Y88          CARRY4 (Prop_carry4_CI_CO[3])
                                                      0.114    25.116 r  pulse_inst/bpm_reg_reg[15]_i_222/CO[3]
                         net (fo=1, routed)           0.000    25.116    pulse_inst/bpm_reg_reg[15]_i_222_n_0
    SLICE_X7Y89          CARRY4 (Prop_carry4_CI_CO[3])
                                                      0.114    25.230 r  pulse_inst/bpm_reg_reg[15]_i_140/CO[3]
                         net (fo=1, routed)           0.000    25.230    pulse_inst/bpm_reg_reg[15]_i_140_n_0
    SLICE_X7Y90          CARRY4 (Prop_carry4_CI_CO[3])
                                                      0.114    25.344 r  pulse_inst/bpm_reg_reg[15]_i_89/CO[3]
                         net (fo=1, routed)           0.000    25.344    pulse_inst/bpm_reg_reg[15]_i_89_n_0
    SLICE_X7Y91          CARRY4 (Prop_carry4_CI_CO[3])
                                                      0.114    25.458 r  pulse_inst/bpm_reg_reg[15]_i_54/CO[3]
                         net (fo=1, routed)           0.000    25.458    pulse_inst/bpm_reg_reg[15]_i_54_n_0
    SLICE_X7Y92          CARRY4 (Prop_carry4_CI_CO[3])
                                                      0.114    25.572 r  pulse_inst/bpm_reg_reg[15]_i_28/CO[3]
                         net (fo=1, routed)           0.000    25.572    pulse_inst/bpm_reg_reg[15]_i_28_n_0
    SLICE_X7Y93          CARRY4 (Prop_carry4_CI_CO[3])
                                                      0.114    25.686 r  pulse_inst/bpm_reg_reg[15]_i_9/CO[3]
                         net (fo=1, routed)           0.000    25.686    pulse_inst/bpm_reg_reg[15]_i_9_n_0
    SLICE_X7Y94          CARRY4 (Prop_carry4_CI_CO[1])
                                                      0.157    25.843 r  pulse_inst/bpm_reg_reg[15]_i_4/CO[1]
                         net (fo=34, routed)          1.013    26.856    pulse_inst/bpm_reg1[15]
    SLICE_X8Y87          CARRY4 (Prop_carry4_CYINIT_CO[3])
                                                      0.800    27.656 r  pulse_inst/bpm_reg_reg[15]_i_303/CO[3]
                         net (fo=1, routed)           0.000    27.656    pulse_inst/bpm_reg_reg[15]_i_303_n_0
    SLICE_X8Y88          CARRY4 (Prop_carry4_CI_CO[3])
                                                      0.117    27.773 r  pulse_inst/bpm_reg_reg[15]_i_231/CO[3]
                         net (fo=1, routed)           0.000    27.773    pulse_inst/bpm_reg_reg[15]_i_231_n_0
    SLICE_X8Y89          CARRY4 (Prop_carry4_CI_CO[3])
                                                      0.117    27.890 r  pulse_inst/bpm_reg_reg[15]_i_149/CO[3]
                         net (fo=1, routed)           0.000    27.890    pulse_inst/bpm_reg_reg[15]_i_149_n_0
    SLICE_X8Y90          CARRY4 (Prop_carry4_CI_CO[3])
                                                      0.117    28.007 r  pulse_inst/bpm_reg_reg[15]_i_92/CO[3]
                         net (fo=1, routed)           0.000    28.007    pulse_inst/bpm_reg_reg[15]_i_92_n_0
    SLICE_X8Y91          CARRY4 (Prop_carry4_CI_CO[3])
                                                      0.117    28.124 r  pulse_inst/bpm_reg_reg[15]_i_55/CO[3]
                         net (fo=1, routed)           0.000    28.124    pulse_inst/bpm_reg_reg[15]_i_55_n_0
    SLICE_X8Y92          CARRY4 (Prop_carry4_CI_CO[3])
                                                      0.117    28.241 r  pulse_inst/bpm_reg_reg[15]_i_29/CO[3]
                         net (fo=1, routed)           0.000    28.241    pulse_inst/bpm_reg_reg[15]_i_29_n_0
    SLICE_X8Y93          CARRY4 (Prop_carry4_CI_CO[3])
                                                      0.117    28.358 r  pulse_inst/bpm_reg_reg[15]_i_10/CO[3]
                         net (fo=1, routed)           0.000    28.358    pulse_inst/bpm_reg_reg[15]_i_10_n_0
    SLICE_X8Y94          CARRY4 (Prop_carry4_CI_CO[3])
                                                      0.117    28.475 r  pulse_inst/bpm_reg_reg[15]_i_5/CO[3]
                         net (fo=34, routed)          1.318    29.793    pulse_inst/bpm_reg1[14]
    SLICE_X6Y86          CARRY4 (Prop_carry4_CYINIT_CO[3])
                                                      0.595    30.388 r  pulse_inst/bpm_reg_reg[15]_i_308/CO[3]
                         net (fo=1, routed)           0.000    30.388    pulse_inst/bpm_reg_reg[15]_i_308_n_0
    SLICE_X6Y87          CARRY4 (Prop_carry4_CI_CO[3])
                                                      0.117    30.505 r  pulse_inst/bpm_reg_reg[15]_i_236/CO[3]
                         net (fo=1, routed)           0.000    30.505    pulse_inst/bpm_reg_reg[15]_i_236_n_0
    SLICE_X6Y88          CARRY4 (Prop_carry4_CI_CO[3])
                                                      0.117    30.622 r  pulse_inst/bpm_reg_reg[15]_i_155/CO[3]
                         net (fo=1, routed)           0.000    30.622    pulse_inst/bpm_reg_reg[15]_i_155_n_0
    SLICE_X6Y89          CARRY4 (Prop_carry4_CI_CO[3])
                                                      0.117    30.739 r  pulse_inst/bpm_reg_reg[15]_i_97/CO[3]
                         net (fo=1, routed)           0.000    30.739    pulse_inst/bpm_reg_reg[15]_i_97_n_0
    SLICE_X6Y90          CARRY4 (Prop_carry4_CI_CO[3])
                                                      0.117    30.856 r  pulse_inst/bpm_reg_reg[15]_i_60/CO[3]
                         net (fo=1, routed)           0.000    30.856    pulse_inst/bpm_reg_reg[15]_i_60_n_0
    SLICE_X6Y91          CARRY4 (Prop_carry4_CI_CO[3])
                                                      0.117    30.973 r  pulse_inst/bpm_reg_reg[15]_i_34/CO[3]
                         net (fo=1, routed)           0.000    30.973    pulse_inst/bpm_reg_reg[15]_i_34_n_0
    SLICE_X6Y92          CARRY4 (Prop_carry4_CI_CO[3])
                                                      0.117    31.090 r  pulse_inst/bpm_reg_reg[15]_i_15/CO[3]
                         net (fo=1, routed)           0.000    31.090    pulse_inst/bpm_reg_reg[15]_i_15_n_0
    SLICE_X6Y93          CARRY4 (Prop_carry4_CI_CO[3])
                                                      0.117    31.207 r  pulse_inst/bpm_reg_reg[15]_i_6/CO[3]
                         net (fo=34, routed)          1.183    32.390    pulse_inst/bpm_reg1[13]
    SLICE_X5Y86          LUT6 (Prop_lut6_I0_O)        0.124    32.514 r  pulse_inst/bpm_reg[15]_i_350/O
                         net (fo=1, routed)           0.000    32.514    pulse_inst/bpm_reg[15]_i_350_n_0
    SLICE_X5Y86          CARRY4 (Prop_carry4_S[1]_CO[3])
                                                      0.550    33.064 r  pulse_inst/bpm_reg_reg[15]_i_313/CO[3]
                         net (fo=1, routed)           0.000    33.064    pulse_inst/bpm_reg_reg[15]_i_313_n_0
    SLICE_X5Y87          CARRY4 (Prop_carry4_CI_CO[3])
                                                      0.114    33.178 r  pulse_inst/bpm_reg_reg[15]_i_241/CO[3]
                         net (fo=1, routed)           0.000    33.178    pulse_inst/bpm_reg_reg[15]_i_241_n_0
    SLICE_X5Y88          CARRY4 (Prop_carry4_CI_CO[3])
                                                      0.114    33.292 r  pulse_inst/bpm_reg_reg[15]_i_160/CO[3]
                         net (fo=1, routed)           0.000    33.292    pulse_inst/bpm_reg_reg[15]_i_160_n_0
    SLICE_X5Y89          CARRY4 (Prop_carry4_CI_CO[3])
                                                      0.114    33.406 r  pulse_inst/bpm_reg_reg[15]_i_102/CO[3]
                         net (fo=1, routed)           0.000    33.406    pulse_inst/bpm_reg_reg[15]_i_102_n_0
    SLICE_X5Y90          CARRY4 (Prop_carry4_CI_CO[3])
                                                      0.114    33.520 r  pulse_inst/bpm_reg_reg[15]_i_65/CO[3]
                         net (fo=1, routed)           0.000    33.520    pulse_inst/bpm_reg_reg[15]_i_65_n_0
    SLICE_X5Y91          CARRY4 (Prop_carry4_CI_CO[3])
                                                      0.114    33.634 r  pulse_inst/bpm_reg_reg[15]_i_39/CO[3]
                         net (fo=1, routed)           0.000    33.634    pulse_inst/bpm_reg_reg[15]_i_39_n_0
    SLICE_X5Y92          CARRY4 (Prop_carry4_CI_CO[3])
                                                      0.114    33.748 r  pulse_inst/bpm_reg_reg[15]_i_20/CO[3]
                         net (fo=1, routed)           0.000    33.748    pulse_inst/bpm_reg_reg[15]_i_20_n_0
    SLICE_X5Y93          CARRY4 (Prop_carry4_CI_CO[3])
                                                      0.114    33.862 r  pulse_inst/bpm_reg_reg[15]_i_7/CO[3]
                         net (fo=35, routed)          0.989    34.852    pulse_inst/bpm_reg1[12]
    SLICE_X2Y86          LUT6 (Prop_lut6_I5_O)        0.124    34.976 r  pulse_inst/bpm_reg[11]_i_146/O
                         net (fo=1, routed)           0.349    35.325    pulse_inst/bpm_reg[11]_i_146_n_0
    SLICE_X4Y87          CARRY4 (Prop_carry4_DI[1]_CO[3])
                                                      0.507    35.832 r  pulse_inst/bpm_reg_reg[11]_i_126/CO[3]
                         net (fo=1, routed)           0.000    35.832    pulse_inst/bpm_reg_reg[11]_i_126_n_0
    SLICE_X4Y88          CARRY4 (Prop_carry4_CI_CO[3])
                                                      0.114    35.946 r  pulse_inst/bpm_reg_reg[11]_i_106/CO[3]
                         net (fo=1, routed)           0.000    35.946    pulse_inst/bpm_reg_reg[11]_i_106_n_0
    SLICE_X4Y89          CARRY4 (Prop_carry4_CI_CO[3])
                                                      0.114    36.060 r  pulse_inst/bpm_reg_reg[11]_i_86/CO[3]
                         net (fo=1, routed)           0.000    36.060    pulse_inst/bpm_reg_reg[11]_i_86_n_0
    SLICE_X4Y90          CARRY4 (Prop_carry4_CI_CO[3])
                                                      0.114    36.174 r  pulse_inst/bpm_reg_reg[11]_i_66/CO[3]
                         net (fo=1, routed)           0.000    36.174    pulse_inst/bpm_reg_reg[11]_i_66_n_0
    SLICE_X4Y91          CARRY4 (Prop_carry4_CI_CO[3])
                                                      0.114    36.288 r  pulse_inst/bpm_reg_reg[11]_i_46/CO[3]
                         net (fo=1, routed)           0.000    36.288    pulse_inst/bpm_reg_reg[11]_i_46_n_0
    SLICE_X4Y92          CARRY4 (Prop_carry4_CI_CO[3])
                                                      0.114    36.402 r  pulse_inst/bpm_reg_reg[11]_i_26/CO[3]
                         net (fo=1, routed)           0.000    36.402    pulse_inst/bpm_reg_reg[11]_i_26_n_0
    SLICE_X4Y93          CARRY4 (Prop_carry4_CI_CO[3])
                                                      0.114    36.516 r  pulse_inst/bpm_reg_reg[11]_i_6/CO[3]
                         net (fo=1, routed)           0.000    36.516    pulse_inst/bpm_reg_reg[11]_i_6_n_0
    SLICE_X4Y94          CARRY4 (Prop_carry4_CI_CO[3])
                                                      0.114    36.630 r  pulse_inst/bpm_reg_reg[11]_i_2/CO[3]
                         net (fo=34, routed)          1.067    37.696    pulse_inst/bpm_reg1[11]
    SLICE_X3Y88          LUT6 (Prop_lut6_I0_O)        0.124    37.820 r  pulse_inst/bpm_reg[11]_i_152/O
                         net (fo=1, routed)           0.000    37.820    pulse_inst/bpm_reg[11]_i_152_n_0
    SLICE_X3Y88          CARRY4 (Prop_carry4_S[1]_CO[3])
                                                      0.550    38.370 r  pulse_inst/bpm_reg_reg[11]_i_131/CO[3]
                         net (fo=1, routed)           0.000    38.370    pulse_inst/bpm_reg_reg[11]_i_131_n_0
    SLICE_X3Y89          CARRY4 (Prop_carry4_CI_CO[3])
                                                      0.114    38.484 r  pulse_inst/bpm_reg_reg[11]_i_111/CO[3]
                         net (fo=1, routed)           0.000    38.484    pulse_inst/bpm_reg_reg[11]_i_111_n_0
    SLICE_X3Y90          CARRY4 (Prop_carry4_CI_CO[3])
                                                      0.114    38.598 r  pulse_inst/bpm_reg_reg[11]_i_91/CO[3]
                         net (fo=1, routed)           0.000    38.598    pulse_inst/bpm_reg_reg[11]_i_91_n_0
    SLICE_X3Y91          CARRY4 (Prop_carry4_CI_CO[3])
                                                      0.114    38.712 r  pulse_inst/bpm_reg_reg[11]_i_71/CO[3]
                         net (fo=1, routed)           0.000    38.712    pulse_inst/bpm_reg_reg[11]_i_71_n_0
    SLICE_X3Y92          CARRY4 (Prop_carry4_CI_CO[3])
                                                      0.114    38.826 r  pulse_inst/bpm_reg_reg[11]_i_51/CO[3]
                         net (fo=1, routed)           0.000    38.826    pulse_inst/bpm_reg_reg[11]_i_51_n_0
    SLICE_X3Y93          CARRY4 (Prop_carry4_CI_CO[3])
                                                      0.114    38.940 r  pulse_inst/bpm_reg_reg[11]_i_31/CO[3]
                         net (fo=1, routed)           0.000    38.940    pulse_inst/bpm_reg_reg[11]_i_31_n_0
    SLICE_X3Y94          CARRY4 (Prop_carry4_CI_CO[3])
                                                      0.114    39.054 r  pulse_inst/bpm_reg_reg[11]_i_11/CO[3]
                         net (fo=1, routed)           0.000    39.054    pulse_inst/bpm_reg_reg[11]_i_11_n_0
    SLICE_X3Y95          CARRY4 (Prop_carry4_CI_CO[3])
                                                      0.114    39.168 r  pulse_inst/bpm_reg_reg[11]_i_3/CO[3]
                         net (fo=35, routed)          0.844    40.012    pulse_inst/bpm_reg1[10]
    SLICE_X1Y95          LUT6 (Prop_lut6_I5_O)        0.124    40.136 r  pulse_inst/bpm_reg[11]_i_153/O
                         net (fo=1, routed)           0.528    40.664    pulse_inst/bpm_reg[11]_i_153_n_0
    SLICE_X2Y89          CARRY4 (Prop_carry4_DI[1]_CO[3])
                                                      0.520    41.184 r  pulse_inst/bpm_reg_reg[11]_i_136/CO[3]
                         net (fo=1, routed)           0.000    41.184    pulse_inst/bpm_reg_reg[11]_i_136_n_0
    SLICE_X2Y90          CARRY4 (Prop_carry4_CI_CO[3])
                                                      0.117    41.301 r  pulse_inst/bpm_reg_reg[11]_i_116/CO[3]
                         net (fo=1, routed)           0.000    41.301    pulse_inst/bpm_reg_reg[11]_i_116_n_0
    SLICE_X2Y91          CARRY4 (Prop_carry4_CI_CO[3])
                                                      0.117    41.418 r  pulse_inst/bpm_reg_reg[11]_i_96/CO[3]
                         net (fo=1, routed)           0.000    41.418    pulse_inst/bpm_reg_reg[11]_i_96_n_0
    SLICE_X2Y92          CARRY4 (Prop_carry4_CI_CO[3])
                                                      0.117    41.535 r  pulse_inst/bpm_reg_reg[11]_i_76/CO[3]
                         net (fo=1, routed)           0.000    41.535    pulse_inst/bpm_reg_reg[11]_i_76_n_0
    SLICE_X2Y93          CARRY4 (Prop_carry4_CI_CO[3])
                                                      0.117    41.652 r  pulse_inst/bpm_reg_reg[11]_i_56/CO[3]
                         net (fo=1, routed)           0.000    41.652    pulse_inst/bpm_reg_reg[11]_i_56_n_0
    SLICE_X2Y94          CARRY4 (Prop_carry4_CI_CO[3])
                                                      0.117    41.769 r  pulse_inst/bpm_reg_reg[11]_i_36/CO[3]
                         net (fo=1, routed)           0.000    41.769    pulse_inst/bpm_reg_reg[11]_i_36_n_0
    SLICE_X2Y95          CARRY4 (Prop_carry4_CI_CO[3])
                                                      0.117    41.886 r  pulse_inst/bpm_reg_reg[11]_i_16/CO[3]
                         net (fo=1, routed)           0.000    41.886    pulse_inst/bpm_reg_reg[11]_i_16_n_0
    SLICE_X2Y96          CARRY4 (Prop_carry4_CI_CO[3])
                                                      0.117    42.003 r  pulse_inst/bpm_reg_reg[11]_i_4/CO[3]
                         net (fo=34, routed)          0.952    42.955    pulse_inst/bpm_reg1[9]
    SLICE_X0Y94          LUT6 (Prop_lut6_I0_O)        0.124    43.079 r  pulse_inst/bpm_reg[11]_i_159/O
                         net (fo=1, routed)           0.000    43.079    pulse_inst/bpm_reg[11]_i_159_n_0
    SLICE_X0Y94          CARRY4 (Prop_carry4_S[1]_CO[3])
                                                      0.550    43.629 r  pulse_inst/bpm_reg_reg[11]_i_141/CO[3]
                         net (fo=1, routed)           0.000    43.629    pulse_inst/bpm_reg_reg[11]_i_141_n_0
    SLICE_X0Y95          CARRY4 (Prop_carry4_CI_CO[3])
                                                      0.114    43.743 r  pulse_inst/bpm_reg_reg[11]_i_121/CO[3]
                         net (fo=1, routed)           0.000    43.743    pulse_inst/bpm_reg_reg[11]_i_121_n_0
    SLICE_X0Y96          CARRY4 (Prop_carry4_CI_CO[3])
                                                      0.114    43.857 r  pulse_inst/bpm_reg_reg[11]_i_101/CO[3]
                         net (fo=1, routed)           0.000    43.857    pulse_inst/bpm_reg_reg[11]_i_101_n_0
    SLICE_X0Y97          CARRY4 (Prop_carry4_CI_CO[3])
                                                      0.114    43.971 r  pulse_inst/bpm_reg_reg[11]_i_81/CO[3]
                         net (fo=1, routed)           0.000    43.971    pulse_inst/bpm_reg_reg[11]_i_81_n_0
    SLICE_X0Y98          CARRY4 (Prop_carry4_CI_CO[3])
                                                      0.114    44.085 r  pulse_inst/bpm_reg_reg[11]_i_61/CO[3]
                         net (fo=1, routed)           0.000    44.085    pulse_inst/bpm_reg_reg[11]_i_61_n_0
    SLICE_X0Y99          CARRY4 (Prop_carry4_CI_CO[3])
                                                      0.114    44.199 r  pulse_inst/bpm_reg_reg[11]_i_41/CO[3]
                         net (fo=1, routed)           0.001    44.199    pulse_inst/bpm_reg_reg[11]_i_41_n_0
    SLICE_X0Y100         CARRY4 (Prop_carry4_CI_CO[3])
                                                      0.114    44.313 r  pulse_inst/bpm_reg_reg[11]_i_21/CO[3]
                         net (fo=1, routed)           0.000    44.313    pulse_inst/bpm_reg_reg[11]_i_21_n_0
    SLICE_X0Y101         CARRY4 (Prop_carry4_CI_CO[3])
                                                      0.114    44.427 r  pulse_inst/bpm_reg_reg[11]_i_5/CO[3]
                         net (fo=35, routed)          0.706    45.134    pulse_inst/bpm_reg1[8]
    SLICE_X3Y101         LUT6 (Prop_lut6_I5_O)        0.124    45.258 r  pulse_inst/bpm_reg[7]_i_146/O
                         net (fo=1, routed)           0.331    45.588    pulse_inst/bpm_reg[7]_i_146_n_0
    SLICE_X2Y100         CARRY4 (Prop_carry4_DI[1]_CO[3])
                                                      0.520    46.108 r  pulse_inst/bpm_reg_reg[7]_i_126/CO[3]
                         net (fo=1, routed)           0.000    46.108    pulse_inst/bpm_reg_reg[7]_i_126_n_0
    SLICE_X2Y101         CARRY4 (Prop_carry4_CI_CO[3])
                                                      0.117    46.225 r  pulse_inst/bpm_reg_reg[7]_i_106/CO[3]
                         net (fo=1, routed)           0.000    46.225    pulse_inst/bpm_reg_reg[7]_i_106_n_0
    SLICE_X2Y102         CARRY4 (Prop_carry4_CI_CO[3])
                                                      0.117    46.342 r  pulse_inst/bpm_reg_reg[7]_i_86/CO[3]
                         net (fo=1, routed)           0.000    46.342    pulse_inst/bpm_reg_reg[7]_i_86_n_0
    SLICE_X2Y103         CARRY4 (Prop_carry4_CI_CO[3])
                                                      0.117    46.459 r  pulse_inst/bpm_reg_reg[7]_i_66/CO[3]
                         net (fo=1, routed)           0.000    46.459    pulse_inst/bpm_reg_reg[7]_i_66_n_0
    SLICE_X2Y104         CARRY4 (Prop_carry4_CI_CO[3])
                                                      0.117    46.576 r  pulse_inst/bpm_reg_reg[7]_i_46/CO[3]
                         net (fo=1, routed)           0.000    46.576    pulse_inst/bpm_reg_reg[7]_i_46_n_0
    SLICE_X2Y105         CARRY4 (Prop_carry4_CI_CO[3])
                                                      0.117    46.693 r  pulse_inst/bpm_reg_reg[7]_i_26/CO[3]
                         net (fo=1, routed)           0.000    46.693    pulse_inst/bpm_reg_reg[7]_i_26_n_0
    SLICE_X2Y106         CARRY4 (Prop_carry4_CI_CO[3])
                                                      0.117    46.810 r  pulse_inst/bpm_reg_reg[7]_i_6/CO[3]
                         net (fo=1, routed)           0.000    46.810    pulse_inst/bpm_reg_reg[7]_i_6_n_0
    SLICE_X2Y107         CARRY4 (Prop_carry4_CI_CO[3])
                                                      0.117    46.927 r  pulse_inst/bpm_reg_reg[7]_i_2/CO[3]
                         net (fo=35, routed)          0.724    47.651    pulse_inst/bpm_reg1[7]
    SLICE_X0Y106         LUT6 (Prop_lut6_I5_O)        0.124    47.775 r  pulse_inst/bpm_reg[7]_i_150/O
                         net (fo=1, routed)           0.338    48.113    pulse_inst/bpm_reg[7]_i_150_n_0
    SLICE_X3Y105         CARRY4 (Prop_carry4_DI[1]_CO[3])
                                                      0.507    48.620 r  pulse_inst/bpm_reg_reg[7]_i_131/CO[3]
                         net (fo=1, routed)           0.000    48.620    pulse_inst/bpm_reg_reg[7]_i_131_n_0
    SLICE_X3Y106         CARRY4 (Prop_carry4_CI_CO[3])
                                                      0.114    48.734 r  pulse_inst/bpm_reg_reg[7]_i_111/CO[3]
                         net (fo=1, routed)           0.000    48.734    pulse_inst/bpm_reg_reg[7]_i_111_n_0
    SLICE_X3Y107         CARRY4 (Prop_carry4_CI_CO[3])
                                                      0.114    48.848 r  pulse_inst/bpm_reg_reg[7]_i_91/CO[3]
                         net (fo=1, routed)           0.000    48.848    pulse_inst/bpm_reg_reg[7]_i_91_n_0
    SLICE_X3Y108         CARRY4 (Prop_carry4_CI_CO[3])
                                                      0.114    48.962 r  pulse_inst/bpm_reg_reg[7]_i_71/CO[3]
                         net (fo=1, routed)           0.000    48.962    pulse_inst/bpm_reg_reg[7]_i_71_n_0
    SLICE_X3Y109         CARRY4 (Prop_carry4_CI_CO[3])
                                                      0.114    49.076 r  pulse_inst/bpm_reg_reg[7]_i_51/CO[3]
                         net (fo=1, routed)           0.000    49.076    pulse_inst/bpm_reg_reg[7]_i_51_n_0
    SLICE_X3Y110         CARRY4 (Prop_carry4_CI_CO[3])
                                                      0.114    49.190 r  pulse_inst/bpm_reg_reg[7]_i_31/CO[3]
                         net (fo=1, routed)           0.000    49.190    pulse_inst/bpm_reg_reg[7]_i_31_n_0
    SLICE_X3Y111         CARRY4 (Prop_carry4_CI_CO[3])
                                                      0.114    49.304 r  pulse_inst/bpm_reg_reg[7]_i_11/CO[3]
                         net (fo=1, routed)           0.000    49.304    pulse_inst/bpm_reg_reg[7]_i_11_n_0
    SLICE_X3Y112         CARRY4 (Prop_carry4_CI_CO[3])
                                                      0.114    49.418 r  pulse_inst/bpm_reg_reg[7]_i_3/CO[3]
                         net (fo=34, routed)          0.925    50.343    pulse_inst/bpm_reg1[6]
    SLICE_X4Y110         LUT6 (Prop_lut6_I0_O)        0.124    50.467 r  pulse_inst/bpm_reg[7]_i_156/O
                         net (fo=1, routed)           0.000    50.467    pulse_inst/bpm_reg[7]_i_156_n_0
    SLICE_X4Y110         CARRY4 (Prop_carry4_S[1]_CO[3])
                                                      0.550    51.017 r  pulse_inst/bpm_reg_reg[7]_i_136/CO[3]
                         net (fo=1, routed)           0.000    51.017    pulse_inst/bpm_reg_reg[7]_i_136_n_0
    SLICE_X4Y111         CARRY4 (Prop_carry4_CI_CO[3])
                                                      0.114    51.131 r  pulse_inst/bpm_reg_reg[7]_i_116/CO[3]
                         net (fo=1, routed)           0.000    51.131    pulse_inst/bpm_reg_reg[7]_i_116_n_0
    SLICE_X4Y112         CARRY4 (Prop_carry4_CI_CO[3])
                                                      0.114    51.245 r  pulse_inst/bpm_reg_reg[7]_i_96/CO[3]
                         net (fo=1, routed)           0.000    51.245    pulse_inst/bpm_reg_reg[7]_i_96_n_0
    SLICE_X4Y113         CARRY4 (Prop_carry4_CI_CO[3])
                                                      0.114    51.359 r  pulse_inst/bpm_reg_reg[7]_i_76/CO[3]
                         net (fo=1, routed)           0.000    51.359    pulse_inst/bpm_reg_reg[7]_i_76_n_0
    SLICE_X4Y114         CARRY4 (Prop_carry4_CI_CO[3])
                                                      0.114    51.473 r  pulse_inst/bpm_reg_reg[7]_i_56/CO[3]
                         net (fo=1, routed)           0.000    51.473    pulse_inst/bpm_reg_reg[7]_i_56_n_0
    SLICE_X4Y115         CARRY4 (Prop_carry4_CI_CO[3])
                                                      0.114    51.587 r  pulse_inst/bpm_reg_reg[7]_i_36/CO[3]
                         net (fo=1, routed)           0.000    51.587    pulse_inst/bpm_reg_reg[7]_i_36_n_0
    SLICE_X4Y116         CARRY4 (Prop_carry4_CI_CO[3])
                                                      0.114    51.701 r  pulse_inst/bpm_reg_reg[7]_i_16/CO[3]
                         net (fo=1, routed)           0.000    51.701    pulse_inst/bpm_reg_reg[7]_i_16_n_0
    SLICE_X4Y117         CARRY4 (Prop_carry4_CI_CO[3])
                                                      0.114    51.815 r  pulse_inst/bpm_reg_reg[7]_i_4/CO[3]
                         net (fo=34, routed)          0.893    52.707    pulse_inst/bpm_reg1[5]
    SLICE_X3Y116         LUT6 (Prop_lut6_I0_O)        0.124    52.831 r  pulse_inst/bpm_reg[7]_i_159/O
                         net (fo=1, routed)           0.000    52.831    pulse_inst/bpm_reg[7]_i_159_n_0
    SLICE_X3Y116         CARRY4 (Prop_carry4_S[1]_CO[3])
                                                      0.550    53.381 r  pulse_inst/bpm_reg_reg[7]_i_141/CO[3]
                         net (fo=1, routed)           0.000    53.381    pulse_inst/bpm_reg_reg[7]_i_141_n_0
    SLICE_X3Y117         CARRY4 (Prop_carry4_CI_CO[3])
                                                      0.114    53.495 r  pulse_inst/bpm_reg_reg[7]_i_121/CO[3]
                         net (fo=1, routed)           0.000    53.495    pulse_inst/bpm_reg_reg[7]_i_121_n_0
    SLICE_X3Y118         CARRY4 (Prop_carry4_CI_CO[3])
                                                      0.114    53.609 r  pulse_inst/bpm_reg_reg[7]_i_101/CO[3]
                         net (fo=1, routed)           0.000    53.609    pulse_inst/bpm_reg_reg[7]_i_101_n_0
    SLICE_X3Y119         CARRY4 (Prop_carry4_CI_CO[3])
                                                      0.114    53.723 r  pulse_inst/bpm_reg_reg[7]_i_81/CO[3]
                         net (fo=1, routed)           0.000    53.723    pulse_inst/bpm_reg_reg[7]_i_81_n_0
    SLICE_X3Y120         CARRY4 (Prop_carry4_CI_CO[3])
                                                      0.114    53.837 r  pulse_inst/bpm_reg_reg[7]_i_61/CO[3]
                         net (fo=1, routed)           0.000    53.837    pulse_inst/bpm_reg_reg[7]_i_61_n_0
    SLICE_X3Y121         CARRY4 (Prop_carry4_CI_CO[3])
                                                      0.114    53.951 r  pulse_inst/bpm_reg_reg[7]_i_41/CO[3]
                         net (fo=1, routed)           0.000    53.951    pulse_inst/bpm_reg_reg[7]_i_41_n_0
    SLICE_X3Y122         CARRY4 (Prop_carry4_CI_CO[3])
                                                      0.114    54.065 r  pulse_inst/bpm_reg_reg[7]_i_21/CO[3]
                         net (fo=1, routed)           0.000    54.065    pulse_inst/bpm_reg_reg[7]_i_21_n_0
    SLICE_X3Y123         CARRY4 (Prop_carry4_CI_CO[3])
                                                      0.114    54.179 r  pulse_inst/bpm_reg_reg[7]_i_5/CO[3]
                         net (fo=35, routed)          1.027    55.206    pulse_inst/bpm_reg1[4]
    SLICE_X2Y122         LUT6 (Prop_lut6_I5_O)        0.124    55.330 r  pulse_inst/bpm_reg[3]_i_148/O
                         net (fo=1, routed)           0.000    55.330    pulse_inst/bpm_reg[3]_i_148_n_0
    SLICE_X2Y122         CARRY4 (Prop_carry4_S[1]_CO[3])
                                                      0.533    55.863 r  pulse_inst/bpm_reg_reg[3]_i_125/CO[3]
                         net (fo=1, routed)           0.000    55.863    pulse_inst/bpm_reg_reg[3]_i_125_n_0
    SLICE_X2Y123         CARRY4 (Prop_carry4_CI_CO[3])
                                                      0.117    55.980 r  pulse_inst/bpm_reg_reg[3]_i_105/CO[3]
                         net (fo=1, routed)           0.000    55.980    pulse_inst/bpm_reg_reg[3]_i_105_n_0
    SLICE_X2Y124         CARRY4 (Prop_carry4_CI_CO[3])
                                                      0.117    56.097 r  pulse_inst/bpm_reg_reg[3]_i_85/CO[3]
                         net (fo=1, routed)           0.009    56.106    pulse_inst/bpm_reg_reg[3]_i_85_n_0
    SLICE_X2Y125         CARRY4 (Prop_carry4_CI_CO[3])
                                                      0.117    56.223 r  pulse_inst/bpm_reg_reg[3]_i_65/CO[3]
                         net (fo=1, routed)           0.000    56.223    pulse_inst/bpm_reg_reg[3]_i_65_n_0
    SLICE_X2Y126         CARRY4 (Prop_carry4_CI_CO[3])
                                                      0.117    56.340 r  pulse_inst/bpm_reg_reg[3]_i_45/CO[3]
                         net (fo=1, routed)           0.000    56.340    pulse_inst/bpm_reg_reg[3]_i_45_n_0
    SLICE_X2Y127         CARRY4 (Prop_carry4_CI_CO[3])
                                                      0.117    56.457 r  pulse_inst/bpm_reg_reg[3]_i_25/CO[3]
                         net (fo=1, routed)           0.000    56.457    pulse_inst/bpm_reg_reg[3]_i_25_n_0
    SLICE_X2Y128         CARRY4 (Prop_carry4_CI_CO[3])
                                                      0.117    56.574 r  pulse_inst/bpm_reg_reg[3]_i_6/CO[3]
                         net (fo=1, routed)           0.000    56.574    pulse_inst/bpm_reg_reg[3]_i_6_n_0
    SLICE_X2Y129         CARRY4 (Prop_carry4_CI_CO[3])
                                                      0.117    56.691 r  pulse_inst/bpm_reg_reg[3]_i_2/CO[3]
                         net (fo=35, routed)          0.708    57.399    pulse_inst/bpm_reg1[3]
    SLICE_X0Y128         LUT6 (Prop_lut6_I5_O)        0.124    57.523 r  pulse_inst/bpm_reg[3]_i_149/O
                         net (fo=1, routed)           0.338    57.861    pulse_inst/bpm_reg[3]_i_149_n_0
    SLICE_X3Y127         CARRY4 (Prop_carry4_DI[1]_CO[3])
                                                      0.507    58.368 r  pulse_inst/bpm_reg_reg[3]_i_130/CO[3]
                         net (fo=1, routed)           0.000    58.368    pulse_inst/bpm_reg_reg[3]_i_130_n_0
    SLICE_X3Y128         CARRY4 (Prop_carry4_CI_CO[3])
                                                      0.114    58.482 r  pulse_inst/bpm_reg_reg[3]_i_110/CO[3]
                         net (fo=1, routed)           0.000    58.482    pulse_inst/bpm_reg_reg[3]_i_110_n_0
    SLICE_X3Y129         CARRY4 (Prop_carry4_CI_CO[3])
                                                      0.114    58.596 r  pulse_inst/bpm_reg_reg[3]_i_90/CO[3]
                         net (fo=1, routed)           0.000    58.596    pulse_inst/bpm_reg_reg[3]_i_90_n_0
    SLICE_X3Y130         CARRY4 (Prop_carry4_CI_CO[3])
                                                      0.114    58.710 r  pulse_inst/bpm_reg_reg[3]_i_70/CO[3]
                         net (fo=1, routed)           0.000    58.710    pulse_inst/bpm_reg_reg[3]_i_70_n_0
    SLICE_X3Y131         CARRY4 (Prop_carry4_CI_CO[3])
                                                      0.114    58.824 r  pulse_inst/bpm_reg_reg[3]_i_50/CO[3]
                         net (fo=1, routed)           0.000    58.824    pulse_inst/bpm_reg_reg[3]_i_50_n_0
    SLICE_X3Y132         CARRY4 (Prop_carry4_CI_CO[3])
                                                      0.114    58.938 r  pulse_inst/bpm_reg_reg[3]_i_30/CO[3]
                         net (fo=1, routed)           0.000    58.938    pulse_inst/bpm_reg_reg[3]_i_30_n_0
    SLICE_X3Y133         CARRY4 (Prop_carry4_CI_CO[3])
                                                      0.114    59.052 r  pulse_inst/bpm_reg_reg[3]_i_11/CO[3]
                         net (fo=1, routed)           0.000    59.052    pulse_inst/bpm_reg_reg[3]_i_11_n_0
    SLICE_X3Y134         CARRY4 (Prop_carry4_CI_CO[3])
                                                      0.114    59.166 r  pulse_inst/bpm_reg_reg[3]_i_3/CO[3]
                         net (fo=35, routed)          1.087    60.253    pulse_inst/bpm_reg1[2]
    SLICE_X5Y127         LUT6 (Prop_lut6_I5_O)        0.124    60.377 r  pulse_inst/bpm_reg[3]_i_153/O
                         net (fo=1, routed)           0.190    60.567    pulse_inst/bpm_reg[3]_i_153_n_0
    SLICE_X4Y127         CARRY4 (Prop_carry4_DI[1]_CO[3])
                                                      0.507    61.074 r  pulse_inst/bpm_reg_reg[3]_i_135/CO[3]
                         net (fo=1, routed)           0.000    61.074    pulse_inst/bpm_reg_reg[3]_i_135_n_0
    SLICE_X4Y128         CARRY4 (Prop_carry4_CI_CO[3])
                                                      0.114    61.188 r  pulse_inst/bpm_reg_reg[3]_i_115/CO[3]
                         net (fo=1, routed)           0.000    61.188    pulse_inst/bpm_reg_reg[3]_i_115_n_0
    SLICE_X4Y129         CARRY4 (Prop_carry4_CI_CO[3])
                                                      0.114    61.302 r  pulse_inst/bpm_reg_reg[3]_i_95/CO[3]
                         net (fo=1, routed)           0.000    61.302    pulse_inst/bpm_reg_reg[3]_i_95_n_0
    SLICE_X4Y130         CARRY4 (Prop_carry4_CI_CO[3])
                                                      0.114    61.416 r  pulse_inst/bpm_reg_reg[3]_i_75/CO[3]
                         net (fo=1, routed)           0.000    61.416    pulse_inst/bpm_reg_reg[3]_i_75_n_0
    SLICE_X4Y131         CARRY4 (Prop_carry4_CI_CO[3])
                                                      0.114    61.530 r  pulse_inst/bpm_reg_reg[3]_i_55/CO[3]
                         net (fo=1, routed)           0.000    61.530    pulse_inst/bpm_reg_reg[3]_i_55_n_0
    SLICE_X4Y132         CARRY4 (Prop_carry4_CI_CO[3])
                                                      0.114    61.644 r  pulse_inst/bpm_reg_reg[3]_i_35/CO[3]
                         net (fo=1, routed)           0.000    61.644    pulse_inst/bpm_reg_reg[3]_i_35_n_0
    SLICE_X4Y133         CARRY4 (Prop_carry4_CI_CO[3])
                                                      0.114    61.758 r  pulse_inst/bpm_reg_reg[3]_i_16/CO[3]
                         net (fo=1, routed)           0.000    61.758    pulse_inst/bpm_reg_reg[3]_i_16_n_0
    SLICE_X4Y134         CARRY4 (Prop_carry4_CI_CO[3])
                                                      0.114    61.872 r  pulse_inst/bpm_reg_reg[3]_i_4/CO[3]
                         net (fo=35, routed)          0.737    62.609    pulse_inst/bpm_reg1[1]
    SLICE_X7Y134         LUT6 (Prop_lut6_I5_O)        0.124    62.733 r  pulse_inst/bpm_reg[3]_i_157/O
                         net (fo=1, routed)           0.929    63.662    pulse_inst/bpm_reg[3]_i_157_n_0
    SLICE_X5Y128         CARRY4 (Prop_carry4_DI[0]_CO[3])
                                                      0.633    64.295 r  pulse_inst/bpm_reg_reg[3]_i_140/CO[3]
                         net (fo=1, routed)           0.000    64.295    pulse_inst/bpm_reg_reg[3]_i_140_n_0
    SLICE_X5Y129         CARRY4 (Prop_carry4_CI_CO[3])
                                                      0.114    64.409 r  pulse_inst/bpm_reg_reg[3]_i_120/CO[3]
                         net (fo=1, routed)           0.000    64.409    pulse_inst/bpm_reg_reg[3]_i_120_n_0
    SLICE_X5Y130         CARRY4 (Prop_carry4_CI_CO[3])
                                                      0.114    64.523 r  pulse_inst/bpm_reg_reg[3]_i_100/CO[3]
                         net (fo=1, routed)           0.000    64.523    pulse_inst/bpm_reg_reg[3]_i_100_n_0
    SLICE_X5Y131         CARRY4 (Prop_carry4_CI_CO[3])
                                                      0.114    64.637 r  pulse_inst/bpm_reg_reg[3]_i_80/CO[3]
                         net (fo=1, routed)           0.000    64.637    pulse_inst/bpm_reg_reg[3]_i_80_n_0
    SLICE_X5Y132         CARRY4 (Prop_carry4_CI_CO[3])
                                                      0.114    64.751 r  pulse_inst/bpm_reg_reg[3]_i_60/CO[3]
                         net (fo=1, routed)           0.000    64.751    pulse_inst/bpm_reg_reg[3]_i_60_n_0
    SLICE_X5Y133         CARRY4 (Prop_carry4_CI_CO[3])
                                                      0.114    64.865 r  pulse_inst/bpm_reg_reg[3]_i_40/CO[3]
                         net (fo=1, routed)           0.000    64.865    pulse_inst/bpm_reg_reg[3]_i_40_n_0
    SLICE_X5Y134         CARRY4 (Prop_carry4_CI_CO[3])
                                                      0.114    64.979 r  pulse_inst/bpm_reg_reg[3]_i_21/CO[3]
                         net (fo=1, routed)           0.000    64.979    pulse_inst/bpm_reg_reg[3]_i_21_n_0
    SLICE_X5Y135         CARRY4 (Prop_carry4_CI_CO[2])
                                                      0.228    65.207 r  pulse_inst/bpm_reg_reg[3]_i_5/CO[2]
                         net (fo=1, routed)           0.662    65.869    pulse_inst/bpm_reg1[0]
    SLICE_X4Y135         CARRY4 (Prop_carry4_S[0]_CO[3])
                                                      0.845    66.714 r  pulse_inst/bpm_reg_reg[3]_i_1/CO[3]
                         net (fo=1, routed)           0.000    66.714    pulse_inst/bpm_reg_reg[3]_i_1_n_0
    SLICE_X4Y136         CARRY4 (Prop_carry4_CI_CO[3])
                                                      0.114    66.828 r  pulse_inst/bpm_reg_reg[7]_i_1/CO[3]
                         net (fo=1, routed)           0.000    66.828    pulse_inst/bpm_reg_reg[7]_i_1_n_0
    SLICE_X4Y137         CARRY4 (Prop_carry4_CI_O[0])
                                                      0.223    67.051 r  pulse_inst/bpm_reg_reg[11]_i_1/O[0]
                         net (fo=1, routed)           0.000    67.051    pulse_inst/bpm_reg_reg[11]_i_1_n_7
    SLICE_X4Y137         FDRE                                         r  pulse_inst/bpm_reg_reg[8]/D
  -------------------------------------------------------------------    -------------------

                         (clock sys_clk_pin rise edge)
                                                     10.000    10.000 r  
    W5                                                0.000    10.000 r  clk (IN)
                         net (fo=0)                   0.000    10.000    clk
    W5                   IBUF (Prop_ibuf_I_O)         1.388    11.388 r  clk_IBUF_inst/O
                         net (fo=1, routed)           1.862    13.250    clk_IBUF
    BUFGCTRL_X0Y1        BUFG (Prop_bufg_I_O)         0.091    13.341 r  clk_IBUF_BUFG_inst/O
                         net (fo=236, routed)         1.678    15.019    pulse_inst/clk_IBUF_BUFG
    SLICE_X4Y137         FDRE                                         r  pulse_inst/bpm_reg_reg[8]/C
                         clock pessimism              0.187    15.206    
                         clock uncertainty           -0.035    15.171    
    SLICE_X4Y137         FDRE (Setup_fdre_C_D)        0.062    15.233    pulse_inst/bpm_reg_reg[8]
  -------------------------------------------------------------------
                         required time                         15.233    
                         arrival time                         -67.051    
  -------------------------------------------------------------------
                         slack                                -51.818    

Slack (VIOLATED) :        -51.816ns  (required time - arrival time)
  Source:                 pulse_inst/beat_count_reg[2]_replica_12/C
                            (rising edge-triggered cell FDRE clocked by sys_clk_pin  {rise@0.000ns fall@5.000ns period=10.000ns})
  Destination:            pulse_inst/bpm_reg_reg[5]/D
                            (rising edge-triggered cell FDRE clocked by sys_clk_pin  {rise@0.000ns fall@5.000ns period=10.000ns})
  Path Group:             sys_clk_pin
  Path Type:              Setup (Max at Slow Process Corner)
  Requirement:            10.000ns  (sys_clk_pin rise@10.000ns - sys_clk_pin rise@0.000ns)
  Data Path Delay:        61.915ns  (logic 29.283ns (47.295%)  route 32.632ns (52.705%))
  Logic Levels:           170  (CARRY4=132 LUT4=2 LUT5=12 LUT6=24)
  Clock Path Skew:        0.072ns (DCD - SCD + CPR)
    Destination Clock Delay (DCD):    5.018ns = ( 15.018 - 10.000 ) 
    Source Clock Delay      (SCD):    5.133ns
    Clock Pessimism Removal (CPR):    0.187ns
  Clock Uncertainty:      0.035ns  ((TSJ^2 + TIJ^2)^1/2 + DJ) / 2 + PE
    Total System Jitter     (TSJ):    0.071ns
    Total Input Jitter      (TIJ):    0.000ns
    Discrete Jitter          (DJ):    0.000ns
    Phase Error              (PE):    0.000ns

    Location             Delay type                Incr(ns)  Path(ns)    Netlist Resource(s)
  -------------------------------------------------------------------    -------------------
                         (clock sys_clk_pin rise edge)
                                                      0.000     0.000 r  
    W5                                                0.000     0.000 r  clk (IN)
                         net (fo=0)                   0.000     0.000    clk
    W5                   IBUF (Prop_ibuf_I_O)         1.458     1.458 r  clk_IBUF_inst/O
                         net (fo=1, routed)           1.967     3.425    clk_IBUF
    BUFGCTRL_X0Y1        BUFG (Prop_bufg_I_O)         0.096     3.521 r  clk_IBUF_BUFG_inst/O
                         net (fo=236, routed)         1.612     5.133    pulse_inst/clk_IBUF_BUFG
    SLICE_X5Y81          FDRE                                         r  pulse_inst/beat_count_reg[2]_replica_12/C
  -------------------------------------------------------------------    -------------------
    SLICE_X5Y81          FDRE (Prop_fdre_C_Q)         0.456     5.589 r  pulse_inst/beat_count_reg[2]_replica_12/Q
                         net (fo=85, routed)          1.401     6.989    pulse_inst/beat_count_reg_n_0_[2]_repN_12
    SLICE_X2Y81          LUT6 (Prop_lut6_I0_O)        0.124     7.113 f  pulse_inst/bpm_reg[15]_i_217/O
                         net (fo=2, routed)           0.495     7.609    pulse_inst/bpm_reg[15]_i_217_n_0
    SLICE_X2Y81          LUT6 (Prop_lut6_I0_O)        0.124     7.733 r  pulse_inst/bpm_reg[15]_i_130/O
                         net (fo=2, routed)           0.653     8.385    pulse_inst/bpm_reg[15]_i_130_n_0
    SLICE_X3Y82          LUT5 (Prop_lut5_I0_O)        0.124     8.509 r  pulse_inst/bpm_reg[15]_i_134/O
                         net (fo=1, routed)           0.000     8.509    pulse_inst/bpm_reg[15]_i_134_n_0
    SLICE_X3Y82          CARRY4 (Prop_carry4_S[1]_CO[3])
                                                      0.550     9.059 r  pulse_inst/bpm_reg_reg[15]_i_86/CO[3]
                         net (fo=1, routed)           0.000     9.059    pulse_inst/bpm_reg_reg[15]_i_86_n_0
    SLICE_X3Y83          CARRY4 (Prop_carry4_CI_O[0])
                                                      0.222     9.281 r  pulse_inst/bpm_reg_reg[15]_i_53/O[0]
                         net (fo=12, routed)          0.883    10.164    pulse_inst/bpm_reg_reg[15]_i_53_n_7
    SLICE_X2Y82          LUT6 (Prop_lut6_I0_O)        0.299    10.463 r  pulse_inst/bpm_reg[15]_i_120/O
                         net (fo=6, routed)           0.361    10.825    pulse_inst/bpm_reg[15]_i_120_n_0
    SLICE_X2Y83          LUT5 (Prop_lut5_I3_O)        0.124    10.949 r  pulse_inst/bpm_reg[15]_i_179/O
                         net (fo=2, routed)           0.601    11.550    pulse_inst/bpm_reg[15]_i_179_n_0
    SLICE_X2Y82          LUT6 (Prop_lut6_I0_O)        0.124    11.674 r  pulse_inst/bpm_reg[15]_i_119/O
                         net (fo=5, routed)           0.609    12.283    pulse_inst/bpm_reg[15]_i_119_n_0
    SLICE_X0Y82          LUT5 (Prop_lut5_I0_O)        0.124    12.407 f  pulse_inst/bpm_reg[15]_i_122/O
                         net (fo=11, routed)          0.876    13.282    pulse_inst/bpm_reg[15]_i_122_n_0
    SLICE_X4Y82          LUT5 (Prop_lut5_I2_O)        0.124    13.406 r  pulse_inst/bpm_reg[15]_i_121/O
                         net (fo=4, routed)           0.334    13.741    pulse_inst/bpm_reg[15]_i_121_n_0
    SLICE_X4Y83          LUT5 (Prop_lut5_I1_O)        0.124    13.865 r  pulse_inst/bpm_reg[15]_i_274/O
                         net (fo=1, routed)           0.306    14.170    pulse_inst/bpm_reg[15]_i_274_n_0
    SLICE_X4Y81          LUT4 (Prop_lut4_I0_O)        0.124    14.294 r  pulse_inst/bpm_reg[15]_i_190/O
                         net (fo=1, routed)           0.821    15.116    pulse_inst/bpm_reg[15]_i_190_n_0
    SLICE_X2Y81          LUT6 (Prop_lut6_I2_O)        0.124    15.240 r  pulse_inst/bpm_reg[15]_i_123_comp/O
                         net (fo=6, routed)           0.488    15.728    pulse_inst/bpm_reg[15]_i_123_n_0
    SLICE_X0Y80          LUT5 (Prop_lut5_I2_O)        0.124    15.852 r  pulse_inst/bpm_reg[15]_i_203/O
                         net (fo=3, routed)           0.451    16.303    pulse_inst/bpm_reg[15]_i_203_n_0
    SLICE_X0Y80          LUT5 (Prop_lut5_I4_O)        0.124    16.427 r  pulse_inst/bpm_reg[15]_i_126/O
                         net (fo=11, routed)          0.522    16.949    pulse_inst/bpm_reg[15]_i_126_n_0
    SLICE_X4Y79          LUT5 (Prop_lut5_I2_O)        0.124    17.073 f  pulse_inst/bpm_reg[15]_i_251/O
                         net (fo=6, routed)           0.838    17.910    pulse_inst/bpm_reg[15]_i_251_n_0
    SLICE_X7Y79          LUT6 (Prop_lut6_I1_O)        0.124    18.034 r  pulse_inst/bpm_reg[15]_i_166_comp/O
                         net (fo=10, routed)          0.375    18.410    pulse_inst/bpm_reg[15]_i_166_n_0
    SLICE_X6Y80          LUT5 (Prop_lut5_I2_O)        0.124    18.534 r  pulse_inst/bpm_reg[15]_i_247/O
                         net (fo=4, routed)           0.184    18.717    pulse_inst/bpm_reg[15]_i_247_n_0
    SLICE_X6Y80          LUT4 (Prop_lut4_I0_O)        0.124    18.841 f  pulse_inst/bpm_reg[15]_i_255/O
                         net (fo=5, routed)           0.711    19.552    pulse_inst/bpm_reg[15]_i_255_n_0
    SLICE_X7Y81          LUT6 (Prop_lut6_I1_O)        0.124    19.676 r  pulse_inst/bpm_reg[15]_i_168_comp/O
                         net (fo=10, routed)          0.485    20.161    pulse_inst/bpm_reg[15]_i_168_n_0
    SLICE_X6Y82          LUT5 (Prop_lut5_I2_O)        0.124    20.285 r  pulse_inst/bpm_reg[15]_i_253/O
                         net (fo=4, routed)           0.185    20.470    pulse_inst/bpm_reg[15]_i_253_n_0
    SLICE_X6Y82          LUT5 (Prop_lut5_I3_O)        0.124    20.594 r  pulse_inst/bpm_reg[15]_i_167/O
                         net (fo=10, routed)          0.511    21.105    pulse_inst/bpm_reg[15]_i_167_n_0
    SLICE_X6Y85          LUT5 (Prop_lut5_I4_O)        0.124    21.229 f  pulse_inst/bpm_reg[15]_i_260/O
                         net (fo=7, routed)           0.644    21.872    pulse_inst/bpm_reg[15]_i_260_n_0
    SLICE_X5Y84          LUT6 (Prop_lut6_I1_O)        0.124    21.996 r  pulse_inst/bpm_reg[15]_i_169_comp/O
                         net (fo=10, routed)          0.923    22.919    pulse_inst/bpm_reg[15]_i_169_n_0
    SLICE_X5Y85          LUT6 (Prop_lut6_I3_O)        0.124    23.043 r  pulse_inst/bpm_reg[15]_i_177/O
                         net (fo=3, routed)           0.439    23.482    pulse_inst/bpm_reg[15]_i_177_n_0
    SLICE_X4Y85          LUT6 (Prop_lut6_I1_O)        0.124    23.606 f  pulse_inst/bpm_reg[15]_i_116/O
                         net (fo=27, routed)          0.359    23.965    pulse_inst/bpm_reg[15]_i_116_n_0
    SLICE_X6Y85          LUT6 (Prop_lut6_I4_O)        0.124    24.089 r  pulse_inst/bpm_reg[15]_i_332/O
                         net (fo=1, routed)           0.333    24.422    pulse_inst/bpm_reg[15]_i_332_n_0
    SLICE_X7Y87          CARRY4 (Prop_carry4_CYINIT_CO[3])
                                                      0.580    25.002 r  pulse_inst/bpm_reg_reg[15]_i_294/CO[3]
                         net (fo=1, routed)           0.000    25.002    pulse_inst/bpm_reg_reg[15]_i_294_n_0
    SLICE_X7Y88          CARRY4 (Prop_carry4_CI_CO[3])
                                                      0.114    25.116 r  pulse_inst/bpm_reg_reg[15]_i_222/CO[3]
                         net (fo=1, routed)           0.000    25.116    pulse_inst/bpm_reg_reg[15]_i_222_n_0
    SLICE_X7Y89          CARRY4 (Prop_carry4_CI_CO[3])
                                                      0.114    25.230 r  pulse_inst/bpm_reg_reg[15]_i_140/CO[3]
                         net (fo=1, routed)           0.000    25.230    pulse_inst/bpm_reg_reg[15]_i_140_n_0
    SLICE_X7Y90          CARRY4 (Prop_carry4_CI_CO[3])
                                                      0.114    25.344 r  pulse_inst/bpm_reg_reg[15]_i_89/CO[3]
                         net (fo=1, routed)           0.000    25.344    pulse_inst/bpm_reg_reg[15]_i_89_n_0
    SLICE_X7Y91          CARRY4 (Prop_carry4_CI_CO[3])
                                                      0.114    25.458 r  pulse_inst/bpm_reg_reg[15]_i_54/CO[3]
                         net (fo=1, routed)           0.000    25.458    pulse_inst/bpm_reg_reg[15]_i_54_n_0
    SLICE_X7Y92          CARRY4 (Prop_carry4_CI_CO[3])
                                                      0.114    25.572 r  pulse_inst/bpm_reg_reg[15]_i_28/CO[3]
                         net (fo=1, routed)           0.000    25.572    pulse_inst/bpm_reg_reg[15]_i_28_n_0
    SLICE_X7Y93          CARRY4 (Prop_carry4_CI_CO[3])
                                                      0.114    25.686 r  pulse_inst/bpm_reg_reg[15]_i_9/CO[3]
                         net (fo=1, routed)           0.000    25.686    pulse_inst/bpm_reg_reg[15]_i_9_n_0
    SLICE_X7Y94          CARRY4 (Prop_carry4_CI_CO[1])
                                                      0.157    25.843 r  pulse_inst/bpm_reg_reg[15]_i_4/CO[1]
                         net (fo=34, routed)          1.013    26.856    pulse_inst/bpm_reg1[15]
    SLICE_X8Y87          CARRY4 (Prop_carry4_CYINIT_CO[3])
                                                      0.800    27.656 r  pulse_inst/bpm_reg_reg[15]_i_303/CO[3]
                         net (fo=1, routed)           0.000    27.656    pulse_inst/bpm_reg_reg[15]_i_303_n_0
    SLICE_X8Y88          CARRY4 (Prop_carry4_CI_CO[3])
                                                      0.117    27.773 r  pulse_inst/bpm_reg_reg[15]_i_231/CO[3]
                         net (fo=1, routed)           0.000    27.773    pulse_inst/bpm_reg_reg[15]_i_231_n_0
    SLICE_X8Y89          CARRY4 (Prop_carry4_CI_CO[3])
                                                      0.117    27.890 r  pulse_inst/bpm_reg_reg[15]_i_149/CO[3]
                         net (fo=1, routed)           0.000    27.890    pulse_inst/bpm_reg_reg[15]_i_149_n_0
    SLICE_X8Y90          CARRY4 (Prop_carry4_CI_CO[3])
                                                      0.117    28.007 r  pulse_inst/bpm_reg_reg[15]_i_92/CO[3]
                         net (fo=1, routed)           0.000    28.007    pulse_inst/bpm_reg_reg[15]_i_92_n_0
    SLICE_X8Y91          CARRY4 (Prop_carry4_CI_CO[3])
                                                      0.117    28.124 r  pulse_inst/bpm_reg_reg[15]_i_55/CO[3]
                         net (fo=1, routed)           0.000    28.124    pulse_inst/bpm_reg_reg[15]_i_55_n_0
    SLICE_X8Y92          CARRY4 (Prop_carry4_CI_CO[3])
                                                      0.117    28.241 r  pulse_inst/bpm_reg_reg[15]_i_29/CO[3]
                         net (fo=1, routed)           0.000    28.241    pulse_inst/bpm_reg_reg[15]_i_29_n_0
    SLICE_X8Y93          CARRY4 (Prop_carry4_CI_CO[3])
                                                      0.117    28.358 r  pulse_inst/bpm_reg_reg[15]_i_10/CO[3]
                         net (fo=1, routed)           0.000    28.358    pulse_inst/bpm_reg_reg[15]_i_10_n_0
    SLICE_X8Y94          CARRY4 (Prop_carry4_CI_CO[3])
                                                      0.117    28.475 r  pulse_inst/bpm_reg_reg[15]_i_5/CO[3]
                         net (fo=34, routed)          1.318    29.793    pulse_inst/bpm_reg1[14]
    SLICE_X6Y86          CARRY4 (Prop_carry4_CYINIT_CO[3])
                                                      0.595    30.388 r  pulse_inst/bpm_reg_reg[15]_i_308/CO[3]
                         net (fo=1, routed)           0.000    30.388    pulse_inst/bpm_reg_reg[15]_i_308_n_0
    SLICE_X6Y87          CARRY4 (Prop_carry4_CI_CO[3])
                                                      0.117    30.505 r  pulse_inst/bpm_reg_reg[15]_i_236/CO[3]
                         net (fo=1, routed)           0.000    30.505    pulse_inst/bpm_reg_reg[15]_i_236_n_0
    SLICE_X6Y88          CARRY4 (Prop_carry4_CI_CO[3])
                                                      0.117    30.622 r  pulse_inst/bpm_reg_reg[15]_i_155/CO[3]
                         net (fo=1, routed)           0.000    30.622    pulse_inst/bpm_reg_reg[15]_i_155_n_0
    SLICE_X6Y89          CARRY4 (Prop_carry4_CI_CO[3])
                                                      0.117    30.739 r  pulse_inst/bpm_reg_reg[15]_i_97/CO[3]
                         net (fo=1, routed)           0.000    30.739    pulse_inst/bpm_reg_reg[15]_i_97_n_0
    SLICE_X6Y90          CARRY4 (Prop_carry4_CI_CO[3])
                                                      0.117    30.856 r  pulse_inst/bpm_reg_reg[15]_i_60/CO[3]
                         net (fo=1, routed)           0.000    30.856    pulse_inst/bpm_reg_reg[15]_i_60_n_0
    SLICE_X6Y91          CARRY4 (Prop_carry4_CI_CO[3])
                                                      0.117    30.973 r  pulse_inst/bpm_reg_reg[15]_i_34/CO[3]
                         net (fo=1, routed)           0.000    30.973    pulse_inst/bpm_reg_reg[15]_i_34_n_0
    SLICE_X6Y92          CARRY4 (Prop_carry4_CI_CO[3])
                                                      0.117    31.090 r  pulse_inst/bpm_reg_reg[15]_i_15/CO[3]
                         net (fo=1, routed)           0.000    31.090    pulse_inst/bpm_reg_reg[15]_i_15_n_0
    SLICE_X6Y93          CARRY4 (Prop_carry4_CI_CO[3])
                                                      0.117    31.207 r  pulse_inst/bpm_reg_reg[15]_i_6/CO[3]
                         net (fo=34, routed)          1.183    32.390    pulse_inst/bpm_reg1[13]
    SLICE_X5Y86          LUT6 (Prop_lut6_I0_O)        0.124    32.514 r  pulse_inst/bpm_reg[15]_i_350/O
                         net (fo=1, routed)           0.000    32.514    pulse_inst/bpm_reg[15]_i_350_n_0
    SLICE_X5Y86          CARRY4 (Prop_carry4_S[1]_CO[3])
                                                      0.550    33.064 r  pulse_inst/bpm_reg_reg[15]_i_313/CO[3]
                         net (fo=1, routed)           0.000    33.064    pulse_inst/bpm_reg_reg[15]_i_313_n_0
    SLICE_X5Y87          CARRY4 (Prop_carry4_CI_CO[3])
                                                      0.114    33.178 r  pulse_inst/bpm_reg_reg[15]_i_241/CO[3]
                         net (fo=1, routed)           0.000    33.178    pulse_inst/bpm_reg_reg[15]_i_241_n_0
    SLICE_X5Y88          CARRY4 (Prop_carry4_CI_CO[3])
                                                      0.114    33.292 r  pulse_inst/bpm_reg_reg[15]_i_160/CO[3]
                         net (fo=1, routed)           0.000    33.292    pulse_inst/bpm_reg_reg[15]_i_160_n_0
    SLICE_X5Y89          CARRY4 (Prop_carry4_CI_CO[3])
                                                      0.114    33.406 r  pulse_inst/bpm_reg_reg[15]_i_102/CO[3]
                         net (fo=1, routed)           0.000    33.406    pulse_inst/bpm_reg_reg[15]_i_102_n_0
    SLICE_X5Y90          CARRY4 (Prop_carry4_CI_CO[3])
                                                      0.114    33.520 r  pulse_inst/bpm_reg_reg[15]_i_65/CO[3]
                         net (fo=1, routed)           0.000    33.520    pulse_inst/bpm_reg_reg[15]_i_65_n_0
    SLICE_X5Y91          CARRY4 (Prop_carry4_CI_CO[3])
                                                      0.114    33.634 r  pulse_inst/bpm_reg_reg[15]_i_39/CO[3]
                         net (fo=1, routed)           0.000    33.634    pulse_inst/bpm_reg_reg[15]_i_39_n_0
    SLICE_X5Y92          CARRY4 (Prop_carry4_CI_CO[3])
                                                      0.114    33.748 r  pulse_inst/bpm_reg_reg[15]_i_20/CO[3]
                         net (fo=1, routed)           0.000    33.748    pulse_inst/bpm_reg_reg[15]_i_20_n_0
    SLICE_X5Y93          CARRY4 (Prop_carry4_CI_CO[3])
                                                      0.114    33.862 r  pulse_inst/bpm_reg_reg[15]_i_7/CO[3]
                         net (fo=35, routed)          0.989    34.852    pulse_inst/bpm_reg1[12]
    SLICE_X2Y86          LUT6 (Prop_lut6_I5_O)        0.124    34.976 r  pulse_inst/bpm_reg[11]_i_146/O
                         net (fo=1, routed)           0.349    35.325    pulse_inst/bpm_reg[11]_i_146_n_0
    SLICE_X4Y87          CARRY4 (Prop_carry4_DI[1]_CO[3])
                                                      0.507    35.832 r  pulse_inst/bpm_reg_reg[11]_i_126/CO[3]
                         net (fo=1, routed)           0.000    35.832    pulse_inst/bpm_reg_reg[11]_i_126_n_0
    SLICE_X4Y88          CARRY4 (Prop_carry4_CI_CO[3])
                                                      0.114    35.946 r  pulse_inst/bpm_reg_reg[11]_i_106/CO[3]
                         net (fo=1, routed)           0.000    35.946    pulse_inst/bpm_reg_reg[11]_i_106_n_0
    SLICE_X4Y89          CARRY4 (Prop_carry4_CI_CO[3])
                                                      0.114    36.060 r  pulse_inst/bpm_reg_reg[11]_i_86/CO[3]
                         net (fo=1, routed)           0.000    36.060    pulse_inst/bpm_reg_reg[11]_i_86_n_0
    SLICE_X4Y90          CARRY4 (Prop_carry4_CI_CO[3])
                                                      0.114    36.174 r  pulse_inst/bpm_reg_reg[11]_i_66/CO[3]
                         net (fo=1, routed)           0.000    36.174    pulse_inst/bpm_reg_reg[11]_i_66_n_0
    SLICE_X4Y91          CARRY4 (Prop_carry4_CI_CO[3])
                                                      0.114    36.288 r  pulse_inst/bpm_reg_reg[11]_i_46/CO[3]
                         net (fo=1, routed)           0.000    36.288    pulse_inst/bpm_reg_reg[11]_i_46_n_0
    SLICE_X4Y92          CARRY4 (Prop_carry4_CI_CO[3])
                                                      0.114    36.402 r  pulse_inst/bpm_reg_reg[11]_i_26/CO[3]
                         net (fo=1, routed)           0.000    36.402    pulse_inst/bpm_reg_reg[11]_i_26_n_0
    SLICE_X4Y93          CARRY4 (Prop_carry4_CI_CO[3])
                                                      0.114    36.516 r  pulse_inst/bpm_reg_reg[11]_i_6/CO[3]
                         net (fo=1, routed)           0.000    36.516    pulse_inst/bpm_reg_reg[11]_i_6_n_0
    SLICE_X4Y94          CARRY4 (Prop_carry4_CI_CO[3])
                                                      0.114    36.630 r  pulse_inst/bpm_reg_reg[11]_i_2/CO[3]
                         net (fo=34, routed)          1.067    37.696    pulse_inst/bpm_reg1[11]
    SLICE_X3Y88          LUT6 (Prop_lut6_I0_O)        0.124    37.820 r  pulse_inst/bpm_reg[11]_i_152/O
                         net (fo=1, routed)           0.000    37.820    pulse_inst/bpm_reg[11]_i_152_n_0
    SLICE_X3Y88          CARRY4 (Prop_carry4_S[1]_CO[3])
                                                      0.550    38.370 r  pulse_inst/bpm_reg_reg[11]_i_131/CO[3]
                         net (fo=1, routed)           0.000    38.370    pulse_inst/bpm_reg_reg[11]_i_131_n_0
    SLICE_X3Y89          CARRY4 (Prop_carry4_CI_CO[3])
                                                      0.114    38.484 r  pulse_inst/bpm_reg_reg[11]_i_111/CO[3]
                         net (fo=1, routed)           0.000    38.484    pulse_inst/bpm_reg_reg[11]_i_111_n_0
    SLICE_X3Y90          CARRY4 (Prop_carry4_CI_CO[3])
                                                      0.114    38.598 r  pulse_inst/bpm_reg_reg[11]_i_91/CO[3]
                         net (fo=1, routed)           0.000    38.598    pulse_inst/bpm_reg_reg[11]_i_91_n_0
    SLICE_X3Y91          CARRY4 (Prop_carry4_CI_CO[3])
                                                      0.114    38.712 r  pulse_inst/bpm_reg_reg[11]_i_71/CO[3]
                         net (fo=1, routed)           0.000    38.712    pulse_inst/bpm_reg_reg[11]_i_71_n_0
    SLICE_X3Y92          CARRY4 (Prop_carry4_CI_CO[3])
                                                      0.114    38.826 r  pulse_inst/bpm_reg_reg[11]_i_51/CO[3]
                         net (fo=1, routed)           0.000    38.826    pulse_inst/bpm_reg_reg[11]_i_51_n_0
    SLICE_X3Y93          CARRY4 (Prop_carry4_CI_CO[3])
                                                      0.114    38.940 r  pulse_inst/bpm_reg_reg[11]_i_31/CO[3]
                         net (fo=1, routed)           0.000    38.940    pulse_inst/bpm_reg_reg[11]_i_31_n_0
    SLICE_X3Y94          CARRY4 (Prop_carry4_CI_CO[3])
                                                      0.114    39.054 r  pulse_inst/bpm_reg_reg[11]_i_11/CO[3]
                         net (fo=1, routed)           0.000    39.054    pulse_inst/bpm_reg_reg[11]_i_11_n_0
    SLICE_X3Y95          CARRY4 (Prop_carry4_CI_CO[3])
                                                      0.114    39.168 r  pulse_inst/bpm_reg_reg[11]_i_3/CO[3]
                         net (fo=35, routed)          0.844    40.012    pulse_inst/bpm_reg1[10]
    SLICE_X1Y95          LUT6 (Prop_lut6_I5_O)        0.124    40.136 r  pulse_inst/bpm_reg[11]_i_153/O
                         net (fo=1, routed)           0.528    40.664    pulse_inst/bpm_reg[11]_i_153_n_0
    SLICE_X2Y89          CARRY4 (Prop_carry4_DI[1]_CO[3])
                                                      0.520    41.184 r  pulse_inst/bpm_reg_reg[11]_i_136/CO[3]
                         net (fo=1, routed)           0.000    41.184    pulse_inst/bpm_reg_reg[11]_i_136_n_0
    SLICE_X2Y90          CARRY4 (Prop_carry4_CI_CO[3])
                                                      0.117    41.301 r  pulse_inst/bpm_reg_reg[11]_i_116/CO[3]
                         net (fo=1, routed)           0.000    41.301    pulse_inst/bpm_reg_reg[11]_i_116_n_0
    SLICE_X2Y91          CARRY4 (Prop_carry4_CI_CO[3])
                                                      0.117    41.418 r  pulse_inst/bpm_reg_reg[11]_i_96/CO[3]
                         net (fo=1, routed)           0.000    41.418    pulse_inst/bpm_reg_reg[11]_i_96_n_0
    SLICE_X2Y92          CARRY4 (Prop_carry4_CI_CO[3])
                                                      0.117    41.535 r  pulse_inst/bpm_reg_reg[11]_i_76/CO[3]
                         net (fo=1, routed)           0.000    41.535    pulse_inst/bpm_reg_reg[11]_i_76_n_0
    SLICE_X2Y93          CARRY4 (Prop_carry4_CI_CO[3])
                                                      0.117    41.652 r  pulse_inst/bpm_reg_reg[11]_i_56/CO[3]
                         net (fo=1, routed)           0.000    41.652    pulse_inst/bpm_reg_reg[11]_i_56_n_0
    SLICE_X2Y94          CARRY4 (Prop_carry4_CI_CO[3])
                                                      0.117    41.769 r  pulse_inst/bpm_reg_reg[11]_i_36/CO[3]
                         net (fo=1, routed)           0.000    41.769    pulse_inst/bpm_reg_reg[11]_i_36_n_0
    SLICE_X2Y95          CARRY4 (Prop_carry4_CI_CO[3])
                                                      0.117    41.886 r  pulse_inst/bpm_reg_reg[11]_i_16/CO[3]
                         net (fo=1, routed)           0.000    41.886    pulse_inst/bpm_reg_reg[11]_i_16_n_0
    SLICE_X2Y96          CARRY4 (Prop_carry4_CI_CO[3])
                                                      0.117    42.003 r  pulse_inst/bpm_reg_reg[11]_i_4/CO[3]
                         net (fo=34, routed)          0.952    42.955    pulse_inst/bpm_reg1[9]
    SLICE_X0Y94          LUT6 (Prop_lut6_I0_O)        0.124    43.079 r  pulse_inst/bpm_reg[11]_i_159/O
                         net (fo=1, routed)           0.000    43.079    pulse_inst/bpm_reg[11]_i_159_n_0
    SLICE_X0Y94          CARRY4 (Prop_carry4_S[1]_CO[3])
                                                      0.550    43.629 r  pulse_inst/bpm_reg_reg[11]_i_141/CO[3]
                         net (fo=1, routed)           0.000    43.629    pulse_inst/bpm_reg_reg[11]_i_141_n_0
    SLICE_X0Y95          CARRY4 (Prop_carry4_CI_CO[3])
                                                      0.114    43.743 r  pulse_inst/bpm_reg_reg[11]_i_121/CO[3]
                         net (fo=1, routed)           0.000    43.743    pulse_inst/bpm_reg_reg[11]_i_121_n_0
    SLICE_X0Y96          CARRY4 (Prop_carry4_CI_CO[3])
                                                      0.114    43.857 r  pulse_inst/bpm_reg_reg[11]_i_101/CO[3]
                         net (fo=1, routed)           0.000    43.857    pulse_inst/bpm_reg_reg[11]_i_101_n_0
    SLICE_X0Y97          CARRY4 (Prop_carry4_CI_CO[3])
                                                      0.114    43.971 r  pulse_inst/bpm_reg_reg[11]_i_81/CO[3]
                         net (fo=1, routed)           0.000    43.971    pulse_inst/bpm_reg_reg[11]_i_81_n_0
    SLICE_X0Y98          CARRY4 (Prop_carry4_CI_CO[3])
                                                      0.114    44.085 r  pulse_inst/bpm_reg_reg[11]_i_61/CO[3]
                         net (fo=1, routed)           0.000    44.085    pulse_inst/bpm_reg_reg[11]_i_61_n_0
    SLICE_X0Y99          CARRY4 (Prop_carry4_CI_CO[3])
                                                      0.114    44.199 r  pulse_inst/bpm_reg_reg[11]_i_41/CO[3]
                         net (fo=1, routed)           0.001    44.199    pulse_inst/bpm_reg_reg[11]_i_41_n_0
    SLICE_X0Y100         CARRY4 (Prop_carry4_CI_CO[3])
                                                      0.114    44.313 r  pulse_inst/bpm_reg_reg[11]_i_21/CO[3]
                         net (fo=1, routed)           0.000    44.313    pulse_inst/bpm_reg_reg[11]_i_21_n_0
    SLICE_X0Y101         CARRY4 (Prop_carry4_CI_CO[3])
                                                      0.114    44.427 r  pulse_inst/bpm_reg_reg[11]_i_5/CO[3]
                         net (fo=35, routed)          0.706    45.134    pulse_inst/bpm_reg1[8]
    SLICE_X3Y101         LUT6 (Prop_lut6_I5_O)        0.124    45.258 r  pulse_inst/bpm_reg[7]_i_146/O
                         net (fo=1, routed)           0.331    45.588    pulse_inst/bpm_reg[7]_i_146_n_0
    SLICE_X2Y100         CARRY4 (Prop_carry4_DI[1]_CO[3])
                                                      0.520    46.108 r  pulse_inst/bpm_reg_reg[7]_i_126/CO[3]
                         net (fo=1, routed)           0.000    46.108    pulse_inst/bpm_reg_reg[7]_i_126_n_0
    SLICE_X2Y101         CARRY4 (Prop_carry4_CI_CO[3])
                                                      0.117    46.225 r  pulse_inst/bpm_reg_reg[7]_i_106/CO[3]
                         net (fo=1, routed)           0.000    46.225    pulse_inst/bpm_reg_reg[7]_i_106_n_0
    SLICE_X2Y102         CARRY4 (Prop_carry4_CI_CO[3])
                                                      0.117    46.342 r  pulse_inst/bpm_reg_reg[7]_i_86/CO[3]
                         net (fo=1, routed)           0.000    46.342    pulse_inst/bpm_reg_reg[7]_i_86_n_0
    SLICE_X2Y103         CARRY4 (Prop_carry4_CI_CO[3])
                                                      0.117    46.459 r  pulse_inst/bpm_reg_reg[7]_i_66/CO[3]
                         net (fo=1, routed)           0.000    46.459    pulse_inst/bpm_reg_reg[7]_i_66_n_0
    SLICE_X2Y104         CARRY4 (Prop_carry4_CI_CO[3])
                                                      0.117    46.576 r  pulse_inst/bpm_reg_reg[7]_i_46/CO[3]
                         net (fo=1, routed)           0.000    46.576    pulse_inst/bpm_reg_reg[7]_i_46_n_0
    SLICE_X2Y105         CARRY4 (Prop_carry4_CI_CO[3])
                                                      0.117    46.693 r  pulse_inst/bpm_reg_reg[7]_i_26/CO[3]
                         net (fo=1, routed)           0.000    46.693    pulse_inst/bpm_reg_reg[7]_i_26_n_0
    SLICE_X2Y106         CARRY4 (Prop_carry4_CI_CO[3])
                                                      0.117    46.810 r  pulse_inst/bpm_reg_reg[7]_i_6/CO[3]
                         net (fo=1, routed)           0.000    46.810    pulse_inst/bpm_reg_reg[7]_i_6_n_0
    SLICE_X2Y107         CARRY4 (Prop_carry4_CI_CO[3])
                                                      0.117    46.927 r  pulse_inst/bpm_reg_reg[7]_i_2/CO[3]
                         net (fo=35, routed)          0.724    47.651    pulse_inst/bpm_reg1[7]
    SLICE_X0Y106         LUT6 (Prop_lut6_I5_O)        0.124    47.775 r  pulse_inst/bpm_reg[7]_i_150/O
                         net (fo=1, routed)           0.338    48.113    pulse_inst/bpm_reg[7]_i_150_n_0
    SLICE_X3Y105         CARRY4 (Prop_carry4_DI[1]_CO[3])
                                                      0.507    48.620 r  pulse_inst/bpm_reg_reg[7]_i_131/CO[3]
                         net (fo=1, routed)           0.000    48.620    pulse_inst/bpm_reg_reg[7]_i_131_n_0
    SLICE_X3Y106         CARRY4 (Prop_carry4_CI_CO[3])
                                                      0.114    48.734 r  pulse_inst/bpm_reg_reg[7]_i_111/CO[3]
                         net (fo=1, routed)           0.000    48.734    pulse_inst/bpm_reg_reg[7]_i_111_n_0
    SLICE_X3Y107         CARRY4 (Prop_carry4_CI_CO[3])
                                                      0.114    48.848 r  pulse_inst/bpm_reg_reg[7]_i_91/CO[3]
                         net (fo=1, routed)           0.000    48.848    pulse_inst/bpm_reg_reg[7]_i_91_n_0
    SLICE_X3Y108         CARRY4 (Prop_carry4_CI_CO[3])
                                                      0.114    48.962 r  pulse_inst/bpm_reg_reg[7]_i_71/CO[3]
                         net (fo=1, routed)           0.000    48.962    pulse_inst/bpm_reg_reg[7]_i_71_n_0
    SLICE_X3Y109         CARRY4 (Prop_carry4_CI_CO[3])
                                                      0.114    49.076 r  pulse_inst/bpm_reg_reg[7]_i_51/CO[3]
                         net (fo=1, routed)           0.000    49.076    pulse_inst/bpm_reg_reg[7]_i_51_n_0
    SLICE_X3Y110         CARRY4 (Prop_carry4_CI_CO[3])
                                                      0.114    49.190 r  pulse_inst/bpm_reg_reg[7]_i_31/CO[3]
                         net (fo=1, routed)           0.000    49.190    pulse_inst/bpm_reg_reg[7]_i_31_n_0
    SLICE_X3Y111         CARRY4 (Prop_carry4_CI_CO[3])
                                                      0.114    49.304 r  pulse_inst/bpm_reg_reg[7]_i_11/CO[3]
                         net (fo=1, routed)           0.000    49.304    pulse_inst/bpm_reg_reg[7]_i_11_n_0
    SLICE_X3Y112         CARRY4 (Prop_carry4_CI_CO[3])
                                                      0.114    49.418 r  pulse_inst/bpm_reg_reg[7]_i_3/CO[3]
                         net (fo=34, routed)          0.925    50.343    pulse_inst/bpm_reg1[6]
    SLICE_X4Y110         LUT6 (Prop_lut6_I0_O)        0.124    50.467 r  pulse_inst/bpm_reg[7]_i_156/O
                         net (fo=1, routed)           0.000    50.467    pulse_inst/bpm_reg[7]_i_156_n_0
    SLICE_X4Y110         CARRY4 (Prop_carry4_S[1]_CO[3])
                                                      0.550    51.017 r  pulse_inst/bpm_reg_reg[7]_i_136/CO[3]
                         net (fo=1, routed)           0.000    51.017    pulse_inst/bpm_reg_reg[7]_i_136_n_0
    SLICE_X4Y111         CARRY4 (Prop_carry4_CI_CO[3])
                                                      0.114    51.131 r  pulse_inst/bpm_reg_reg[7]_i_116/CO[3]
                         net (fo=1, routed)           0.000    51.131    pulse_inst/bpm_reg_reg[7]_i_116_n_0
    SLICE_X4Y112         CARRY4 (Prop_carry4_CI_CO[3])
                                                      0.114    51.245 r  pulse_inst/bpm_reg_reg[7]_i_96/CO[3]
                         net (fo=1, routed)           0.000    51.245    pulse_inst/bpm_reg_reg[7]_i_96_n_0
    SLICE_X4Y113         CARRY4 (Prop_carry4_CI_CO[3])
                                                      0.114    51.359 r  pulse_inst/bpm_reg_reg[7]_i_76/CO[3]
                         net (fo=1, routed)           0.000    51.359    pulse_inst/bpm_reg_reg[7]_i_76_n_0
    SLICE_X4Y114         CARRY4 (Prop_carry4_CI_CO[3])
                                                      0.114    51.473 r  pulse_inst/bpm_reg_reg[7]_i_56/CO[3]
                         net (fo=1, routed)           0.000    51.473    pulse_inst/bpm_reg_reg[7]_i_56_n_0
    SLICE_X4Y115         CARRY4 (Prop_carry4_CI_CO[3])
                                                      0.114    51.587 r  pulse_inst/bpm_reg_reg[7]_i_36/CO[3]
                         net (fo=1, routed)           0.000    51.587    pulse_inst/bpm_reg_reg[7]_i_36_n_0
    SLICE_X4Y116         CARRY4 (Prop_carry4_CI_CO[3])
                                                      0.114    51.701 r  pulse_inst/bpm_reg_reg[7]_i_16/CO[3]
                         net (fo=1, routed)           0.000    51.701    pulse_inst/bpm_reg_reg[7]_i_16_n_0
    SLICE_X4Y117         CARRY4 (Prop_carry4_CI_CO[3])
                                                      0.114    51.815 r  pulse_inst/bpm_reg_reg[7]_i_4/CO[3]
                         net (fo=34, routed)          0.893    52.707    pulse_inst/bpm_reg1[5]
    SLICE_X3Y116         LUT6 (Prop_lut6_I0_O)        0.124    52.831 r  pulse_inst/bpm_reg[7]_i_159/O
                         net (fo=1, routed)           0.000    52.831    pulse_inst/bpm_reg[7]_i_159_n_0
    SLICE_X3Y116         CARRY4 (Prop_carry4_S[1]_CO[3])
                                                      0.550    53.381 r  pulse_inst/bpm_reg_reg[7]_i_141/CO[3]
                         net (fo=1, routed)           0.000    53.381    pulse_inst/bpm_reg_reg[7]_i_141_n_0
    SLICE_X3Y117         CARRY4 (Prop_carry4_CI_CO[3])
                                                      0.114    53.495 r  pulse_inst/bpm_reg_reg[7]_i_121/CO[3]
                         net (fo=1, routed)           0.000    53.495    pulse_inst/bpm_reg_reg[7]_i_121_n_0
    SLICE_X3Y118         CARRY4 (Prop_carry4_CI_CO[3])
                                                      0.114    53.609 r  pulse_inst/bpm_reg_reg[7]_i_101/CO[3]
                         net (fo=1, routed)           0.000    53.609    pulse_inst/bpm_reg_reg[7]_i_101_n_0
    SLICE_X3Y119         CARRY4 (Prop_carry4_CI_CO[3])
                                                      0.114    53.723 r  pulse_inst/bpm_reg_reg[7]_i_81/CO[3]
                         net (fo=1, routed)           0.000    53.723    pulse_inst/bpm_reg_reg[7]_i_81_n_0
    SLICE_X3Y120         CARRY4 (Prop_carry4_CI_CO[3])
                                                      0.114    53.837 r  pulse_inst/bpm_reg_reg[7]_i_61/CO[3]
                         net (fo=1, routed)           0.000    53.837    pulse_inst/bpm_reg_reg[7]_i_61_n_0
    SLICE_X3Y121         CARRY4 (Prop_carry4_CI_CO[3])
                                                      0.114    53.951 r  pulse_inst/bpm_reg_reg[7]_i_41/CO[3]
                         net (fo=1, routed)           0.000    53.951    pulse_inst/bpm_reg_reg[7]_i_41_n_0
    SLICE_X3Y122         CARRY4 (Prop_carry4_CI_CO[3])
                                                      0.114    54.065 r  pulse_inst/bpm_reg_reg[7]_i_21/CO[3]
                         net (fo=1, routed)           0.000    54.065    pulse_inst/bpm_reg_reg[7]_i_21_n_0
    SLICE_X3Y123         CARRY4 (Prop_carry4_CI_CO[3])
                                                      0.114    54.179 r  pulse_inst/bpm_reg_reg[7]_i_5/CO[3]
                         net (fo=35, routed)          1.027    55.206    pulse_inst/bpm_reg1[4]
    SLICE_X2Y122         LUT6 (Prop_lut6_I5_O)        0.124    55.330 r  pulse_inst/bpm_reg[3]_i_148/O
                         net (fo=1, routed)           0.000    55.330    pulse_inst/bpm_reg[3]_i_148_n_0
    SLICE_X2Y122         CARRY4 (Prop_carry4_S[1]_CO[3])
                                                      0.533    55.863 r  pulse_inst/bpm_reg_reg[3]_i_125/CO[3]
                         net (fo=1, routed)           0.000    55.863    pulse_inst/bpm_reg_reg[3]_i_125_n_0
    SLICE_X2Y123         CARRY4 (Prop_carry4_CI_CO[3])
                                                      0.117    55.980 r  pulse_inst/bpm_reg_reg[3]_i_105/CO[3]
                         net (fo=1, routed)           0.000    55.980    pulse_inst/bpm_reg_reg[3]_i_105_n_0
    SLICE_X2Y124         CARRY4 (Prop_carry4_CI_CO[3])
                                                      0.117    56.097 r  pulse_inst/bpm_reg_reg[3]_i_85/CO[3]
                         net (fo=1, routed)           0.009    56.106    pulse_inst/bpm_reg_reg[3]_i_85_n_0
    SLICE_X2Y125         CARRY4 (Prop_carry4_CI_CO[3])
                                                      0.117    56.223 r  pulse_inst/bpm_reg_reg[3]_i_65/CO[3]
                         net (fo=1, routed)           0.000    56.223    pulse_inst/bpm_reg_reg[3]_i_65_n_0
    SLICE_X2Y126         CARRY4 (Prop_carry4_CI_CO[3])
                                                      0.117    56.340 r  pulse_inst/bpm_reg_reg[3]_i_45/CO[3]
                         net (fo=1, routed)           0.000    56.340    pulse_inst/bpm_reg_reg[3]_i_45_n_0
    SLICE_X2Y127         CARRY4 (Prop_carry4_CI_CO[3])
                                                      0.117    56.457 r  pulse_inst/bpm_reg_reg[3]_i_25/CO[3]
                         net (fo=1, routed)           0.000    56.457    pulse_inst/bpm_reg_reg[3]_i_25_n_0
    SLICE_X2Y128         CARRY4 (Prop_carry4_CI_CO[3])
                                                      0.117    56.574 r  pulse_inst/bpm_reg_reg[3]_i_6/CO[3]
                         net (fo=1, routed)           0.000    56.574    pulse_inst/bpm_reg_reg[3]_i_6_n_0
    SLICE_X2Y129         CARRY4 (Prop_carry4_CI_CO[3])
                                                      0.117    56.691 r  pulse_inst/bpm_reg_reg[3]_i_2/CO[3]
                         net (fo=35, routed)          0.708    57.399    pulse_inst/bpm_reg1[3]
    SLICE_X0Y128         LUT6 (Prop_lut6_I5_O)        0.124    57.523 r  pulse_inst/bpm_reg[3]_i_149/O
                         net (fo=1, routed)           0.338    57.861    pulse_inst/bpm_reg[3]_i_149_n_0
    SLICE_X3Y127         CARRY4 (Prop_carry4_DI[1]_CO[3])
                                                      0.507    58.368 r  pulse_inst/bpm_reg_reg[3]_i_130/CO[3]
                         net (fo=1, routed)           0.000    58.368    pulse_inst/bpm_reg_reg[3]_i_130_n_0
    SLICE_X3Y128         CARRY4 (Prop_carry4_CI_CO[3])
                                                      0.114    58.482 r  pulse_inst/bpm_reg_reg[3]_i_110/CO[3]
                         net (fo=1, routed)           0.000    58.482    pulse_inst/bpm_reg_reg[3]_i_110_n_0
    SLICE_X3Y129         CARRY4 (Prop_carry4_CI_CO[3])
                                                      0.114    58.596 r  pulse_inst/bpm_reg_reg[3]_i_90/CO[3]
                         net (fo=1, routed)           0.000    58.596    pulse_inst/bpm_reg_reg[3]_i_90_n_0
    SLICE_X3Y130         CARRY4 (Prop_carry4_CI_CO[3])
                                                      0.114    58.710 r  pulse_inst/bpm_reg_reg[3]_i_70/CO[3]
                         net (fo=1, routed)           0.000    58.710    pulse_inst/bpm_reg_reg[3]_i_70_n_0
    SLICE_X3Y131         CARRY4 (Prop_carry4_CI_CO[3])
                                                      0.114    58.824 r  pulse_inst/bpm_reg_reg[3]_i_50/CO[3]
                         net (fo=1, routed)           0.000    58.824    pulse_inst/bpm_reg_reg[3]_i_50_n_0
    SLICE_X3Y132         CARRY4 (Prop_carry4_CI_CO[3])
                                                      0.114    58.938 r  pulse_inst/bpm_reg_reg[3]_i_30/CO[3]
                         net (fo=1, routed)           0.000    58.938    pulse_inst/bpm_reg_reg[3]_i_30_n_0
    SLICE_X3Y133         CARRY4 (Prop_carry4_CI_CO[3])
                                                      0.114    59.052 r  pulse_inst/bpm_reg_reg[3]_i_11/CO[3]
                         net (fo=1, routed)           0.000    59.052    pulse_inst/bpm_reg_reg[3]_i_11_n_0
    SLICE_X3Y134         CARRY4 (Prop_carry4_CI_CO[3])
                                                      0.114    59.166 r  pulse_inst/bpm_reg_reg[3]_i_3/CO[3]
                         net (fo=35, routed)          1.087    60.253    pulse_inst/bpm_reg1[2]
    SLICE_X5Y127         LUT6 (Prop_lut6_I5_O)        0.124    60.377 r  pulse_inst/bpm_reg[3]_i_153/O
                         net (fo=1, routed)           0.190    60.567    pulse_inst/bpm_reg[3]_i_153_n_0
    SLICE_X4Y127         CARRY4 (Prop_carry4_DI[1]_CO[3])
                                                      0.507    61.074 r  pulse_inst/bpm_reg_reg[3]_i_135/CO[3]
                         net (fo=1, routed)           0.000    61.074    pulse_inst/bpm_reg_reg[3]_i_135_n_0
    SLICE_X4Y128         CARRY4 (Prop_carry4_CI_CO[3])
                                                      0.114    61.188 r  pulse_inst/bpm_reg_reg[3]_i_115/CO[3]
                         net (fo=1, routed)           0.000    61.188    pulse_inst/bpm_reg_reg[3]_i_115_n_0
    SLICE_X4Y129         CARRY4 (Prop_carry4_CI_CO[3])
                                                      0.114    61.302 r  pulse_inst/bpm_reg_reg[3]_i_95/CO[3]
                         net (fo=1, routed)           0.000    61.302    pulse_inst/bpm_reg_reg[3]_i_95_n_0
    SLICE_X4Y130         CARRY4 (Prop_carry4_CI_CO[3])
                                                      0.114    61.416 r  pulse_inst/bpm_reg_reg[3]_i_75/CO[3]
                         net (fo=1, routed)           0.000    61.416    pulse_inst/bpm_reg_reg[3]_i_75_n_0
    SLICE_X4Y131         CARRY4 (Prop_carry4_CI_CO[3])
                                                      0.114    61.530 r  pulse_inst/bpm_reg_reg[3]_i_55/CO[3]
                         net (fo=1, routed)           0.000    61.530    pulse_inst/bpm_reg_reg[3]_i_55_n_0
    SLICE_X4Y132         CARRY4 (Prop_carry4_CI_CO[3])
                                                      0.114    61.644 r  pulse_inst/bpm_reg_reg[3]_i_35/CO[3]
                         net (fo=1, routed)           0.000    61.644    pulse_inst/bpm_reg_reg[3]_i_35_n_0
    SLICE_X4Y133         CARRY4 (Prop_carry4_CI_CO[3])
                                                      0.114    61.758 r  pulse_inst/bpm_reg_reg[3]_i_16/CO[3]
                         net (fo=1, routed)           0.000    61.758    pulse_inst/bpm_reg_reg[3]_i_16_n_0
    SLICE_X4Y134         CARRY4 (Prop_carry4_CI_CO[3])
                                                      0.114    61.872 r  pulse_inst/bpm_reg_reg[3]_i_4/CO[3]
                         net (fo=35, routed)          0.737    62.609    pulse_inst/bpm_reg1[1]
    SLICE_X7Y134         LUT6 (Prop_lut6_I5_O)        0.124    62.733 r  pulse_inst/bpm_reg[3]_i_157/O
                         net (fo=1, routed)           0.929    63.662    pulse_inst/bpm_reg[3]_i_157_n_0
    SLICE_X5Y128         CARRY4 (Prop_carry4_DI[0]_CO[3])
                                                      0.633    64.295 r  pulse_inst/bpm_reg_reg[3]_i_140/CO[3]
                         net (fo=1, routed)           0.000    64.295    pulse_inst/bpm_reg_reg[3]_i_140_n_0
    SLICE_X5Y129         CARRY4 (Prop_carry4_CI_CO[3])
                                                      0.114    64.409 r  pulse_inst/bpm_reg_reg[3]_i_120/CO[3]
                         net (fo=1, routed)           0.000    64.409    pulse_inst/bpm_reg_reg[3]_i_120_n_0
    SLICE_X5Y130         CARRY4 (Prop_carry4_CI_CO[3])
                                                      0.114    64.523 r  pulse_inst/bpm_reg_reg[3]_i_100/CO[3]
                         net (fo=1, routed)           0.000    64.523    pulse_inst/bpm_reg_reg[3]_i_100_n_0
    SLICE_X5Y131         CARRY4 (Prop_carry4_CI_CO[3])
                                                      0.114    64.637 r  pulse_inst/bpm_reg_reg[3]_i_80/CO[3]
                         net (fo=1, routed)           0.000    64.637    pulse_inst/bpm_reg_reg[3]_i_80_n_0
    SLICE_X5Y132         CARRY4 (Prop_carry4_CI_CO[3])
                                                      0.114    64.751 r  pulse_inst/bpm_reg_reg[3]_i_60/CO[3]
                         net (fo=1, routed)           0.000    64.751    pulse_inst/bpm_reg_reg[3]_i_60_n_0
    SLICE_X5Y133         CARRY4 (Prop_carry4_CI_CO[3])
                                                      0.114    64.865 r  pulse_inst/bpm_reg_reg[3]_i_40/CO[3]
                         net (fo=1, routed)           0.000    64.865    pulse_inst/bpm_reg_reg[3]_i_40_n_0
    SLICE_X5Y134         CARRY4 (Prop_carry4_CI_CO[3])
                                                      0.114    64.979 r  pulse_inst/bpm_reg_reg[3]_i_21/CO[3]
                         net (fo=1, routed)           0.000    64.979    pulse_inst/bpm_reg_reg[3]_i_21_n_0
    SLICE_X5Y135         CARRY4 (Prop_carry4_CI_CO[2])
                                                      0.228    65.207 r  pulse_inst/bpm_reg_reg[3]_i_5/CO[2]
                         net (fo=1, routed)           0.662    65.869    pulse_inst/bpm_reg1[0]
    SLICE_X4Y135         CARRY4 (Prop_carry4_S[0]_CO[3])
                                                      0.845    66.714 r  pulse_inst/bpm_reg_reg[3]_i_1/CO[3]
                         net (fo=1, routed)           0.000    66.714    pulse_inst/bpm_reg_reg[3]_i_1_n_0
    SLICE_X4Y136         CARRY4 (Prop_carry4_CI_O[1])
                                                      0.334    67.048 r  pulse_inst/bpm_reg_reg[7]_i_1/O[1]
                         net (fo=1, routed)           0.000    67.048    pulse_inst/bpm_reg_reg[7]_i_1_n_6
    SLICE_X4Y136         FDRE                                         r  pulse_inst/bpm_reg_reg[5]/D
  -------------------------------------------------------------------    -------------------

                         (clock sys_clk_pin rise edge)
                                                     10.000    10.000 r  
    W5                                                0.000    10.000 r  clk (IN)
                         net (fo=0)                   0.000    10.000    clk
    W5                   IBUF (Prop_ibuf_I_O)         1.388    11.388 r  clk_IBUF_inst/O
                         net (fo=1, routed)           1.862    13.250    clk_IBUF
    BUFGCTRL_X0Y1        BUFG (Prop_bufg_I_O)         0.091    13.341 r  clk_IBUF_BUFG_inst/O
                         net (fo=236, routed)         1.677    15.018    pulse_inst/clk_IBUF_BUFG
    SLICE_X4Y136         FDRE                                         r  pulse_inst/bpm_reg_reg[5]/C
                         clock pessimism              0.187    15.205    
                         clock uncertainty           -0.035    15.170    
    SLICE_X4Y136         FDRE (Setup_fdre_C_D)        0.062    15.232    pulse_inst/bpm_reg_reg[5]
  -------------------------------------------------------------------
                         required time                         15.232    
                         arrival time                         -67.048    
  -------------------------------------------------------------------
                         slack                                -51.816    

Slack (VIOLATED) :        -51.795ns  (required time - arrival time)
  Source:                 pulse_inst/beat_count_reg[2]_replica_12/C
                            (rising edge-triggered cell FDRE clocked by sys_clk_pin  {rise@0.000ns fall@5.000ns period=10.000ns})
  Destination:            pulse_inst/bpm_reg_reg[7]/D
                            (rising edge-triggered cell FDRE clocked by sys_clk_pin  {rise@0.000ns fall@5.000ns period=10.000ns})
  Path Group:             sys_clk_pin
  Path Type:              Setup (Max at Slow Process Corner)
  Requirement:            10.000ns  (sys_clk_pin rise@10.000ns - sys_clk_pin rise@0.000ns)
  Data Path Delay:        61.894ns  (logic 29.262ns (47.278%)  route 32.632ns (52.722%))
  Logic Levels:           170  (CARRY4=132 LUT4=2 LUT5=12 LUT6=24)
  Clock Path Skew:        0.072ns (DCD - SCD + CPR)
    Destination Clock Delay (DCD):    5.018ns = ( 15.018 - 10.000 ) 
    Source Clock Delay      (SCD):    5.133ns
    Clock Pessimism Removal (CPR):    0.187ns
  Clock Uncertainty:      0.035ns  ((TSJ^2 + TIJ^2)^1/2 + DJ) / 2 + PE
    Total System Jitter     (TSJ):    0.071ns
    Total Input Jitter      (TIJ):    0.000ns
    Discrete Jitter          (DJ):    0.000ns
    Phase Error              (PE):    0.000ns

    Location             Delay type                Incr(ns)  Path(ns)    Netlist Resource(s)
  -------------------------------------------------------------------    -------------------
                         (clock sys_clk_pin rise edge)
                                                      0.000     0.000 r  
    W5                                                0.000     0.000 r  clk (IN)
                         net (fo=0)                   0.000     0.000    clk
    W5                   IBUF (Prop_ibuf_I_O)         1.458     1.458 r  clk_IBUF_inst/O
                         net (fo=1, routed)           1.967     3.425    clk_IBUF
    BUFGCTRL_X0Y1        BUFG (Prop_bufg_I_O)         0.096     3.521 r  clk_IBUF_BUFG_inst/O
                         net (fo=236, routed)         1.612     5.133    pulse_inst/clk_IBUF_BUFG
    SLICE_X5Y81          FDRE                                         r  pulse_inst/beat_count_reg[2]_replica_12/C
  -------------------------------------------------------------------    -------------------
    SLICE_X5Y81          FDRE (Prop_fdre_C_Q)         0.456     5.589 r  pulse_inst/beat_count_reg[2]_replica_12/Q
                         net (fo=85, routed)          1.401     6.989    pulse_inst/beat_count_reg_n_0_[2]_repN_12
    SLICE_X2Y81          LUT6 (Prop_lut6_I0_O)        0.124     7.113 f  pulse_inst/bpm_reg[15]_i_217/O
                         net (fo=2, routed)           0.495     7.609    pulse_inst/bpm_reg[15]_i_217_n_0
    SLICE_X2Y81          LUT6 (Prop_lut6_I0_O)        0.124     7.733 r  pulse_inst/bpm_reg[15]_i_130/O
                         net (fo=2, routed)           0.653     8.385    pulse_inst/bpm_reg[15]_i_130_n_0
    SLICE_X3Y82          LUT5 (Prop_lut5_I0_O)        0.124     8.509 r  pulse_inst/bpm_reg[15]_i_134/O
                         net (fo=1, routed)           0.000     8.509    pulse_inst/bpm_reg[15]_i_134_n_0
    SLICE_X3Y82          CARRY4 (Prop_carry4_S[1]_CO[3])
                                                      0.550     9.059 r  pulse_inst/bpm_reg_reg[15]_i_86/CO[3]
                         net (fo=1, routed)           0.000     9.059    pulse_inst/bpm_reg_reg[15]_i_86_n_0
    SLICE_X3Y83          CARRY4 (Prop_carry4_CI_O[0])
                                                      0.222     9.281 r  pulse_inst/bpm_reg_reg[15]_i_53/O[0]
                         net (fo=12, routed)          0.883    10.164    pulse_inst/bpm_reg_reg[15]_i_53_n_7
    SLICE_X2Y82          LUT6 (Prop_lut6_I0_O)        0.299    10.463 r  pulse_inst/bpm_reg[15]_i_120/O
                         net (fo=6, routed)           0.361    10.825    pulse_inst/bpm_reg[15]_i_120_n_0
    SLICE_X2Y83          LUT5 (Prop_lut5_I3_O)        0.124    10.949 r  pulse_inst/bpm_reg[15]_i_179/O
                         net (fo=2, routed)           0.601    11.550    pulse_inst/bpm_reg[15]_i_179_n_0
    SLICE_X2Y82          LUT6 (Prop_lut6_I0_O)        0.124    11.674 r  pulse_inst/bpm_reg[15]_i_119/O
                         net (fo=5, routed)           0.609    12.283    pulse_inst/bpm_reg[15]_i_119_n_0
    SLICE_X0Y82          LUT5 (Prop_lut5_I0_O)        0.124    12.407 f  pulse_inst/bpm_reg[15]_i_122/O
                         net (fo=11, routed)          0.876    13.282    pulse_inst/bpm_reg[15]_i_122_n_0
    SLICE_X4Y82          LUT5 (Prop_lut5_I2_O)        0.124    13.406 r  pulse_inst/bpm_reg[15]_i_121/O
                         net (fo=4, routed)           0.334    13.741    pulse_inst/bpm_reg[15]_i_121_n_0
    SLICE_X4Y83          LUT5 (Prop_lut5_I1_O)        0.124    13.865 r  pulse_inst/bpm_reg[15]_i_274/O
                         net (fo=1, routed)           0.306    14.170    pulse_inst/bpm_reg[15]_i_274_n_0
    SLICE_X4Y81          LUT4 (Prop_lut4_I0_O)        0.124    14.294 r  pulse_inst/bpm_reg[15]_i_190/O
                         net (fo=1, routed)           0.821    15.116    pulse_inst/bpm_reg[15]_i_190_n_0
    SLICE_X2Y81          LUT6 (Prop_lut6_I2_O)        0.124    15.240 r  pulse_inst/bpm_reg[15]_i_123_comp/O
                         net (fo=6, routed)           0.488    15.728    pulse_inst/bpm_reg[15]_i_123_n_0
    SLICE_X0Y80          LUT5 (Prop_lut5_I2_O)        0.124    15.852 r  pulse_inst/bpm_reg[15]_i_203/O
                         net (fo=3, routed)           0.451    16.303    pulse_inst/bpm_reg[15]_i_203_n_0
    SLICE_X0Y80          LUT5 (Prop_lut5_I4_O)        0.124    16.427 r  pulse_inst/bpm_reg[15]_i_126/O
                         net (fo=11, routed)          0.522    16.949    pulse_inst/bpm_reg[15]_i_126_n_0
    SLICE_X4Y79          LUT5 (Prop_lut5_I2_O)        0.124    17.073 f  pulse_inst/bpm_reg[15]_i_251/O
                         net (fo=6, routed)           0.838    17.910    pulse_inst/bpm_reg[15]_i_251_n_0
    SLICE_X7Y79          LUT6 (Prop_lut6_I1_O)        0.124    18.034 r  pulse_inst/bpm_reg[15]_i_166_comp/O
                         net (fo=10, routed)          0.375    18.410    pulse_inst/bpm_reg[15]_i_166_n_0
    SLICE_X6Y80          LUT5 (Prop_lut5_I2_O)        0.124    18.534 r  pulse_inst/bpm_reg[15]_i_247/O
                         net (fo=4, routed)           0.184    18.717    pulse_inst/bpm_reg[15]_i_247_n_0
    SLICE_X6Y80          LUT4 (Prop_lut4_I0_O)        0.124    18.841 f  pulse_inst/bpm_reg[15]_i_255/O
                         net (fo=5, routed)           0.711    19.552    pulse_inst/bpm_reg[15]_i_255_n_0
    SLICE_X7Y81          LUT6 (Prop_lut6_I1_O)        0.124    19.676 r  pulse_inst/bpm_reg[15]_i_168_comp/O
                         net (fo=10, routed)          0.485    20.161    pulse_inst/bpm_reg[15]_i_168_n_0
    SLICE_X6Y82          LUT5 (Prop_lut5_I2_O)        0.124    20.285 r  pulse_inst/bpm_reg[15]_i_253/O
                         net (fo=4, routed)           0.185    20.470    pulse_inst/bpm_reg[15]_i_253_n_0
    SLICE_X6Y82          LUT5 (Prop_lut5_I3_O)        0.124    20.594 r  pulse_inst/bpm_reg[15]_i_167/O
                         net (fo=10, routed)          0.511    21.105    pulse_inst/bpm_reg[15]_i_167_n_0
    SLICE_X6Y85          LUT5 (Prop_lut5_I4_O)        0.124    21.229 f  pulse_inst/bpm_reg[15]_i_260/O
                         net (fo=7, routed)           0.644    21.872    pulse_inst/bpm_reg[15]_i_260_n_0
    SLICE_X5Y84          LUT6 (Prop_lut6_I1_O)        0.124    21.996 r  pulse_inst/bpm_reg[15]_i_169_comp/O
                         net (fo=10, routed)          0.923    22.919    pulse_inst/bpm_reg[15]_i_169_n_0
    SLICE_X5Y85          LUT6 (Prop_lut6_I3_O)        0.124    23.043 r  pulse_inst/bpm_reg[15]_i_177/O
                         net (fo=3, routed)           0.439    23.482    pulse_inst/bpm_reg[15]_i_177_n_0
    SLICE_X4Y85          LUT6 (Prop_lut6_I1_O)        0.124    23.606 f  pulse_inst/bpm_reg[15]_i_116/O
                         net (fo=27, routed)          0.359    23.965    pulse_inst/bpm_reg[15]_i_116_n_0
    SLICE_X6Y85          LUT6 (Prop_lut6_I4_O)        0.124    24.089 r  pulse_inst/bpm_reg[15]_i_332/O
                         net (fo=1, routed)           0.333    24.422    pulse_inst/bpm_reg[15]_i_332_n_0
    SLICE_X7Y87          CARRY4 (Prop_carry4_CYINIT_CO[3])
                                                      0.580    25.002 r  pulse_inst/bpm_reg_reg[15]_i_294/CO[3]
                         net (fo=1, routed)           0.000    25.002    pulse_inst/bpm_reg_reg[15]_i_294_n_0
    SLICE_X7Y88          CARRY4 (Prop_carry4_CI_CO[3])
                                                      0.114    25.116 r  pulse_inst/bpm_reg_reg[15]_i_222/CO[3]
                         net (fo=1, routed)           0.000    25.116    pulse_inst/bpm_reg_reg[15]_i_222_n_0
    SLICE_X7Y89          CARRY4 (Prop_carry4_CI_CO[3])
                                                      0.114    25.230 r  pulse_inst/bpm_reg_reg[15]_i_140/CO[3]
                         net (fo=1, routed)           0.000    25.230    pulse_inst/bpm_reg_reg[15]_i_140_n_0
    SLICE_X7Y90          CARRY4 (Prop_carry4_CI_CO[3])
                                                      0.114    25.344 r  pulse_inst/bpm_reg_reg[15]_i_89/CO[3]
                         net (fo=1, routed)           0.000    25.344    pulse_inst/bpm_reg_reg[15]_i_89_n_0
    SLICE_X7Y91          CARRY4 (Prop_carry4_CI_CO[3])
                                                      0.114    25.458 r  pulse_inst/bpm_reg_reg[15]_i_54/CO[3]
                         net (fo=1, routed)           0.000    25.458    pulse_inst/bpm_reg_reg[15]_i_54_n_0
    SLICE_X7Y92          CARRY4 (Prop_carry4_CI_CO[3])
                                                      0.114    25.572 r  pulse_inst/bpm_reg_reg[15]_i_28/CO[3]
                         net (fo=1, routed)           0.000    25.572    pulse_inst/bpm_reg_reg[15]_i_28_n_0
    SLICE_X7Y93          CARRY4 (Prop_carry4_CI_CO[3])
                                                      0.114    25.686 r  pulse_inst/bpm_reg_reg[15]_i_9/CO[3]
                         net (fo=1, routed)           0.000    25.686    pulse_inst/bpm_reg_reg[15]_i_9_n_0
    SLICE_X7Y94          CARRY4 (Prop_carry4_CI_CO[1])
                                                      0.157    25.843 r  pulse_inst/bpm_reg_reg[15]_i_4/CO[1]
                         net (fo=34, routed)          1.013    26.856    pulse_inst/bpm_reg1[15]
    SLICE_X8Y87          CARRY4 (Prop_carry4_CYINIT_CO[3])
                                                      0.800    27.656 r  pulse_inst/bpm_reg_reg[15]_i_303/CO[3]
                         net (fo=1, routed)           0.000    27.656    pulse_inst/bpm_reg_reg[15]_i_303_n_0
    SLICE_X8Y88          CARRY4 (Prop_carry4_CI_CO[3])
                                                      0.117    27.773 r  pulse_inst/bpm_reg_reg[15]_i_231/CO[3]
                         net (fo=1, routed)           0.000    27.773    pulse_inst/bpm_reg_reg[15]_i_231_n_0
    SLICE_X8Y89          CARRY4 (Prop_carry4_CI_CO[3])
                                                      0.117    27.890 r  pulse_inst/bpm_reg_reg[15]_i_149/CO[3]
                         net (fo=1, routed)           0.000    27.890    pulse_inst/bpm_reg_reg[15]_i_149_n_0
    SLICE_X8Y90          CARRY4 (Prop_carry4_CI_CO[3])
                                                      0.117    28.007 r  pulse_inst/bpm_reg_reg[15]_i_92/CO[3]
                         net (fo=1, routed)           0.000    28.007    pulse_inst/bpm_reg_reg[15]_i_92_n_0
    SLICE_X8Y91          CARRY4 (Prop_carry4_CI_CO[3])
                                                      0.117    28.124 r  pulse_inst/bpm_reg_reg[15]_i_55/CO[3]
                         net (fo=1, routed)           0.000    28.124    pulse_inst/bpm_reg_reg[15]_i_55_n_0
    SLICE_X8Y92          CARRY4 (Prop_carry4_CI_CO[3])
                                                      0.117    28.241 r  pulse_inst/bpm_reg_reg[15]_i_29/CO[3]
                         net (fo=1, routed)           0.000    28.241    pulse_inst/bpm_reg_reg[15]_i_29_n_0
    SLICE_X8Y93          CARRY4 (Prop_carry4_CI_CO[3])
                                                      0.117    28.358 r  pulse_inst/bpm_reg_reg[15]_i_10/CO[3]
                         net (fo=1, routed)           0.000    28.358    pulse_inst/bpm_reg_reg[15]_i_10_n_0
    SLICE_X8Y94          CARRY4 (Prop_carry4_CI_CO[3])
                                                      0.117    28.475 r  pulse_inst/bpm_reg_reg[15]_i_5/CO[3]
                         net (fo=34, routed)          1.318    29.793    pulse_inst/bpm_reg1[14]
    SLICE_X6Y86          CARRY4 (Prop_carry4_CYINIT_CO[3])
                                                      0.595    30.388 r  pulse_inst/bpm_reg_reg[15]_i_308/CO[3]
                         net (fo=1, routed)           0.000    30.388    pulse_inst/bpm_reg_reg[15]_i_308_n_0
    SLICE_X6Y87          CARRY4 (Prop_carry4_CI_CO[3])
                                                      0.117    30.505 r  pulse_inst/bpm_reg_reg[15]_i_236/CO[3]
                         net (fo=1, routed)           0.000    30.505    pulse_inst/bpm_reg_reg[15]_i_236_n_0
    SLICE_X6Y88          CARRY4 (Prop_carry4_CI_CO[3])
                                                      0.117    30.622 r  pulse_inst/bpm_reg_reg[15]_i_155/CO[3]
                         net (fo=1, routed)           0.000    30.622    pulse_inst/bpm_reg_reg[15]_i_155_n_0
    SLICE_X6Y89          CARRY4 (Prop_carry4_CI_CO[3])
                                                      0.117    30.739 r  pulse_inst/bpm_reg_reg[15]_i_97/CO[3]
                         net (fo=1, routed)           0.000    30.739    pulse_inst/bpm_reg_reg[15]_i_97_n_0
    SLICE_X6Y90          CARRY4 (Prop_carry4_CI_CO[3])
                                                      0.117    30.856 r  pulse_inst/bpm_reg_reg[15]_i_60/CO[3]
                         net (fo=1, routed)           0.000    30.856    pulse_inst/bpm_reg_reg[15]_i_60_n_0
    SLICE_X6Y91          CARRY4 (Prop_carry4_CI_CO[3])
                                                      0.117    30.973 r  pulse_inst/bpm_reg_reg[15]_i_34/CO[3]
                         net (fo=1, routed)           0.000    30.973    pulse_inst/bpm_reg_reg[15]_i_34_n_0
    SLICE_X6Y92          CARRY4 (Prop_carry4_CI_CO[3])
                                                      0.117    31.090 r  pulse_inst/bpm_reg_reg[15]_i_15/CO[3]
                         net (fo=1, routed)           0.000    31.090    pulse_inst/bpm_reg_reg[15]_i_15_n_0
    SLICE_X6Y93          CARRY4 (Prop_carry4_CI_CO[3])
                                                      0.117    31.207 r  pulse_inst/bpm_reg_reg[15]_i_6/CO[3]
                         net (fo=34, routed)          1.183    32.390    pulse_inst/bpm_reg1[13]
    SLICE_X5Y86          LUT6 (Prop_lut6_I0_O)        0.124    32.514 r  pulse_inst/bpm_reg[15]_i_350/O
                         net (fo=1, routed)           0.000    32.514    pulse_inst/bpm_reg[15]_i_350_n_0
    SLICE_X5Y86          CARRY4 (Prop_carry4_S[1]_CO[3])
                                                      0.550    33.064 r  pulse_inst/bpm_reg_reg[15]_i_313/CO[3]
                         net (fo=1, routed)           0.000    33.064    pulse_inst/bpm_reg_reg[15]_i_313_n_0
    SLICE_X5Y87          CARRY4 (Prop_carry4_CI_CO[3])
                                                      0.114    33.178 r  pulse_inst/bpm_reg_reg[15]_i_241/CO[3]
                         net (fo=1, routed)           0.000    33.178    pulse_inst/bpm_reg_reg[15]_i_241_n_0
    SLICE_X5Y88          CARRY4 (Prop_carry4_CI_CO[3])
                                                      0.114    33.292 r  pulse_inst/bpm_reg_reg[15]_i_160/CO[3]
                         net (fo=1, routed)           0.000    33.292    pulse_inst/bpm_reg_reg[15]_i_160_n_0
    SLICE_X5Y89          CARRY4 (Prop_carry4_CI_CO[3])
                                                      0.114    33.406 r  pulse_inst/bpm_reg_reg[15]_i_102/CO[3]
                         net (fo=1, routed)           0.000    33.406    pulse_inst/bpm_reg_reg[15]_i_102_n_0
    SLICE_X5Y90          CARRY4 (Prop_carry4_CI_CO[3])
                                                      0.114    33.520 r  pulse_inst/bpm_reg_reg[15]_i_65/CO[3]
                         net (fo=1, routed)           0.000    33.520    pulse_inst/bpm_reg_reg[15]_i_65_n_0
    SLICE_X5Y91          CARRY4 (Prop_carry4_CI_CO[3])
                                                      0.114    33.634 r  pulse_inst/bpm_reg_reg[15]_i_39/CO[3]
                         net (fo=1, routed)           0.000    33.634    pulse_inst/bpm_reg_reg[15]_i_39_n_0
    SLICE_X5Y92          CARRY4 (Prop_carry4_CI_CO[3])
                                                      0.114    33.748 r  pulse_inst/bpm_reg_reg[15]_i_20/CO[3]
                         net (fo=1, routed)           0.000    33.748    pulse_inst/bpm_reg_reg[15]_i_20_n_0
    SLICE_X5Y93          CARRY4 (Prop_carry4_CI_CO[3])
                                                      0.114    33.862 r  pulse_inst/bpm_reg_reg[15]_i_7/CO[3]
                         net (fo=35, routed)          0.989    34.852    pulse_inst/bpm_reg1[12]
    SLICE_X2Y86          LUT6 (Prop_lut6_I5_O)        0.124    34.976 r  pulse_inst/bpm_reg[11]_i_146/O
                         net (fo=1, routed)           0.349    35.325    pulse_inst/bpm_reg[11]_i_146_n_0
    SLICE_X4Y87          CARRY4 (Prop_carry4_DI[1]_CO[3])
                                                      0.507    35.832 r  pulse_inst/bpm_reg_reg[11]_i_126/CO[3]
                         net (fo=1, routed)           0.000    35.832    pulse_inst/bpm_reg_reg[11]_i_126_n_0
    SLICE_X4Y88          CARRY4 (Prop_carry4_CI_CO[3])
                                                      0.114    35.946 r  pulse_inst/bpm_reg_reg[11]_i_106/CO[3]
                         net (fo=1, routed)           0.000    35.946    pulse_inst/bpm_reg_reg[11]_i_106_n_0
    SLICE_X4Y89          CARRY4 (Prop_carry4_CI_CO[3])
                                                      0.114    36.060 r  pulse_inst/bpm_reg_reg[11]_i_86/CO[3]
                         net (fo=1, routed)           0.000    36.060    pulse_inst/bpm_reg_reg[11]_i_86_n_0
    SLICE_X4Y90          CARRY4 (Prop_carry4_CI_CO[3])
                                                      0.114    36.174 r  pulse_inst/bpm_reg_reg[11]_i_66/CO[3]
                         net (fo=1, routed)           0.000    36.174    pulse_inst/bpm_reg_reg[11]_i_66_n_0
    SLICE_X4Y91          CARRY4 (Prop_carry4_CI_CO[3])
                                                      0.114    36.288 r  pulse_inst/bpm_reg_reg[11]_i_46/CO[3]
                         net (fo=1, routed)           0.000    36.288    pulse_inst/bpm_reg_reg[11]_i_46_n_0
    SLICE_X4Y92          CARRY4 (Prop_carry4_CI_CO[3])
                                                      0.114    36.402 r  pulse_inst/bpm_reg_reg[11]_i_26/CO[3]
                         net (fo=1, routed)           0.000    36.402    pulse_inst/bpm_reg_reg[11]_i_26_n_0
    SLICE_X4Y93          CARRY4 (Prop_carry4_CI_CO[3])
                                                      0.114    36.516 r  pulse_inst/bpm_reg_reg[11]_i_6/CO[3]
                         net (fo=1, routed)           0.000    36.516    pulse_inst/bpm_reg_reg[11]_i_6_n_0
    SLICE_X4Y94          CARRY4 (Prop_carry4_CI_CO[3])
                                                      0.114    36.630 r  pulse_inst/bpm_reg_reg[11]_i_2/CO[3]
                         net (fo=34, routed)          1.067    37.696    pulse_inst/bpm_reg1[11]
    SLICE_X3Y88          LUT6 (Prop_lut6_I0_O)        0.124    37.820 r  pulse_inst/bpm_reg[11]_i_152/O
                         net (fo=1, routed)           0.000    37.820    pulse_inst/bpm_reg[11]_i_152_n_0
    SLICE_X3Y88          CARRY4 (Prop_carry4_S[1]_CO[3])
                                                      0.550    38.370 r  pulse_inst/bpm_reg_reg[11]_i_131/CO[3]
                         net (fo=1, routed)           0.000    38.370    pulse_inst/bpm_reg_reg[11]_i_131_n_0
    SLICE_X3Y89          CARRY4 (Prop_carry4_CI_CO[3])
                                                      0.114    38.484 r  pulse_inst/bpm_reg_reg[11]_i_111/CO[3]
                         net (fo=1, routed)           0.000    38.484    pulse_inst/bpm_reg_reg[11]_i_111_n_0
    SLICE_X3Y90          CARRY4 (Prop_carry4_CI_CO[3])
                                                      0.114    38.598 r  pulse_inst/bpm_reg_reg[11]_i_91/CO[3]
                         net (fo=1, routed)           0.000    38.598    pulse_inst/bpm_reg_reg[11]_i_91_n_0
    SLICE_X3Y91          CARRY4 (Prop_carry4_CI_CO[3])
                                                      0.114    38.712 r  pulse_inst/bpm_reg_reg[11]_i_71/CO[3]
                         net (fo=1, routed)           0.000    38.712    pulse_inst/bpm_reg_reg[11]_i_71_n_0
    SLICE_X3Y92          CARRY4 (Prop_carry4_CI_CO[3])
                                                      0.114    38.826 r  pulse_inst/bpm_reg_reg[11]_i_51/CO[3]
                         net (fo=1, routed)           0.000    38.826    pulse_inst/bpm_reg_reg[11]_i_51_n_0
    SLICE_X3Y93          CARRY4 (Prop_carry4_CI_CO[3])
                                                      0.114    38.940 r  pulse_inst/bpm_reg_reg[11]_i_31/CO[3]
                         net (fo=1, routed)           0.000    38.940    pulse_inst/bpm_reg_reg[11]_i_31_n_0
    SLICE_X3Y94          CARRY4 (Prop_carry4_CI_CO[3])
                                                      0.114    39.054 r  pulse_inst/bpm_reg_reg[11]_i_11/CO[3]
                         net (fo=1, routed)           0.000    39.054    pulse_inst/bpm_reg_reg[11]_i_11_n_0
    SLICE_X3Y95          CARRY4 (Prop_carry4_CI_CO[3])
                                                      0.114    39.168 r  pulse_inst/bpm_reg_reg[11]_i_3/CO[3]
                         net (fo=35, routed)          0.844    40.012    pulse_inst/bpm_reg1[10]
    SLICE_X1Y95          LUT6 (Prop_lut6_I5_O)        0.124    40.136 r  pulse_inst/bpm_reg[11]_i_153/O
                         net (fo=1, routed)           0.528    40.664    pulse_inst/bpm_reg[11]_i_153_n_0
    SLICE_X2Y89          CARRY4 (Prop_carry4_DI[1]_CO[3])
                                                      0.520    41.184 r  pulse_inst/bpm_reg_reg[11]_i_136/CO[3]
                         net (fo=1, routed)           0.000    41.184    pulse_inst/bpm_reg_reg[11]_i_136_n_0
    SLICE_X2Y90          CARRY4 (Prop_carry4_CI_CO[3])
                                                      0.117    41.301 r  pulse_inst/bpm_reg_reg[11]_i_116/CO[3]
                         net (fo=1, routed)           0.000    41.301    pulse_inst/bpm_reg_reg[11]_i_116_n_0
    SLICE_X2Y91          CARRY4 (Prop_carry4_CI_CO[3])
                                                      0.117    41.418 r  pulse_inst/bpm_reg_reg[11]_i_96/CO[3]
                         net (fo=1, routed)           0.000    41.418    pulse_inst/bpm_reg_reg[11]_i_96_n_0
    SLICE_X2Y92          CARRY4 (Prop_carry4_CI_CO[3])
                                                      0.117    41.535 r  pulse_inst/bpm_reg_reg[11]_i_76/CO[3]
                         net (fo=1, routed)           0.000    41.535    pulse_inst/bpm_reg_reg[11]_i_76_n_0
    SLICE_X2Y93          CARRY4 (Prop_carry4_CI_CO[3])
                                                      0.117    41.652 r  pulse_inst/bpm_reg_reg[11]_i_56/CO[3]
                         net (fo=1, routed)           0.000    41.652    pulse_inst/bpm_reg_reg[11]_i_56_n_0
    SLICE_X2Y94          CARRY4 (Prop_carry4_CI_CO[3])
                                                      0.117    41.769 r  pulse_inst/bpm_reg_reg[11]_i_36/CO[3]
                         net (fo=1, routed)           0.000    41.769    pulse_inst/bpm_reg_reg[11]_i_36_n_0
    SLICE_X2Y95          CARRY4 (Prop_carry4_CI_CO[3])
                                                      0.117    41.886 r  pulse_inst/bpm_reg_reg[11]_i_16/CO[3]
                         net (fo=1, routed)           0.000    41.886    pulse_inst/bpm_reg_reg[11]_i_16_n_0
    SLICE_X2Y96          CARRY4 (Prop_carry4_CI_CO[3])
                                                      0.117    42.003 r  pulse_inst/bpm_reg_reg[11]_i_4/CO[3]
                         net (fo=34, routed)          0.952    42.955    pulse_inst/bpm_reg1[9]
    SLICE_X0Y94          LUT6 (Prop_lut6_I0_O)        0.124    43.079 r  pulse_inst/bpm_reg[11]_i_159/O
                         net (fo=1, routed)           0.000    43.079    pulse_inst/bpm_reg[11]_i_159_n_0
    SLICE_X0Y94          CARRY4 (Prop_carry4_S[1]_CO[3])
                                                      0.550    43.629 r  pulse_inst/bpm_reg_reg[11]_i_141/CO[3]
                         net (fo=1, routed)           0.000    43.629    pulse_inst/bpm_reg_reg[11]_i_141_n_0
    SLICE_X0Y95          CARRY4 (Prop_carry4_CI_CO[3])
                                                      0.114    43.743 r  pulse_inst/bpm_reg_reg[11]_i_121/CO[3]
                         net (fo=1, routed)           0.000    43.743    pulse_inst/bpm_reg_reg[11]_i_121_n_0
    SLICE_X0Y96          CARRY4 (Prop_carry4_CI_CO[3])
                                                      0.114    43.857 r  pulse_inst/bpm_reg_reg[11]_i_101/CO[3]
                         net (fo=1, routed)           0.000    43.857    pulse_inst/bpm_reg_reg[11]_i_101_n_0
    SLICE_X0Y97          CARRY4 (Prop_carry4_CI_CO[3])
                                                      0.114    43.971 r  pulse_inst/bpm_reg_reg[11]_i_81/CO[3]
                         net (fo=1, routed)           0.000    43.971    pulse_inst/bpm_reg_reg[11]_i_81_n_0
    SLICE_X0Y98          CARRY4 (Prop_carry4_CI_CO[3])
                                                      0.114    44.085 r  pulse_inst/bpm_reg_reg[11]_i_61/CO[3]
                         net (fo=1, routed)           0.000    44.085    pulse_inst/bpm_reg_reg[11]_i_61_n_0
    SLICE_X0Y99          CARRY4 (Prop_carry4_CI_CO[3])
                                                      0.114    44.199 r  pulse_inst/bpm_reg_reg[11]_i_41/CO[3]
                         net (fo=1, routed)           0.001    44.199    pulse_inst/bpm_reg_reg[11]_i_41_n_0
    SLICE_X0Y100         CARRY4 (Prop_carry4_CI_CO[3])
                                                      0.114    44.313 r  pulse_inst/bpm_reg_reg[11]_i_21/CO[3]
                         net (fo=1, routed)           0.000    44.313    pulse_inst/bpm_reg_reg[11]_i_21_n_0
    SLICE_X0Y101         CARRY4 (Prop_carry4_CI_CO[3])
                                                      0.114    44.427 r  pulse_inst/bpm_reg_reg[11]_i_5/CO[3]
                         net (fo=35, routed)          0.706    45.134    pulse_inst/bpm_reg1[8]
    SLICE_X3Y101         LUT6 (Prop_lut6_I5_O)        0.124    45.258 r  pulse_inst/bpm_reg[7]_i_146/O
                         net (fo=1, routed)           0.331    45.588    pulse_inst/bpm_reg[7]_i_146_n_0
    SLICE_X2Y100         CARRY4 (Prop_carry4_DI[1]_CO[3])
                                                      0.520    46.108 r  pulse_inst/bpm_reg_reg[7]_i_126/CO[3]
                         net (fo=1, routed)           0.000    46.108    pulse_inst/bpm_reg_reg[7]_i_126_n_0
    SLICE_X2Y101         CARRY4 (Prop_carry4_CI_CO[3])
                                                      0.117    46.225 r  pulse_inst/bpm_reg_reg[7]_i_106/CO[3]
                         net (fo=1, routed)           0.000    46.225    pulse_inst/bpm_reg_reg[7]_i_106_n_0
    SLICE_X2Y102         CARRY4 (Prop_carry4_CI_CO[3])
                                                      0.117    46.342 r  pulse_inst/bpm_reg_reg[7]_i_86/CO[3]
                         net (fo=1, routed)           0.000    46.342    pulse_inst/bpm_reg_reg[7]_i_86_n_0
    SLICE_X2Y103         CARRY4 (Prop_carry4_CI_CO[3])
                                                      0.117    46.459 r  pulse_inst/bpm_reg_reg[7]_i_66/CO[3]
                         net (fo=1, routed)           0.000    46.459    pulse_inst/bpm_reg_reg[7]_i_66_n_0
    SLICE_X2Y104         CARRY4 (Prop_carry4_CI_CO[3])
                                                      0.117    46.576 r  pulse_inst/bpm_reg_reg[7]_i_46/CO[3]
                         net (fo=1, routed)           0.000    46.576    pulse_inst/bpm_reg_reg[7]_i_46_n_0
    SLICE_X2Y105         CARRY4 (Prop_carry4_CI_CO[3])
                                                      0.117    46.693 r  pulse_inst/bpm_reg_reg[7]_i_26/CO[3]
                         net (fo=1, routed)           0.000    46.693    pulse_inst/bpm_reg_reg[7]_i_26_n_0
    SLICE_X2Y106         CARRY4 (Prop_carry4_CI_CO[3])
                                                      0.117    46.810 r  pulse_inst/bpm_reg_reg[7]_i_6/CO[3]
                         net (fo=1, routed)           0.000    46.810    pulse_inst/bpm_reg_reg[7]_i_6_n_0
    SLICE_X2Y107         CARRY4 (Prop_carry4_CI_CO[3])
                                                      0.117    46.927 r  pulse_inst/bpm_reg_reg[7]_i_2/CO[3]
                         net (fo=35, routed)          0.724    47.651    pulse_inst/bpm_reg1[7]
    SLICE_X0Y106         LUT6 (Prop_lut6_I5_O)        0.124    47.775 r  pulse_inst/bpm_reg[7]_i_150/O
                         net (fo=1, routed)           0.338    48.113    pulse_inst/bpm_reg[7]_i_150_n_0
    SLICE_X3Y105         CARRY4 (Prop_carry4_DI[1]_CO[3])
                                                      0.507    48.620 r  pulse_inst/bpm_reg_reg[7]_i_131/CO[3]
                         net (fo=1, routed)           0.000    48.620    pulse_inst/bpm_reg_reg[7]_i_131_n_0
    SLICE_X3Y106         CARRY4 (Prop_carry4_CI_CO[3])
                                                      0.114    48.734 r  pulse_inst/bpm_reg_reg[7]_i_111/CO[3]
                         net (fo=1, routed)           0.000    48.734    pulse_inst/bpm_reg_reg[7]_i_111_n_0
    SLICE_X3Y107         CARRY4 (Prop_carry4_CI_CO[3])
                                                      0.114    48.848 r  pulse_inst/bpm_reg_reg[7]_i_91/CO[3]
                         net (fo=1, routed)           0.000    48.848    pulse_inst/bpm_reg_reg[7]_i_91_n_0
    SLICE_X3Y108         CARRY4 (Prop_carry4_CI_CO[3])
                                                      0.114    48.962 r  pulse_inst/bpm_reg_reg[7]_i_71/CO[3]
                         net (fo=1, routed)           0.000    48.962    pulse_inst/bpm_reg_reg[7]_i_71_n_0
    SLICE_X3Y109         CARRY4 (Prop_carry4_CI_CO[3])
                                                      0.114    49.076 r  pulse_inst/bpm_reg_reg[7]_i_51/CO[3]
                         net (fo=1, routed)           0.000    49.076    pulse_inst/bpm_reg_reg[7]_i_51_n_0
    SLICE_X3Y110         CARRY4 (Prop_carry4_CI_CO[3])
                                                      0.114    49.190 r  pulse_inst/bpm_reg_reg[7]_i_31/CO[3]
                         net (fo=1, routed)           0.000    49.190    pulse_inst/bpm_reg_reg[7]_i_31_n_0
    SLICE_X3Y111         CARRY4 (Prop_carry4_CI_CO[3])
                                                      0.114    49.304 r  pulse_inst/bpm_reg_reg[7]_i_11/CO[3]
                         net (fo=1, routed)           0.000    49.304    pulse_inst/bpm_reg_reg[7]_i_11_n_0
    SLICE_X3Y112         CARRY4 (Prop_carry4_CI_CO[3])
                                                      0.114    49.418 r  pulse_inst/bpm_reg_reg[7]_i_3/CO[3]
                         net (fo=34, routed)          0.925    50.343    pulse_inst/bpm_reg1[6]
    SLICE_X4Y110         LUT6 (Prop_lut6_I0_O)        0.124    50.467 r  pulse_inst/bpm_reg[7]_i_156/O
                         net (fo=1, routed)           0.000    50.467    pulse_inst/bpm_reg[7]_i_156_n_0
    SLICE_X4Y110         CARRY4 (Prop_carry4_S[1]_CO[3])
                                                      0.550    51.017 r  pulse_inst/bpm_reg_reg[7]_i_136/CO[3]
                         net (fo=1, routed)           0.000    51.017    pulse_inst/bpm_reg_reg[7]_i_136_n_0
    SLICE_X4Y111         CARRY4 (Prop_carry4_CI_CO[3])
                                                      0.114    51.131 r  pulse_inst/bpm_reg_reg[7]_i_116/CO[3]
                         net (fo=1, routed)           0.000    51.131    pulse_inst/bpm_reg_reg[7]_i_116_n_0
    SLICE_X4Y112         CARRY4 (Prop_carry4_CI_CO[3])
                                                      0.114    51.245 r  pulse_inst/bpm_reg_reg[7]_i_96/CO[3]
                         net (fo=1, routed)           0.000    51.245    pulse_inst/bpm_reg_reg[7]_i_96_n_0
    SLICE_X4Y113         CARRY4 (Prop_carry4_CI_CO[3])
                                                      0.114    51.359 r  pulse_inst/bpm_reg_reg[7]_i_76/CO[3]
                         net (fo=1, routed)           0.000    51.359    pulse_inst/bpm_reg_reg[7]_i_76_n_0
    SLICE_X4Y114         CARRY4 (Prop_carry4_CI_CO[3])
                                                      0.114    51.473 r  pulse_inst/bpm_reg_reg[7]_i_56/CO[3]
                         net (fo=1, routed)           0.000    51.473    pulse_inst/bpm_reg_reg[7]_i_56_n_0
    SLICE_X4Y115         CARRY4 (Prop_carry4_CI_CO[3])
                                                      0.114    51.587 r  pulse_inst/bpm_reg_reg[7]_i_36/CO[3]
                         net (fo=1, routed)           0.000    51.587    pulse_inst/bpm_reg_reg[7]_i_36_n_0
    SLICE_X4Y116         CARRY4 (Prop_carry4_CI_CO[3])
                                                      0.114    51.701 r  pulse_inst/bpm_reg_reg[7]_i_16/CO[3]
                         net (fo=1, routed)           0.000    51.701    pulse_inst/bpm_reg_reg[7]_i_16_n_0
    SLICE_X4Y117         CARRY4 (Prop_carry4_CI_CO[3])
                                                      0.114    51.815 r  pulse_inst/bpm_reg_reg[7]_i_4/CO[3]
                         net (fo=34, routed)          0.893    52.707    pulse_inst/bpm_reg1[5]
    SLICE_X3Y116         LUT6 (Prop_lut6_I0_O)        0.124    52.831 r  pulse_inst/bpm_reg[7]_i_159/O
                         net (fo=1, routed)           0.000    52.831    pulse_inst/bpm_reg[7]_i_159_n_0
    SLICE_X3Y116         CARRY4 (Prop_carry4_S[1]_CO[3])
                                                      0.550    53.381 r  pulse_inst/bpm_reg_reg[7]_i_141/CO[3]
                         net (fo=1, routed)           0.000    53.381    pulse_inst/bpm_reg_reg[7]_i_141_n_0
    SLICE_X3Y117         CARRY4 (Prop_carry4_CI_CO[3])
                                                      0.114    53.495 r  pulse_inst/bpm_reg_reg[7]_i_121/CO[3]
                         net (fo=1, routed)           0.000    53.495    pulse_inst/bpm_reg_reg[7]_i_121_n_0
    SLICE_X3Y118         CARRY4 (Prop_carry4_CI_CO[3])
                                                      0.114    53.609 r  pulse_inst/bpm_reg_reg[7]_i_101/CO[3]
                         net (fo=1, routed)           0.000    53.609    pulse_inst/bpm_reg_reg[7]_i_101_n_0
    SLICE_X3Y119         CARRY4 (Prop_carry4_CI_CO[3])
                                                      0.114    53.723 r  pulse_inst/bpm_reg_reg[7]_i_81/CO[3]
                         net (fo=1, routed)           0.000    53.723    pulse_inst/bpm_reg_reg[7]_i_81_n_0
    SLICE_X3Y120         CARRY4 (Prop_carry4_CI_CO[3])
                                                      0.114    53.837 r  pulse_inst/bpm_reg_reg[7]_i_61/CO[3]
                         net (fo=1, routed)           0.000    53.837    pulse_inst/bpm_reg_reg[7]_i_61_n_0
    SLICE_X3Y121         CARRY4 (Prop_carry4_CI_CO[3])
                                                      0.114    53.951 r  pulse_inst/bpm_reg_reg[7]_i_41/CO[3]
                         net (fo=1, routed)           0.000    53.951    pulse_inst/bpm_reg_reg[7]_i_41_n_0
    SLICE_X3Y122         CARRY4 (Prop_carry4_CI_CO[3])
                                                      0.114    54.065 r  pulse_inst/bpm_reg_reg[7]_i_21/CO[3]
                         net (fo=1, routed)           0.000    54.065    pulse_inst/bpm_reg_reg[7]_i_21_n_0
    SLICE_X3Y123         CARRY4 (Prop_carry4_CI_CO[3])
                                                      0.114    54.179 r  pulse_inst/bpm_reg_reg[7]_i_5/CO[3]
                         net (fo=35, routed)          1.027    55.206    pulse_inst/bpm_reg1[4]
    SLICE_X2Y122         LUT6 (Prop_lut6_I5_O)        0.124    55.330 r  pulse_inst/bpm_reg[3]_i_148/O
                         net (fo=1, routed)           0.000    55.330    pulse_inst/bpm_reg[3]_i_148_n_0
    SLICE_X2Y122         CARRY4 (Prop_carry4_S[1]_CO[3])
                                                      0.533    55.863 r  pulse_inst/bpm_reg_reg[3]_i_125/CO[3]
                         net (fo=1, routed)           0.000    55.863    pulse_inst/bpm_reg_reg[3]_i_125_n_0
    SLICE_X2Y123         CARRY4 (Prop_carry4_CI_CO[3])
                                                      0.117    55.980 r  pulse_inst/bpm_reg_reg[3]_i_105/CO[3]
                         net (fo=1, routed)           0.000    55.980    pulse_inst/bpm_reg_reg[3]_i_105_n_0
    SLICE_X2Y124         CARRY4 (Prop_carry4_CI_CO[3])
                                                      0.117    56.097 r  pulse_inst/bpm_reg_reg[3]_i_85/CO[3]
                         net (fo=1, routed)           0.009    56.106    pulse_inst/bpm_reg_reg[3]_i_85_n_0
    SLICE_X2Y125         CARRY4 (Prop_carry4_CI_CO[3])
                                                      0.117    56.223 r  pulse_inst/bpm_reg_reg[3]_i_65/CO[3]
                         net (fo=1, routed)           0.000    56.223    pulse_inst/bpm_reg_reg[3]_i_65_n_0
    SLICE_X2Y126         CARRY4 (Prop_carry4_CI_CO[3])
                                                      0.117    56.340 r  pulse_inst/bpm_reg_reg[3]_i_45/CO[3]
                         net (fo=1, routed)           0.000    56.340    pulse_inst/bpm_reg_reg[3]_i_45_n_0
    SLICE_X2Y127         CARRY4 (Prop_carry4_CI_CO[3])
                                                      0.117    56.457 r  pulse_inst/bpm_reg_reg[3]_i_25/CO[3]
                         net (fo=1, routed)           0.000    56.457    pulse_inst/bpm_reg_reg[3]_i_25_n_0
    SLICE_X2Y128         CARRY4 (Prop_carry4_CI_CO[3])
                                                      0.117    56.574 r  pulse_inst/bpm_reg_reg[3]_i_6/CO[3]
                         net (fo=1, routed)           0.000    56.574    pulse_inst/bpm_reg_reg[3]_i_6_n_0
    SLICE_X2Y129         CARRY4 (Prop_carry4_CI_CO[3])
                                                      0.117    56.691 r  pulse_inst/bpm_reg_reg[3]_i_2/CO[3]
                         net (fo=35, routed)          0.708    57.399    pulse_inst/bpm_reg1[3]
    SLICE_X0Y128         LUT6 (Prop_lut6_I5_O)        0.124    57.523 r  pulse_inst/bpm_reg[3]_i_149/O
                         net (fo=1, routed)           0.338    57.861    pulse_inst/bpm_reg[3]_i_149_n_0
    SLICE_X3Y127         CARRY4 (Prop_carry4_DI[1]_CO[3])
                                                      0.507    58.368 r  pulse_inst/bpm_reg_reg[3]_i_130/CO[3]
                         net (fo=1, routed)           0.000    58.368    pulse_inst/bpm_reg_reg[3]_i_130_n_0
    SLICE_X3Y128         CARRY4 (Prop_carry4_CI_CO[3])
                                                      0.114    58.482 r  pulse_inst/bpm_reg_reg[3]_i_110/CO[3]
                         net (fo=1, routed)           0.000    58.482    pulse_inst/bpm_reg_reg[3]_i_110_n_0
    SLICE_X3Y129         CARRY4 (Prop_carry4_CI_CO[3])
                                                      0.114    58.596 r  pulse_inst/bpm_reg_reg[3]_i_90/CO[3]
                         net (fo=1, routed)           0.000    58.596    pulse_inst/bpm_reg_reg[3]_i_90_n_0
    SLICE_X3Y130         CARRY4 (Prop_carry4_CI_CO[3])
                                                      0.114    58.710 r  pulse_inst/bpm_reg_reg[3]_i_70/CO[3]
                         net (fo=1, routed)           0.000    58.710    pulse_inst/bpm_reg_reg[3]_i_70_n_0
    SLICE_X3Y131         CARRY4 (Prop_carry4_CI_CO[3])
                                                      0.114    58.824 r  pulse_inst/bpm_reg_reg[3]_i_50/CO[3]
                         net (fo=1, routed)           0.000    58.824    pulse_inst/bpm_reg_reg[3]_i_50_n_0
    SLICE_X3Y132         CARRY4 (Prop_carry4_CI_CO[3])
                                                      0.114    58.938 r  pulse_inst/bpm_reg_reg[3]_i_30/CO[3]
                         net (fo=1, routed)           0.000    58.938    pulse_inst/bpm_reg_reg[3]_i_30_n_0
    SLICE_X3Y133         CARRY4 (Prop_carry4_CI_CO[3])
                                                      0.114    59.052 r  pulse_inst/bpm_reg_reg[3]_i_11/CO[3]
                         net (fo=1, routed)           0.000    59.052    pulse_inst/bpm_reg_reg[3]_i_11_n_0
    SLICE_X3Y134         CARRY4 (Prop_carry4_CI_CO[3])
                                                      0.114    59.166 r  pulse_inst/bpm_reg_reg[3]_i_3/CO[3]
                         net (fo=35, routed)          1.087    60.253    pulse_inst/bpm_reg1[2]
    SLICE_X5Y127         LUT6 (Prop_lut6_I5_O)        0.124    60.377 r  pulse_inst/bpm_reg[3]_i_153/O
                         net (fo=1, routed)           0.190    60.567    pulse_inst/bpm_reg[3]_i_153_n_0
    SLICE_X4Y127         CARRY4 (Prop_carry4_DI[1]_CO[3])
                                                      0.507    61.074 r  pulse_inst/bpm_reg_reg[3]_i_135/CO[3]
                         net (fo=1, routed)           0.000    61.074    pulse_inst/bpm_reg_reg[3]_i_135_n_0
    SLICE_X4Y128         CARRY4 (Prop_carry4_CI_CO[3])
                                                      0.114    61.188 r  pulse_inst/bpm_reg_reg[3]_i_115/CO[3]
                         net (fo=1, routed)           0.000    61.188    pulse_inst/bpm_reg_reg[3]_i_115_n_0
    SLICE_X4Y129         CARRY4 (Prop_carry4_CI_CO[3])
                                                      0.114    61.302 r  pulse_inst/bpm_reg_reg[3]_i_95/CO[3]
                         net (fo=1, routed)           0.000    61.302    pulse_inst/bpm_reg_reg[3]_i_95_n_0
    SLICE_X4Y130         CARRY4 (Prop_carry4_CI_CO[3])
                                                      0.114    61.416 r  pulse_inst/bpm_reg_reg[3]_i_75/CO[3]
                         net (fo=1, routed)           0.000    61.416    pulse_inst/bpm_reg_reg[3]_i_75_n_0
    SLICE_X4Y131         CARRY4 (Prop_carry4_CI_CO[3])
                                                      0.114    61.530 r  pulse_inst/bpm_reg_reg[3]_i_55/CO[3]
                         net (fo=1, routed)           0.000    61.530    pulse_inst/bpm_reg_reg[3]_i_55_n_0
    SLICE_X4Y132         CARRY4 (Prop_carry4_CI_CO[3])
                                                      0.114    61.644 r  pulse_inst/bpm_reg_reg[3]_i_35/CO[3]
                         net (fo=1, routed)           0.000    61.644    pulse_inst/bpm_reg_reg[3]_i_35_n_0
    SLICE_X4Y133         CARRY4 (Prop_carry4_CI_CO[3])
                                                      0.114    61.758 r  pulse_inst/bpm_reg_reg[3]_i_16/CO[3]
                         net (fo=1, routed)           0.000    61.758    pulse_inst/bpm_reg_reg[3]_i_16_n_0
    SLICE_X4Y134         CARRY4 (Prop_carry4_CI_CO[3])
                                                      0.114    61.872 r  pulse_inst/bpm_reg_reg[3]_i_4/CO[3]
                         net (fo=35, routed)          0.737    62.609    pulse_inst/bpm_reg1[1]
    SLICE_X7Y134         LUT6 (Prop_lut6_I5_O)        0.124    62.733 r  pulse_inst/bpm_reg[3]_i_157/O
                         net (fo=1, routed)           0.929    63.662    pulse_inst/bpm_reg[3]_i_157_n_0
    SLICE_X5Y128         CARRY4 (Prop_carry4_DI[0]_CO[3])
                                                      0.633    64.295 r  pulse_inst/bpm_reg_reg[3]_i_140/CO[3]
                         net (fo=1, routed)           0.000    64.295    pulse_inst/bpm_reg_reg[3]_i_140_n_0
    SLICE_X5Y129         CARRY4 (Prop_carry4_CI_CO[3])
                                                      0.114    64.409 r  pulse_inst/bpm_reg_reg[3]_i_120/CO[3]
                         net (fo=1, routed)           0.000    64.409    pulse_inst/bpm_reg_reg[3]_i_120_n_0
    SLICE_X5Y130         CARRY4 (Prop_carry4_CI_CO[3])
                                                      0.114    64.523 r  pulse_inst/bpm_reg_reg[3]_i_100/CO[3]
                         net (fo=1, routed)           0.000    64.523    pulse_inst/bpm_reg_reg[3]_i_100_n_0
    SLICE_X5Y131         CARRY4 (Prop_carry4_CI_CO[3])
                                                      0.114    64.637 r  pulse_inst/bpm_reg_reg[3]_i_80/CO[3]
                         net (fo=1, routed)           0.000    64.637    pulse_inst/bpm_reg_reg[3]_i_80_n_0
    SLICE_X5Y132         CARRY4 (Prop_carry4_CI_CO[3])
                                                      0.114    64.751 r  pulse_inst/bpm_reg_reg[3]_i_60/CO[3]
                         net (fo=1, routed)           0.000    64.751    pulse_inst/bpm_reg_reg[3]_i_60_n_0
    SLICE_X5Y133         CARRY4 (Prop_carry4_CI_CO[3])
                                                      0.114    64.865 r  pulse_inst/bpm_reg_reg[3]_i_40/CO[3]
                         net (fo=1, routed)           0.000    64.865    pulse_inst/bpm_reg_reg[3]_i_40_n_0
    SLICE_X5Y134         CARRY4 (Prop_carry4_CI_CO[3])
                                                      0.114    64.979 r  pulse_inst/bpm_reg_reg[3]_i_21/CO[3]
                         net (fo=1, routed)           0.000    64.979    pulse_inst/bpm_reg_reg[3]_i_21_n_0
    SLICE_X5Y135         CARRY4 (Prop_carry4_CI_CO[2])
                                                      0.228    65.207 r  pulse_inst/bpm_reg_reg[3]_i_5/CO[2]
                         net (fo=1, routed)           0.662    65.869    pulse_inst/bpm_reg1[0]
    SLICE_X4Y135         CARRY4 (Prop_carry4_S[0]_CO[3])
                                                      0.845    66.714 r  pulse_inst/bpm_reg_reg[3]_i_1/CO[3]
                         net (fo=1, routed)           0.000    66.714    pulse_inst/bpm_reg_reg[3]_i_1_n_0
    SLICE_X4Y136         CARRY4 (Prop_carry4_CI_O[3])
                                                      0.313    67.027 r  pulse_inst/bpm_reg_reg[7]_i_1/O[3]
                         net (fo=1, routed)           0.000    67.027    pulse_inst/bpm_reg_reg[7]_i_1_n_4
    SLICE_X4Y136         FDRE                                         r  pulse_inst/bpm_reg_reg[7]/D
  -------------------------------------------------------------------    -------------------

                         (clock sys_clk_pin rise edge)
                                                     10.000    10.000 r  
    W5                                                0.000    10.000 r  clk (IN)
                         net (fo=0)                   0.000    10.000    clk
    W5                   IBUF (Prop_ibuf_I_O)         1.388    11.388 r  clk_IBUF_inst/O
                         net (fo=1, routed)           1.862    13.250    clk_IBUF
    BUFGCTRL_X0Y1        BUFG (Prop_bufg_I_O)         0.091    13.341 r  clk_IBUF_BUFG_inst/O
                         net (fo=236, routed)         1.677    15.018    pulse_inst/clk_IBUF_BUFG
    SLICE_X4Y136         FDRE                                         r  pulse_inst/bpm_reg_reg[7]/C
                         clock pessimism              0.187    15.205    
                         clock uncertainty           -0.035    15.170    
    SLICE_X4Y136         FDRE (Setup_fdre_C_D)        0.062    15.232    pulse_inst/bpm_reg_reg[7]
  -------------------------------------------------------------------
                         required time                         15.232    
                         arrival time                         -67.027    
  -------------------------------------------------------------------
                         slack                                -51.795    





Min Delay Paths
--------------------------------------------------------------------------------------
Slack (MET) :             0.159ns  (arrival time - required time)
  Source:                 pulse_inst/sample_counter_reg[13]/C
                            (rising edge-triggered cell FDRE clocked by sys_clk_pin  {rise@0.000ns fall@5.000ns period=10.000ns})
  Destination:            pulse_inst/last_beat_time_reg[13]/D
                            (rising edge-triggered cell FDRE clocked by sys_clk_pin  {rise@0.000ns fall@5.000ns period=10.000ns})
  Path Group:             sys_clk_pin
  Path Type:              Hold (Min at Fast Process Corner)
  Requirement:            0.000ns  (sys_clk_pin rise@0.000ns - sys_clk_pin rise@0.000ns)
  Data Path Delay:        0.219ns  (logic 0.141ns (64.307%)  route 0.078ns (35.693%))
  Logic Levels:           0  
  Clock Path Skew:        0.013ns (DCD - SCD - CPR)
    Destination Clock Delay (DCD):    1.987ns
    Source Clock Delay      (SCD):    1.473ns
    Clock Pessimism Removal (CPR):    0.501ns

    Location             Delay type                Incr(ns)  Path(ns)    Netlist Resource(s)
  -------------------------------------------------------------------    -------------------
                         (clock sys_clk_pin rise edge)
                                                      0.000     0.000 r  
    W5                                                0.000     0.000 r  clk (IN)
                         net (fo=0)                   0.000     0.000    clk
    W5                   IBUF (Prop_ibuf_I_O)         0.226     0.226 r  clk_IBUF_inst/O
                         net (fo=1, routed)           0.631     0.858    clk_IBUF
    BUFGCTRL_X0Y1        BUFG (Prop_bufg_I_O)         0.026     0.884 r  clk_IBUF_BUFG_inst/O
                         net (fo=236, routed)         0.590     1.473    pulse_inst/clk_IBUF_BUFG
    SLICE_X0Y87          FDRE                                         r  pulse_inst/sample_counter_reg[13]/C
  -------------------------------------------------------------------    -------------------
    SLICE_X0Y87          FDRE (Prop_fdre_C_Q)         0.141     1.614 r  pulse_inst/sample_counter_reg[13]/Q
                         net (fo=4, routed)           0.078     1.692    pulse_inst/sample_counter_reg[13]
    SLICE_X1Y87          FDRE                                         r  pulse_inst/last_beat_time_reg[13]/D
  -------------------------------------------------------------------    -------------------

                         (clock sys_clk_pin rise edge)
                                                      0.000     0.000 r  
    W5                                                0.000     0.000 r  clk (IN)
                         net (fo=0)                   0.000     0.000    clk
    W5                   IBUF (Prop_ibuf_I_O)         0.414     0.414 r  clk_IBUF_inst/O
                         net (fo=1, routed)           0.685     1.099    clk_IBUF
    BUFGCTRL_X0Y1        BUFG (Prop_bufg_I_O)         0.029     1.128 r  clk_IBUF_BUFG_inst/O
                         net (fo=236, routed)         0.859     1.987    pulse_inst/clk_IBUF_BUFG
    SLICE_X1Y87          FDRE                                         r  pulse_inst/last_beat_time_reg[13]/C
                         clock pessimism             -0.501     1.486    
    SLICE_X1Y87          FDRE (Hold_fdre_C_D)         0.047     1.533    pulse_inst/last_beat_time_reg[13]
  -------------------------------------------------------------------
                         required time                         -1.533    
                         arrival time                           1.692    
  -------------------------------------------------------------------
                         slack                                  0.159    

Slack (MET) :             0.177ns  (arrival time - required time)
  Source:                 adc_inst/data_r_reg[4]/C
                            (rising edge-triggered cell FDRE clocked by sys_clk_pin  {rise@0.000ns fall@5.000ns period=10.000ns})
  Destination:            adc_inst/data_r_reg[5]/D
                            (rising edge-triggered cell FDRE clocked by sys_clk_pin  {rise@0.000ns fall@5.000ns period=10.000ns})
  Path Group:             sys_clk_pin
  Path Type:              Hold (Min at Fast Process Corner)
  Requirement:            0.000ns  (sys_clk_pin rise@0.000ns - sys_clk_pin rise@0.000ns)
  Data Path Delay:        0.268ns  (logic 0.141ns (52.595%)  route 0.127ns (47.405%))
  Logic Levels:           0  
  Clock Path Skew:        0.015ns (DCD - SCD - CPR)
    Destination Clock Delay (DCD):    2.071ns
    Source Clock Delay      (SCD):    1.553ns
    Clock Pessimism Removal (CPR):    0.503ns

    Location             Delay type                Incr(ns)  Path(ns)    Netlist Resource(s)
  -------------------------------------------------------------------    -------------------
                         (clock sys_clk_pin rise edge)
                                                      0.000     0.000 r  
    W5                                                0.000     0.000 r  clk (IN)
                         net (fo=0)                   0.000     0.000    clk
    W5                   IBUF (Prop_ibuf_I_O)         0.226     0.226 r  clk_IBUF_inst/O
                         net (fo=1, routed)           0.631     0.858    clk_IBUF
    BUFGCTRL_X0Y1        BUFG (Prop_bufg_I_O)         0.026     0.884 r  clk_IBUF_BUFG_inst/O
                         net (fo=236, routed)         0.669     1.553    adc_inst/clk_IBUF_BUFG
    SLICE_X3Y117         FDRE                                         r  adc_inst/data_r_reg[4]/C
  -------------------------------------------------------------------    -------------------
    SLICE_X3Y117         FDRE (Prop_fdre_C_Q)         0.141     1.694 r  adc_inst/data_r_reg[4]/Q
                         net (fo=3, routed)           0.127     1.821    adc_inst/data_o[4]
    SLICE_X2Y116         FDRE                                         r  adc_inst/data_r_reg[5]/D
  -------------------------------------------------------------------    -------------------

                         (clock sys_clk_pin rise edge)
                                                      0.000     0.000 r  
    W5                                                0.000     0.000 r  clk (IN)
                         net (fo=0)                   0.000     0.000    clk
    W5                   IBUF (Prop_ibuf_I_O)         0.414     0.414 r  clk_IBUF_inst/O
                         net (fo=1, routed)           0.685     1.099    clk_IBUF
    BUFGCTRL_X0Y1        BUFG (Prop_bufg_I_O)         0.029     1.128 r  clk_IBUF_BUFG_inst/O
                         net (fo=236, routed)         0.943     2.071    adc_inst/clk_IBUF_BUFG
    SLICE_X2Y116         FDRE                                         r  adc_inst/data_r_reg[5]/C
                         clock pessimism             -0.503     1.568    
    SLICE_X2Y116         FDRE (Hold_fdre_C_D)         0.076     1.644    adc_inst/data_r_reg[5]
  -------------------------------------------------------------------
                         required time                         -1.644    
                         arrival time                           1.821    
  -------------------------------------------------------------------
                         slack                                  0.177    

Slack (MET) :             0.183ns  (arrival time - required time)
  Source:                 disp_inst/cnt_reg[15]/C
                            (rising edge-triggered cell FDRE clocked by sys_clk_pin  {rise@0.000ns fall@5.000ns period=10.000ns})
  Destination:            disp_inst/sel_reg[1]/D
                            (rising edge-triggered cell FDRE clocked by sys_clk_pin  {rise@0.000ns fall@5.000ns period=10.000ns})
  Path Group:             sys_clk_pin
  Path Type:              Hold (Min at Fast Process Corner)
  Requirement:            0.000ns  (sys_clk_pin rise@0.000ns - sys_clk_pin rise@0.000ns)
  Data Path Delay:        0.262ns  (logic 0.141ns (53.808%)  route 0.121ns (46.192%))
  Logic Levels:           0  
  Clock Path Skew:        0.013ns (DCD - SCD - CPR)
    Destination Clock Delay (DCD):    2.069ns
    Source Clock Delay      (SCD):    1.552ns
    Clock Pessimism Removal (CPR):    0.504ns

    Location             Delay type                Incr(ns)  Path(ns)    Netlist Resource(s)
  -------------------------------------------------------------------    -------------------
                         (clock sys_clk_pin rise edge)
                                                      0.000     0.000 r  
    W5                                                0.000     0.000 r  clk (IN)
                         net (fo=0)                   0.000     0.000    clk
    W5                   IBUF (Prop_ibuf_I_O)         0.226     0.226 r  clk_IBUF_inst/O
                         net (fo=1, routed)           0.631     0.858    clk_IBUF
    BUFGCTRL_X0Y1        BUFG (Prop_bufg_I_O)         0.026     0.884 r  clk_IBUF_BUFG_inst/O
                         net (fo=236, routed)         0.668     1.552    disp_inst/clk_IBUF_BUFG
    SLICE_X1Y131         FDRE                                         r  disp_inst/cnt_reg[15]/C
  -------------------------------------------------------------------    -------------------
    SLICE_X1Y131         FDRE (Prop_fdre_C_Q)         0.141     1.693 r  disp_inst/cnt_reg[15]/Q
                         net (fo=2, routed)           0.121     1.814    disp_inst/p_0_in[1]
    SLICE_X0Y131         FDRE                                         r  disp_inst/sel_reg[1]/D
  -------------------------------------------------------------------    -------------------

                         (clock sys_clk_pin rise edge)
                                                      0.000     0.000 r  
    W5                                                0.000     0.000 r  clk (IN)
                         net (fo=0)                   0.000     0.000    clk
    W5                   IBUF (Prop_ibuf_I_O)         0.414     0.414 r  clk_IBUF_inst/O
                         net (fo=1, routed)           0.685     1.099    clk_IBUF
    BUFGCTRL_X0Y1        BUFG (Prop_bufg_I_O)         0.029     1.128 r  clk_IBUF_BUFG_inst/O
                         net (fo=236, routed)         0.941     2.069    disp_inst/clk_IBUF_BUFG
    SLICE_X0Y131         FDRE                                         r  disp_inst/sel_reg[1]/C
                         clock pessimism             -0.504     1.565    
    SLICE_X0Y131         FDRE (Hold_fdre_C_D)         0.066     1.631    disp_inst/sel_reg[1]
  -------------------------------------------------------------------
                         required time                         -1.631    
                         arrival time                           1.814    
  -------------------------------------------------------------------
                         slack                                  0.183    

Slack (MET) :             0.192ns  (arrival time - required time)
  Source:                 adc_inst/FSM_onehot_state_reg[0]/C
                            (rising edge-triggered cell FDSE clocked by sys_clk_pin  {rise@0.000ns fall@5.000ns period=10.000ns})
  Destination:            adc_inst/FSM_onehot_state_reg[1]/D
                            (rising edge-triggered cell FDRE clocked by sys_clk_pin  {rise@0.000ns fall@5.000ns period=10.000ns})
  Path Group:             sys_clk_pin
  Path Type:              Hold (Min at Fast Process Corner)
  Requirement:            0.000ns  (sys_clk_pin rise@0.000ns - sys_clk_pin rise@0.000ns)
  Data Path Delay:        0.310ns  (logic 0.189ns (60.957%)  route 0.121ns (39.043%))
  Logic Levels:           1  (LUT4=1)
  Clock Path Skew:        0.013ns (DCD - SCD - CPR)
    Destination Clock Delay (DCD):    2.063ns
    Source Clock Delay      (SCD):    1.547ns
    Clock Pessimism Removal (CPR):    0.503ns

    Location             Delay type                Incr(ns)  Path(ns)    Netlist Resource(s)
  -------------------------------------------------------------------    -------------------
                         (clock sys_clk_pin rise edge)
                                                      0.000     0.000 r  
    W5                                                0.000     0.000 r  clk (IN)
                         net (fo=0)                   0.000     0.000    clk
    W5                   IBUF (Prop_ibuf_I_O)         0.226     0.226 r  clk_IBUF_inst/O
                         net (fo=1, routed)           0.631     0.858    clk_IBUF
    BUFGCTRL_X0Y1        BUFG (Prop_bufg_I_O)         0.026     0.884 r  clk_IBUF_BUFG_inst/O
                         net (fo=236, routed)         0.663     1.547    adc_inst/clk_IBUF_BUFG
    SLICE_X0Y123         FDSE                                         r  adc_inst/FSM_onehot_state_reg[0]/C
  -------------------------------------------------------------------    -------------------
    SLICE_X0Y123         FDSE (Prop_fdse_C_Q)         0.141     1.688 r  adc_inst/FSM_onehot_state_reg[0]/Q
                         net (fo=6, routed)           0.121     1.809    adc_inst/FSM_onehot_state_reg_n_0_[0]
    SLICE_X1Y123         LUT4 (Prop_lut4_I0_O)        0.048     1.857 r  adc_inst/FSM_onehot_state[1]_i_1/O
                         net (fo=1, routed)           0.000     1.857    adc_inst/FSM_onehot_state[1]_i_1_n_0
    SLICE_X1Y123         FDRE                                         r  adc_inst/FSM_onehot_state_reg[1]/D
  -------------------------------------------------------------------    -------------------

                         (clock sys_clk_pin rise edge)
                                                      0.000     0.000 r  
    W5                                                0.000     0.000 r  clk (IN)
                         net (fo=0)                   0.000     0.000    clk
    W5                   IBUF (Prop_ibuf_I_O)         0.414     0.414 r  clk_IBUF_inst/O
                         net (fo=1, routed)           0.685     1.099    clk_IBUF
    BUFGCTRL_X0Y1        BUFG (Prop_bufg_I_O)         0.029     1.128 r  clk_IBUF_BUFG_inst/O
                         net (fo=236, routed)         0.935     2.063    adc_inst/clk_IBUF_BUFG
    SLICE_X1Y123         FDRE                                         r  adc_inst/FSM_onehot_state_reg[1]/C
                         clock pessimism             -0.503     1.560    
    SLICE_X1Y123         FDRE (Hold_fdre_C_D)         0.105     1.665    adc_inst/FSM_onehot_state_reg[1]
  -------------------------------------------------------------------
                         required time                         -1.665    
                         arrival time                           1.857    
  -------------------------------------------------------------------
                         slack                                  0.192    

Slack (MET) :             0.194ns  (arrival time - required time)
  Source:                 adc_inst/data_r_reg[2]/C
                            (rising edge-triggered cell FDRE clocked by sys_clk_pin  {rise@0.000ns fall@5.000ns period=10.000ns})
  Destination:            pulse_inst/prev_signal_reg[2]/D
                            (rising edge-triggered cell FDRE clocked by sys_clk_pin  {rise@0.000ns fall@5.000ns period=10.000ns})
  Path Group:             sys_clk_pin
  Path Type:              Hold (Min at Fast Process Corner)
  Requirement:            0.000ns  (sys_clk_pin rise@0.000ns - sys_clk_pin rise@0.000ns)
  Data Path Delay:        0.280ns  (logic 0.141ns (50.271%)  route 0.139ns (49.729%))
  Logic Levels:           0  
  Clock Path Skew:        0.016ns (DCD - SCD - CPR)
    Destination Clock Delay (DCD):    2.072ns
    Source Clock Delay      (SCD):    1.553ns
    Clock Pessimism Removal (CPR):    0.503ns

    Location             Delay type                Incr(ns)  Path(ns)    Netlist Resource(s)
  -------------------------------------------------------------------    -------------------
                         (clock sys_clk_pin rise edge)
                                                      0.000     0.000 r  
    W5                                                0.000     0.000 r  clk (IN)
                         net (fo=0)                   0.000     0.000    clk
    W5                   IBUF (Prop_ibuf_I_O)         0.226     0.226 r  clk_IBUF_inst/O
                         net (fo=1, routed)           0.631     0.858    clk_IBUF
    BUFGCTRL_X0Y1        BUFG (Prop_bufg_I_O)         0.026     0.884 r  clk_IBUF_BUFG_inst/O
                         net (fo=236, routed)         0.669     1.553    adc_inst/clk_IBUF_BUFG
    SLICE_X3Y117         FDRE                                         r  adc_inst/data_r_reg[2]/C
  -------------------------------------------------------------------    -------------------
    SLICE_X3Y117         FDRE (Prop_fdre_C_Q)         0.141     1.694 r  adc_inst/data_r_reg[2]/Q
                         net (fo=3, routed)           0.139     1.833    pulse_inst/D[2]
    SLICE_X3Y115         FDRE                                         r  pulse_inst/prev_signal_reg[2]/D
  -------------------------------------------------------------------    -------------------

                         (clock sys_clk_pin rise edge)
                                                      0.000     0.000 r  
    W5                                                0.000     0.000 r  clk (IN)
                         net (fo=0)                   0.000     0.000    clk
    W5                   IBUF (Prop_ibuf_I_O)         0.414     0.414 r  clk_IBUF_inst/O
                         net (fo=1, routed)           0.685     1.099    clk_IBUF
    BUFGCTRL_X0Y1        BUFG (Prop_bufg_I_O)         0.029     1.128 r  clk_IBUF_BUFG_inst/O
                         net (fo=236, routed)         0.944     2.072    pulse_inst/clk_IBUF_BUFG
    SLICE_X3Y115         FDRE                                         r  pulse_inst/prev_signal_reg[2]/C
                         clock pessimism             -0.503     1.569    
    SLICE_X3Y115         FDRE (Hold_fdre_C_D)         0.070     1.639    pulse_inst/prev_signal_reg[2]
  -------------------------------------------------------------------
                         required time                         -1.639    
                         arrival time                           1.833    
  -------------------------------------------------------------------
                         slack                                  0.194    

Slack (MET) :             0.206ns  (arrival time - required time)
  Source:                 pulse_inst/sample_counter_reg[0]/C
                            (rising edge-triggered cell FDRE clocked by sys_clk_pin  {rise@0.000ns fall@5.000ns period=10.000ns})
  Destination:            pulse_inst/last_beat_time_reg[0]/D
                            (rising edge-triggered cell FDRE clocked by sys_clk_pin  {rise@0.000ns fall@5.000ns period=10.000ns})
  Path Group:             sys_clk_pin
  Path Type:              Hold (Min at Fast Process Corner)
  Requirement:            0.000ns  (sys_clk_pin rise@0.000ns - sys_clk_pin rise@0.000ns)
  Data Path Delay:        0.289ns  (logic 0.141ns (48.713%)  route 0.148ns (51.287%))
  Logic Levels:           0  
  Clock Path Skew:        0.013ns (DCD - SCD - CPR)
    Destination Clock Delay (DCD):    1.984ns
    Source Clock Delay      (SCD):    1.472ns
    Clock Pessimism Removal (CPR):    0.499ns

    Location             Delay type                Incr(ns)  Path(ns)    Netlist Resource(s)
  -------------------------------------------------------------------    -------------------
                         (clock sys_clk_pin rise edge)
                                                      0.000     0.000 r  
    W5                                                0.000     0.000 r  clk (IN)
                         net (fo=0)                   0.000     0.000    clk
    W5                   IBUF (Prop_ibuf_I_O)         0.226     0.226 r  clk_IBUF_inst/O
                         net (fo=1, routed)           0.631     0.858    clk_IBUF
    BUFGCTRL_X0Y1        BUFG (Prop_bufg_I_O)         0.026     0.884 r  clk_IBUF_BUFG_inst/O
                         net (fo=236, routed)         0.589     1.472    pulse_inst/clk_IBUF_BUFG
    SLICE_X0Y84          FDRE                                         r  pulse_inst/sample_counter_reg[0]/C
  -------------------------------------------------------------------    -------------------
    SLICE_X0Y84          FDRE (Prop_fdre_C_Q)         0.141     1.613 r  pulse_inst/sample_counter_reg[0]/Q
                         net (fo=4, routed)           0.148     1.762    pulse_inst/sample_counter_reg[0]
    SLICE_X0Y83          FDRE                                         r  pulse_inst/last_beat_time_reg[0]/D
  -------------------------------------------------------------------    -------------------

                         (clock sys_clk_pin rise edge)
                                                      0.000     0.000 r  
    W5                                                0.000     0.000 r  clk (IN)
                         net (fo=0)                   0.000     0.000    clk
    W5                   IBUF (Prop_ibuf_I_O)         0.414     0.414 r  clk_IBUF_inst/O
                         net (fo=1, routed)           0.685     1.099    clk_IBUF
    BUFGCTRL_X0Y1        BUFG (Prop_bufg_I_O)         0.029     1.128 r  clk_IBUF_BUFG_inst/O
                         net (fo=236, routed)         0.856     1.984    pulse_inst/clk_IBUF_BUFG
    SLICE_X0Y83          FDRE                                         r  pulse_inst/last_beat_time_reg[0]/C
                         clock pessimism             -0.499     1.485    
    SLICE_X0Y83          FDRE (Hold_fdre_C_D)         0.070     1.555    pulse_inst/last_beat_time_reg[0]
  -------------------------------------------------------------------
                         required time                         -1.555    
                         arrival time                           1.762    
  -------------------------------------------------------------------
                         slack                                  0.206    

Slack (MET) :             0.217ns  (arrival time - required time)
  Source:                 adc_inst/cnt_reg[1]/C
                            (rising edge-triggered cell FDRE clocked by sys_clk_pin  {rise@0.000ns fall@5.000ns period=10.000ns})
  Destination:            adc_inst/cnt_reg[2]/D
                            (rising edge-triggered cell FDRE clocked by sys_clk_pin  {rise@0.000ns fall@5.000ns period=10.000ns})
  Path Group:             sys_clk_pin
  Path Type:              Hold (Min at Fast Process Corner)
  Requirement:            0.000ns  (sys_clk_pin rise@0.000ns - sys_clk_pin rise@0.000ns)
  Data Path Delay:        0.309ns  (logic 0.227ns (73.472%)  route 0.082ns (26.528%))
  Logic Levels:           1  (LUT6=1)
  Clock Path Skew:        0.000ns (DCD - SCD - CPR)
    Destination Clock Delay (DCD):    2.062ns
    Source Clock Delay      (SCD):    1.546ns
    Clock Pessimism Removal (CPR):    0.516ns

    Location             Delay type                Incr(ns)  Path(ns)    Netlist Resource(s)
  -------------------------------------------------------------------    -------------------
                         (clock sys_clk_pin rise edge)
                                                      0.000     0.000 r  
    W5                                                0.000     0.000 r  clk (IN)
                         net (fo=0)                   0.000     0.000    clk
    W5                   IBUF (Prop_ibuf_I_O)         0.226     0.226 r  clk_IBUF_inst/O
                         net (fo=1, routed)           0.631     0.858    clk_IBUF
    BUFGCTRL_X0Y1        BUFG (Prop_bufg_I_O)         0.026     0.884 r  clk_IBUF_BUFG_inst/O
                         net (fo=236, routed)         0.662     1.546    adc_inst/clk_IBUF_BUFG
    SLICE_X1Y124         FDRE                                         r  adc_inst/cnt_reg[1]/C
  -------------------------------------------------------------------    -------------------
    SLICE_X1Y124         FDRE (Prop_fdre_C_Q)         0.128     1.674 r  adc_inst/cnt_reg[1]/Q
                         net (fo=5, routed)           0.082     1.756    adc_inst/cnt_reg_n_0_[1]
    SLICE_X1Y124         LUT6 (Prop_lut6_I2_O)        0.099     1.855 r  adc_inst/cnt[2]_i_1/O
                         net (fo=1, routed)           0.000     1.855    adc_inst/cnt[2]_i_1_n_0
    SLICE_X1Y124         FDRE                                         r  adc_inst/cnt_reg[2]/D
  -------------------------------------------------------------------    -------------------

                         (clock sys_clk_pin rise edge)
                                                      0.000     0.000 r  
    W5                                                0.000     0.000 r  clk (IN)
                         net (fo=0)                   0.000     0.000    clk
    W5                   IBUF (Prop_ibuf_I_O)         0.414     0.414 r  clk_IBUF_inst/O
                         net (fo=1, routed)           0.685     1.099    clk_IBUF
    BUFGCTRL_X0Y1        BUFG (Prop_bufg_I_O)         0.029     1.128 r  clk_IBUF_BUFG_inst/O
                         net (fo=236, routed)         0.934     2.062    adc_inst/clk_IBUF_BUFG
    SLICE_X1Y124         FDRE                                         r  adc_inst/cnt_reg[2]/C
                         clock pessimism             -0.516     1.546    
    SLICE_X1Y124         FDRE (Hold_fdre_C_D)         0.092     1.638    adc_inst/cnt_reg[2]
  -------------------------------------------------------------------
                         required time                         -1.638    
                         arrival time                           1.855    
  -------------------------------------------------------------------
                         slack                                  0.217    

Slack (MET) :             0.222ns  (arrival time - required time)
  Source:                 pulse_inst/last_beat_time_reg[2]/C
                            (rising edge-triggered cell FDRE clocked by sys_clk_pin  {rise@0.000ns fall@5.000ns period=10.000ns})
  Destination:            pulse_inst/ibi_buffer_reg[0][2]/D
                            (rising edge-triggered cell FDRE clocked by sys_clk_pin  {rise@0.000ns fall@5.000ns period=10.000ns})
  Path Group:             sys_clk_pin
  Path Type:              Hold (Min at Fast Process Corner)
  Requirement:            0.000ns  (sys_clk_pin rise@0.000ns - sys_clk_pin rise@0.000ns)
  Data Path Delay:        0.337ns  (logic 0.252ns (74.793%)  route 0.085ns (25.207%))
  Logic Levels:           2  (CARRY4=1 LUT2=1)
  Clock Path Skew:        0.013ns (DCD - SCD - CPR)
    Destination Clock Delay (DCD):    1.984ns
    Source Clock Delay      (SCD):    1.471ns
    Clock Pessimism Removal (CPR):    0.500ns

    Location             Delay type                Incr(ns)  Path(ns)    Netlist Resource(s)
  -------------------------------------------------------------------    -------------------
                         (clock sys_clk_pin rise edge)
                                                      0.000     0.000 r  
    W5                                                0.000     0.000 r  clk (IN)
                         net (fo=0)                   0.000     0.000    clk
    W5                   IBUF (Prop_ibuf_I_O)         0.226     0.226 r  clk_IBUF_inst/O
                         net (fo=1, routed)           0.631     0.858    clk_IBUF
    BUFGCTRL_X0Y1        BUFG (Prop_bufg_I_O)         0.026     0.884 r  clk_IBUF_BUFG_inst/O
                         net (fo=236, routed)         0.588     1.471    pulse_inst/clk_IBUF_BUFG
    SLICE_X0Y83          FDRE                                         r  pulse_inst/last_beat_time_reg[2]/C
  -------------------------------------------------------------------    -------------------
    SLICE_X0Y83          FDRE (Prop_fdre_C_Q)         0.141     1.612 r  pulse_inst/last_beat_time_reg[2]/Q
                         net (fo=1, routed)           0.085     1.697    pulse_inst/last_beat_time_reg_n_0_[2]
    SLICE_X1Y83          LUT2 (Prop_lut2_I1_O)        0.045     1.742 r  pulse_inst/ibi_buffer[0][3]_i_3/O
                         net (fo=1, routed)           0.000     1.742    pulse_inst/ibi_buffer[0][3]_i_3_n_0
    SLICE_X1Y83          CARRY4 (Prop_carry4_S[2]_O[2])
                                                      0.066     1.808 r  pulse_inst/ibi_buffer_reg[0][3]_i_1/O[2]
                         net (fo=8, routed)           0.000     1.808    pulse_inst/last_beat_time1[2]
    SLICE_X1Y83          FDRE                                         r  pulse_inst/ibi_buffer_reg[0][2]/D
  -------------------------------------------------------------------    -------------------

                         (clock sys_clk_pin rise edge)
                                                      0.000     0.000 r  
    W5                                                0.000     0.000 r  clk (IN)
                         net (fo=0)                   0.000     0.000    clk
    W5                   IBUF (Prop_ibuf_I_O)         0.414     0.414 r  clk_IBUF_inst/O
                         net (fo=1, routed)           0.685     1.099    clk_IBUF
    BUFGCTRL_X0Y1        BUFG (Prop_bufg_I_O)         0.029     1.128 r  clk_IBUF_BUFG_inst/O
                         net (fo=236, routed)         0.856     1.984    pulse_inst/clk_IBUF_BUFG
    SLICE_X1Y83          FDRE                                         r  pulse_inst/ibi_buffer_reg[0][2]/C
                         clock pessimism             -0.500     1.484    
    SLICE_X1Y83          FDRE (Hold_fdre_C_D)         0.102     1.586    pulse_inst/ibi_buffer_reg[0][2]
  -------------------------------------------------------------------
                         required time                         -1.586    
                         arrival time                           1.808    
  -------------------------------------------------------------------
                         slack                                  0.222    

Slack (MET) :             0.223ns  (arrival time - required time)
  Source:                 clkdiv_inst/count_reg[1]/C
                            (rising edge-triggered cell FDRE clocked by sys_clk_pin  {rise@0.000ns fall@5.000ns period=10.000ns})
  Destination:            clkdiv_inst/count_reg[5]/D
                            (rising edge-triggered cell FDRE clocked by sys_clk_pin  {rise@0.000ns fall@5.000ns period=10.000ns})
  Path Group:             sys_clk_pin
  Path Type:              Hold (Min at Fast Process Corner)
  Requirement:            0.000ns  (sys_clk_pin rise@0.000ns - sys_clk_pin rise@0.000ns)
  Data Path Delay:        0.359ns  (logic 0.209ns (58.144%)  route 0.150ns (41.856%))
  Logic Levels:           1  (LUT6=1)
  Clock Path Skew:        0.015ns (DCD - SCD - CPR)
    Destination Clock Delay (DCD):    2.069ns
    Source Clock Delay      (SCD):    1.551ns
    Clock Pessimism Removal (CPR):    0.503ns

    Location             Delay type                Incr(ns)  Path(ns)    Netlist Resource(s)
  -------------------------------------------------------------------    -------------------
                         (clock sys_clk_pin rise edge)
                                                      0.000     0.000 r  
    W5                                                0.000     0.000 r  clk (IN)
                         net (fo=0)                   0.000     0.000    clk
    W5                   IBUF (Prop_ibuf_I_O)         0.226     0.226 r  clk_IBUF_inst/O
                         net (fo=1, routed)           0.631     0.858    clk_IBUF
    BUFGCTRL_X0Y1        BUFG (Prop_bufg_I_O)         0.026     0.884 r  clk_IBUF_BUFG_inst/O
                         net (fo=236, routed)         0.667     1.551    clkdiv_inst/clk_IBUF_BUFG
    SLICE_X2Y119         FDRE                                         r  clkdiv_inst/count_reg[1]/C
  -------------------------------------------------------------------    -------------------
    SLICE_X2Y119         FDRE (Prop_fdre_C_Q)         0.164     1.715 r  clkdiv_inst/count_reg[1]/Q
                         net (fo=8, routed)           0.150     1.865    clkdiv_inst/count_reg[1]
    SLICE_X2Y118         LUT6 (Prop_lut6_I1_O)        0.045     1.910 r  clkdiv_inst/count[5]_i_1__0/O
                         net (fo=1, routed)           0.000     1.910    clkdiv_inst/count[5]_i_1__0_n_0
    SLICE_X2Y118         FDRE                                         r  clkdiv_inst/count_reg[5]/D
  -------------------------------------------------------------------    -------------------

                         (clock sys_clk_pin rise edge)
                                                      0.000     0.000 r  
    W5                                                0.000     0.000 r  clk (IN)
                         net (fo=0)                   0.000     0.000    clk
    W5                   IBUF (Prop_ibuf_I_O)         0.414     0.414 r  clk_IBUF_inst/O
                         net (fo=1, routed)           0.685     1.099    clk_IBUF
    BUFGCTRL_X0Y1        BUFG (Prop_bufg_I_O)         0.029     1.128 r  clk_IBUF_BUFG_inst/O
                         net (fo=236, routed)         0.941     2.069    clkdiv_inst/clk_IBUF_BUFG
    SLICE_X2Y118         FDRE                                         r  clkdiv_inst/count_reg[5]/C
                         clock pessimism             -0.503     1.566    
    SLICE_X2Y118         FDRE (Hold_fdre_C_D)         0.121     1.687    clkdiv_inst/count_reg[5]
  -------------------------------------------------------------------
                         required time                         -1.687    
                         arrival time                           1.910    
  -------------------------------------------------------------------
                         slack                                  0.223    

Slack (MET) :             0.224ns  (arrival time - required time)
  Source:                 pulse_inst/sample_counter_reg[10]/C
                            (rising edge-triggered cell FDRE clocked by sys_clk_pin  {rise@0.000ns fall@5.000ns period=10.000ns})
  Destination:            pulse_inst/last_beat_time_reg[10]/D
                            (rising edge-triggered cell FDRE clocked by sys_clk_pin  {rise@0.000ns fall@5.000ns period=10.000ns})
  Path Group:             sys_clk_pin
  Path Type:              Hold (Min at Fast Process Corner)
  Requirement:            0.000ns  (sys_clk_pin rise@0.000ns - sys_clk_pin rise@0.000ns)
  Data Path Delay:        0.286ns  (logic 0.141ns (49.268%)  route 0.145ns (50.732%))
  Logic Levels:           0  
  Clock Path Skew:        0.016ns (DCD - SCD - CPR)
    Destination Clock Delay (DCD):    1.987ns
    Source Clock Delay      (SCD):    1.472ns
    Clock Pessimism Removal (CPR):    0.499ns

    Location             Delay type                Incr(ns)  Path(ns)    Netlist Resource(s)
  -------------------------------------------------------------------    -------------------
                         (clock sys_clk_pin rise edge)
                                                      0.000     0.000 r  
    W5                                                0.000     0.000 r  clk (IN)
                         net (fo=0)                   0.000     0.000    clk
    W5                   IBUF (Prop_ibuf_I_O)         0.226     0.226 r  clk_IBUF_inst/O
                         net (fo=1, routed)           0.631     0.858    clk_IBUF
    BUFGCTRL_X0Y1        BUFG (Prop_bufg_I_O)         0.026     0.884 r  clk_IBUF_BUFG_inst/O
                         net (fo=236, routed)         0.589     1.472    pulse_inst/clk_IBUF_BUFG
    SLICE_X0Y86          FDRE                                         r  pulse_inst/sample_counter_reg[10]/C
  -------------------------------------------------------------------    -------------------
    SLICE_X0Y86          FDRE (Prop_fdre_C_Q)         0.141     1.613 r  pulse_inst/sample_counter_reg[10]/Q
                         net (fo=4, routed)           0.145     1.758    pulse_inst/sample_counter_reg[10]
    SLICE_X1Y87          FDRE                                         r  pulse_inst/last_beat_time_reg[10]/D
  -------------------------------------------------------------------    -------------------

                         (clock sys_clk_pin rise edge)
                                                      0.000     0.000 r  
    W5                                                0.000     0.000 r  clk (IN)
                         net (fo=0)                   0.000     0.000    clk
    W5                   IBUF (Prop_ibuf_I_O)         0.414     0.414 r  clk_IBUF_inst/O
                         net (fo=1, routed)           0.685     1.099    clk_IBUF
    BUFGCTRL_X0Y1        BUFG (Prop_bufg_I_O)         0.029     1.128 r  clk_IBUF_BUFG_inst/O
                         net (fo=236, routed)         0.859     1.987    pulse_inst/clk_IBUF_BUFG
    SLICE_X1Y87          FDRE                                         r  pulse_inst/last_beat_time_reg[10]/C
                         clock pessimism             -0.499     1.488    
    SLICE_X1Y87          FDRE (Hold_fdre_C_D)         0.046     1.534    pulse_inst/last_beat_time_reg[10]
  -------------------------------------------------------------------
                         required time                         -1.534    
                         arrival time                           1.758    
  -------------------------------------------------------------------
                         slack                                  0.224    





Pulse Width Checks
--------------------------------------------------------------------------------------
Clock Name:         sys_clk_pin
Waveform(ns):       { 0.000 5.000 }
Period(ns):         10.000
Sources:            { clk }

Check Type        Corner  Lib Pin  Reference Pin  Required(ns)  Actual(ns)  Slack(ns)  Location       Pin
Min Period        n/a     BUFG/I   n/a            2.155         10.000      7.845      BUFGCTRL_X0Y1  clk_IBUF_BUFG_inst/I
Min Period        n/a     FDRE/C   n/a            1.000         10.000      9.000      SLICE_X5Y134   bpm_disp_reg[0]/C
Min Period        n/a     FDRE/C   n/a            1.000         10.000      9.000      SLICE_X4Y133   bpm_disp_reg[10]/C
Min Period        n/a     FDRE/C   n/a            1.000         10.000      9.000      SLICE_X6Y134   bpm_disp_reg[11]/C
Min Period        n/a     FDRE/C   n/a            1.000         10.000      9.000      SLICE_X5Y134   bpm_disp_reg[12]/C
Min Period        n/a     FDRE/C   n/a            1.000         10.000      9.000      SLICE_X5Y134   bpm_disp_reg[13]/C
Min Period        n/a     FDRE/C   n/a            1.000         10.000      9.000      SLICE_X5Y134   bpm_disp_reg[14]/C
Min Period        n/a     FDRE/C   n/a            1.000         10.000      9.000      SLICE_X6Y134   bpm_disp_reg[15]/C
Min Period        n/a     FDRE/C   n/a            1.000         10.000      9.000      SLICE_X6Y133   bpm_disp_reg[1]/C
Min Period        n/a     FDRE/C   n/a            1.000         10.000      9.000      SLICE_X6Y133   bpm_disp_reg[2]/C
Low Pulse Width   Slow    FDRE/C   n/a            0.500         5.000       4.500      SLICE_X5Y134   bpm_disp_reg[0]/C
Low Pulse Width   Fast    FDRE/C   n/a            0.500         5.000       4.500      SLICE_X5Y134   bpm_disp_reg[0]/C
Low Pulse Width   Slow    FDRE/C   n/a            0.500         5.000       4.500      SLICE_X4Y133   bpm_disp_reg[10]/C
Low Pulse Width   Fast    FDRE/C   n/a            0.500         5.000       4.500      SLICE_X4Y133   bpm_disp_reg[10]/C
Low Pulse Width   Slow    FDRE/C   n/a            0.500         5.000       4.500      SLICE_X6Y134   bpm_disp_reg[11]/C
Low Pulse Width   Fast    FDRE/C   n/a            0.500         5.000       4.500      SLICE_X6Y134   bpm_disp_reg[11]/C
Low Pulse Width   Slow    FDRE/C   n/a            0.500         5.000       4.500      SLICE_X5Y134   bpm_disp_reg[12]/C
Low Pulse Width   Fast    FDRE/C   n/a            0.500         5.000       4.500      SLICE_X5Y134   bpm_disp_reg[12]/C
Low Pulse Width   Slow    FDRE/C   n/a            0.500         5.000       4.500      SLICE_X5Y134   bpm_disp_reg[13]/C
Low Pulse Width   Fast    FDRE/C   n/a            0.500         5.000       4.500      SLICE_X5Y134   bpm_disp_reg[13]/C
High Pulse Width  Slow    FDRE/C   n/a            0.500         5.000       4.500      SLICE_X5Y134   bpm_disp_reg[0]/C
High Pulse Width  Fast    FDRE/C   n/a            0.500         5.000       4.500      SLICE_X5Y134   bpm_disp_reg[0]/C
High Pulse Width  Slow    FDRE/C   n/a            0.500         5.000       4.500      SLICE_X4Y133   bpm_disp_reg[10]/C
High Pulse Width  Fast    FDRE/C   n/a            0.500         5.000       4.500      SLICE_X4Y133   bpm_disp_reg[10]/C
High Pulse Width  Slow    FDRE/C   n/a            0.500         5.000       4.500      SLICE_X6Y134   bpm_disp_reg[11]/C
High Pulse Width  Fast    FDRE/C   n/a            0.500         5.000       4.500      SLICE_X6Y134   bpm_disp_reg[11]/C
High Pulse Width  Slow    FDRE/C   n/a            0.500         5.000       4.500      SLICE_X5Y134   bpm_disp_reg[12]/C
High Pulse Width  Fast    FDRE/C   n/a            0.500         5.000       4.500      SLICE_X5Y134   bpm_disp_reg[12]/C
High Pulse Width  Slow    FDRE/C   n/a            0.500         5.000       4.500      SLICE_X5Y134   bpm_disp_reg[13]/C
High Pulse Width  Fast    FDRE/C   n/a            0.500         5.000       4.500      SLICE_X5Y134   bpm_disp_reg[13]/C



--------------------------------------------------------------------------------------
Path Group:  (none)
From Clock:  
  To Clock:  

Max Delay           570 Endpoints
Min Delay           570 Endpoints
--------------------------------------------------------------------------------------


Max Delay Paths
--------------------------------------------------------------------------------------
Slack:                    inf
  Source:                 U3/dataOut_reg[15]/C
                            (rising edge-triggered cell FDRE)
  Destination:            a_to_g[2]
                            (output port)
  Path Group:             (none)
  Path Type:              Max at Slow Process Corner
  Data Path Delay:        13.890ns  (logic 5.134ns (36.962%)  route 8.756ns (63.038%))
  Logic Levels:           9  (FDRE=1 LUT4=2 LUT5=2 LUT6=3 OBUF=1)

    Location             Delay type                Incr(ns)  Path(ns)    Netlist Resource(s)
  -------------------------------------------------------------------    -------------------
    SLICE_X64Y48         FDRE                         0.000     0.000 r  U3/dataOut_reg[15]/C
    SLICE_X64Y48         FDRE (Prop_fdre_C_Q)         0.518     0.518 r  U3/dataOut_reg[15]/Q
                         net (fo=8, routed)           0.986     1.504    U3/DATA16[15]
    SLICE_X64Y47         LUT6 (Prop_lut6_I2_O)        0.124     1.628 r  U3/a_to_g_OBUF[6]_inst_i_35/O
                         net (fo=9, routed)           1.135     2.763    U3/a_to_g_OBUF[6]_inst_i_35_n_0
    SLICE_X63Y45         LUT5 (Prop_lut5_I2_O)        0.124     2.887 r  U3/a_to_g_OBUF[6]_inst_i_29/O
                         net (fo=5, routed)           0.852     3.739    U3/a_to_g_OBUF[6]_inst_i_29_n_0
    SLICE_X62Y46         LUT5 (Prop_lut5_I0_O)        0.124     3.863 r  U3/a_to_g_OBUF[6]_inst_i_28/O
                         net (fo=3, routed)           0.796     4.658    U3/a_to_g_OBUF[6]_inst_i_28_n_0
    SLICE_X62Y44         LUT4 (Prop_lut4_I0_O)        0.150     4.808 r  U3/a_to_g_OBUF[6]_inst_i_21/O
                         net (fo=1, routed)           0.688     5.496    U3/a_to_g_OBUF[6]_inst_i_21_n_0
    SLICE_X62Y44         LUT6 (Prop_lut6_I0_O)        0.326     5.822 f  U3/a_to_g_OBUF[6]_inst_i_7/O
                         net (fo=1, routed)           0.808     6.630    U3/a_to_g_OBUF[6]_inst_i_7_n_0
    SLICE_X62Y43         LUT6 (Prop_lut6_I1_O)        0.124     6.754 f  U3/a_to_g_OBUF[6]_inst_i_2/O
                         net (fo=7, routed)           0.831     7.585    U3/U5/sel0[3]
    SLICE_X64Y43         LUT4 (Prop_lut4_I0_O)        0.124     7.709 r  U3/a_to_g_OBUF[2]_inst_i_1/O
                         net (fo=1, routed)           2.661    10.370    a_to_g_OBUF[2]
    U5                   OBUF (Prop_obuf_I_O)         3.520    13.890 r  a_to_g_OBUF[2]_inst/O
                         net (fo=0)                   0.000    13.890    a_to_g[2]
    U5                                                                r  a_to_g[2] (OUT)
  -------------------------------------------------------------------    -------------------

Slack:                    inf
  Source:                 U3/dataOut_reg[15]/C
                            (rising edge-triggered cell FDRE)
  Destination:            a_to_g[3]
                            (output port)
  Path Group:             (none)
  Path Type:              Max at Slow Process Corner
  Data Path Delay:        13.841ns  (logic 5.386ns (38.911%)  route 8.455ns (61.089%))
  Logic Levels:           9  (FDRE=1 LUT4=2 LUT5=2 LUT6=3 OBUF=1)

    Location             Delay type                Incr(ns)  Path(ns)    Netlist Resource(s)
  -------------------------------------------------------------------    -------------------
    SLICE_X64Y48         FDRE                         0.000     0.000 r  U3/dataOut_reg[15]/C
    SLICE_X64Y48         FDRE (Prop_fdre_C_Q)         0.518     0.518 r  U3/dataOut_reg[15]/Q
                         net (fo=8, routed)           0.986     1.504    U3/DATA16[15]
    SLICE_X64Y47         LUT6 (Prop_lut6_I2_O)        0.124     1.628 r  U3/a_to_g_OBUF[6]_inst_i_35/O
                         net (fo=9, routed)           1.135     2.763    U3/a_to_g_OBUF[6]_inst_i_35_n_0
    SLICE_X63Y45         LUT5 (Prop_lut5_I2_O)        0.124     2.887 r  U3/a_to_g_OBUF[6]_inst_i_29/O
                         net (fo=5, routed)           0.852     3.739    U3/a_to_g_OBUF[6]_inst_i_29_n_0
    SLICE_X62Y46         LUT5 (Prop_lut5_I0_O)        0.124     3.863 r  U3/a_to_g_OBUF[6]_inst_i_28/O
                         net (fo=3, routed)           0.796     4.658    U3/a_to_g_OBUF[6]_inst_i_28_n_0
    SLICE_X62Y44         LUT4 (Prop_lut4_I0_O)        0.150     4.808 r  U3/a_to_g_OBUF[6]_inst_i_21/O
                         net (fo=1, routed)           0.688     5.496    U3/a_to_g_OBUF[6]_inst_i_21_n_0
    SLICE_X62Y44         LUT6 (Prop_lut6_I0_O)        0.326     5.822 r  U3/a_to_g_OBUF[6]_inst_i_7/O
                         net (fo=1, routed)           0.808     6.630    U3/a_to_g_OBUF[6]_inst_i_7_n_0
    SLICE_X62Y43         LUT6 (Prop_lut6_I1_O)        0.124     6.754 r  U3/a_to_g_OBUF[6]_inst_i_2/O
                         net (fo=7, routed)           0.831     7.585    U3/U5/sel0[3]
    SLICE_X64Y43         LUT4 (Prop_lut4_I0_O)        0.153     7.738 r  U3/a_to_g_OBUF[3]_inst_i_1/O
                         net (fo=1, routed)           2.360    10.098    a_to_g_OBUF[3]
    V8                   OBUF (Prop_obuf_I_O)         3.743    13.841 r  a_to_g_OBUF[3]_inst/O
                         net (fo=0)                   0.000    13.841    a_to_g[3]
    V8                                                                r  a_to_g[3] (OUT)
  -------------------------------------------------------------------    -------------------

Slack:                    inf
  Source:                 U3/dataOut_reg[15]/C
                            (rising edge-triggered cell FDRE)
  Destination:            a_to_g[4]
                            (output port)
  Path Group:             (none)
  Path Type:              Max at Slow Process Corner
  Data Path Delay:        13.810ns  (logic 5.149ns (37.284%)  route 8.661ns (62.716%))
  Logic Levels:           9  (FDRE=1 LUT4=2 LUT5=2 LUT6=3 OBUF=1)

    Location             Delay type                Incr(ns)  Path(ns)    Netlist Resource(s)
  -------------------------------------------------------------------    -------------------
    SLICE_X64Y48         FDRE                         0.000     0.000 r  U3/dataOut_reg[15]/C
    SLICE_X64Y48         FDRE (Prop_fdre_C_Q)         0.518     0.518 r  U3/dataOut_reg[15]/Q
                         net (fo=8, routed)           0.986     1.504    U3/DATA16[15]
    SLICE_X64Y47         LUT6 (Prop_lut6_I2_O)        0.124     1.628 r  U3/a_to_g_OBUF[6]_inst_i_35/O
                         net (fo=9, routed)           1.135     2.763    U3/a_to_g_OBUF[6]_inst_i_35_n_0
    SLICE_X63Y45         LUT5 (Prop_lut5_I2_O)        0.124     2.887 r  U3/a_to_g_OBUF[6]_inst_i_29/O
                         net (fo=5, routed)           0.852     3.739    U3/a_to_g_OBUF[6]_inst_i_29_n_0
    SLICE_X62Y46         LUT5 (Prop_lut5_I0_O)        0.124     3.863 r  U3/a_to_g_OBUF[6]_inst_i_28/O
                         net (fo=3, routed)           0.796     4.658    U3/a_to_g_OBUF[6]_inst_i_28_n_0
    SLICE_X62Y44         LUT4 (Prop_lut4_I0_O)        0.150     4.808 r  U3/a_to_g_OBUF[6]_inst_i_21/O
                         net (fo=1, routed)           0.688     5.496    U3/a_to_g_OBUF[6]_inst_i_21_n_0
    SLICE_X62Y44         LUT6 (Prop_lut6_I0_O)        0.326     5.822 r  U3/a_to_g_OBUF[6]_inst_i_7/O
                         net (fo=1, routed)           0.808     6.630    U3/a_to_g_OBUF[6]_inst_i_7_n_0
    SLICE_X62Y43         LUT6 (Prop_lut6_I1_O)        0.124     6.754 r  U3/a_to_g_OBUF[6]_inst_i_2/O
                         net (fo=7, routed)           0.850     7.604    U3/U5/sel0[3]
    SLICE_X64Y43         LUT4 (Prop_lut4_I2_O)        0.124     7.728 r  U3/a_to_g_OBUF[4]_inst_i_1/O
                         net (fo=1, routed)           2.547    10.275    a_to_g_OBUF[4]
    U8                   OBUF (Prop_obuf_I_O)         3.535    13.810 r  a_to_g_OBUF[4]_inst/O
                         net (fo=0)                   0.000    13.810    a_to_g[4]
    U8                                                                r  a_to_g[4] (OUT)
  -------------------------------------------------------------------    -------------------

Slack:                    inf
  Source:                 U3/dataOut_reg[15]/C
                            (rising edge-triggered cell FDRE)
  Destination:            a_to_g[0]
                            (output port)
  Path Group:             (none)
  Path Type:              Max at Slow Process Corner
  Data Path Delay:        13.705ns  (logic 5.145ns (37.544%)  route 8.560ns (62.456%))
  Logic Levels:           9  (FDRE=1 LUT4=2 LUT5=2 LUT6=3 OBUF=1)

    Location             Delay type                Incr(ns)  Path(ns)    Netlist Resource(s)
  -------------------------------------------------------------------    -------------------
    SLICE_X64Y48         FDRE                         0.000     0.000 r  U3/dataOut_reg[15]/C
    SLICE_X64Y48         FDRE (Prop_fdre_C_Q)         0.518     0.518 r  U3/dataOut_reg[15]/Q
                         net (fo=8, routed)           0.986     1.504    U3/DATA16[15]
    SLICE_X64Y47         LUT6 (Prop_lut6_I2_O)        0.124     1.628 r  U3/a_to_g_OBUF[6]_inst_i_35/O
                         net (fo=9, routed)           1.135     2.763    U3/a_to_g_OBUF[6]_inst_i_35_n_0
    SLICE_X63Y45         LUT5 (Prop_lut5_I2_O)        0.124     2.887 r  U3/a_to_g_OBUF[6]_inst_i_29/O
                         net (fo=5, routed)           0.852     3.739    U3/a_to_g_OBUF[6]_inst_i_29_n_0
    SLICE_X62Y46         LUT5 (Prop_lut5_I0_O)        0.124     3.863 r  U3/a_to_g_OBUF[6]_inst_i_28/O
                         net (fo=3, routed)           0.796     4.658    U3/a_to_g_OBUF[6]_inst_i_28_n_0
    SLICE_X62Y44         LUT4 (Prop_lut4_I0_O)        0.150     4.808 r  U3/a_to_g_OBUF[6]_inst_i_21/O
                         net (fo=1, routed)           0.688     5.496    U3/a_to_g_OBUF[6]_inst_i_21_n_0
    SLICE_X62Y44         LUT6 (Prop_lut6_I0_O)        0.326     5.822 r  U3/a_to_g_OBUF[6]_inst_i_7/O
                         net (fo=1, routed)           0.808     6.630    U3/a_to_g_OBUF[6]_inst_i_7_n_0
    SLICE_X62Y43         LUT6 (Prop_lut6_I1_O)        0.124     6.754 r  U3/a_to_g_OBUF[6]_inst_i_2/O
                         net (fo=7, routed)           0.436     7.190    U3/U5/sel0[3]
    SLICE_X64Y43         LUT4 (Prop_lut4_I0_O)        0.124     7.314 r  U3/a_to_g_OBUF[0]_inst_i_1/O
                         net (fo=1, routed)           2.860    10.174    a_to_g_OBUF[0]
    U7                   OBUF (Prop_obuf_I_O)         3.531    13.705 r  a_to_g_OBUF[0]_inst/O
                         net (fo=0)                   0.000    13.705    a_to_g[0]
    U7                                                                r  a_to_g[0] (OUT)
  -------------------------------------------------------------------    -------------------

Slack:                    inf
  Source:                 U3/dataOut_reg[15]/C
                            (rising edge-triggered cell FDRE)
  Destination:            a_to_g[5]
                            (output port)
  Path Group:             (none)
  Path Type:              Max at Slow Process Corner
  Data Path Delay:        13.524ns  (logic 5.360ns (39.636%)  route 8.163ns (60.364%))
  Logic Levels:           9  (FDRE=1 LUT4=2 LUT5=2 LUT6=3 OBUF=1)

    Location             Delay type                Incr(ns)  Path(ns)    Netlist Resource(s)
  -------------------------------------------------------------------    -------------------
    SLICE_X64Y48         FDRE                         0.000     0.000 r  U3/dataOut_reg[15]/C
    SLICE_X64Y48         FDRE (Prop_fdre_C_Q)         0.518     0.518 r  U3/dataOut_reg[15]/Q
                         net (fo=8, routed)           0.986     1.504    U3/DATA16[15]
    SLICE_X64Y47         LUT6 (Prop_lut6_I2_O)        0.124     1.628 r  U3/a_to_g_OBUF[6]_inst_i_35/O
                         net (fo=9, routed)           1.135     2.763    U3/a_to_g_OBUF[6]_inst_i_35_n_0
    SLICE_X63Y45         LUT5 (Prop_lut5_I2_O)        0.124     2.887 r  U3/a_to_g_OBUF[6]_inst_i_29/O
                         net (fo=5, routed)           0.852     3.739    U3/a_to_g_OBUF[6]_inst_i_29_n_0
    SLICE_X62Y46         LUT5 (Prop_lut5_I0_O)        0.124     3.863 r  U3/a_to_g_OBUF[6]_inst_i_28/O
                         net (fo=3, routed)           0.796     4.658    U3/a_to_g_OBUF[6]_inst_i_28_n_0
    SLICE_X62Y44         LUT4 (Prop_lut4_I0_O)        0.150     4.808 r  U3/a_to_g_OBUF[6]_inst_i_21/O
                         net (fo=1, routed)           0.688     5.496    U3/a_to_g_OBUF[6]_inst_i_21_n_0
    SLICE_X62Y44         LUT6 (Prop_lut6_I0_O)        0.326     5.822 r  U3/a_to_g_OBUF[6]_inst_i_7/O
                         net (fo=1, routed)           0.808     6.630    U3/a_to_g_OBUF[6]_inst_i_7_n_0
    SLICE_X62Y43         LUT6 (Prop_lut6_I1_O)        0.124     6.754 r  U3/a_to_g_OBUF[6]_inst_i_2/O
                         net (fo=7, routed)           0.447     7.201    U3/U5/sel0[3]
    SLICE_X64Y43         LUT4 (Prop_lut4_I0_O)        0.117     7.318 r  U3/a_to_g_OBUF[5]_inst_i_1/O
                         net (fo=1, routed)           2.453     9.770    a_to_g_OBUF[5]
    W6                   OBUF (Prop_obuf_I_O)         3.753    13.524 r  a_to_g_OBUF[5]_inst/O
                         net (fo=0)                   0.000    13.524    a_to_g[5]
    W6                                                                r  a_to_g[5] (OUT)
  -------------------------------------------------------------------    -------------------

Slack:                    inf
  Source:                 U3/dataOut_reg[15]/C
                            (rising edge-triggered cell FDRE)
  Destination:            a_to_g[1]
                            (output port)
  Path Group:             (none)
  Path Type:              Max at Slow Process Corner
  Data Path Delay:        13.347ns  (logic 5.118ns (38.347%)  route 8.229ns (61.653%))
  Logic Levels:           9  (FDRE=1 LUT4=2 LUT5=2 LUT6=3 OBUF=1)

    Location             Delay type                Incr(ns)  Path(ns)    Netlist Resource(s)
  -------------------------------------------------------------------    -------------------
    SLICE_X64Y48         FDRE                         0.000     0.000 r  U3/dataOut_reg[15]/C
    SLICE_X64Y48         FDRE (Prop_fdre_C_Q)         0.518     0.518 r  U3/dataOut_reg[15]/Q
                         net (fo=8, routed)           0.986     1.504    U3/DATA16[15]
    SLICE_X64Y47         LUT6 (Prop_lut6_I2_O)        0.124     1.628 r  U3/a_to_g_OBUF[6]_inst_i_35/O
                         net (fo=9, routed)           1.135     2.763    U3/a_to_g_OBUF[6]_inst_i_35_n_0
    SLICE_X63Y45         LUT5 (Prop_lut5_I2_O)        0.124     2.887 r  U3/a_to_g_OBUF[6]_inst_i_29/O
                         net (fo=5, routed)           0.852     3.739    U3/a_to_g_OBUF[6]_inst_i_29_n_0
    SLICE_X62Y46         LUT5 (Prop_lut5_I0_O)        0.124     3.863 r  U3/a_to_g_OBUF[6]_inst_i_28/O
                         net (fo=3, routed)           0.796     4.658    U3/a_to_g_OBUF[6]_inst_i_28_n_0
    SLICE_X62Y44         LUT4 (Prop_lut4_I0_O)        0.150     4.808 r  U3/a_to_g_OBUF[6]_inst_i_21/O
                         net (fo=1, routed)           0.688     5.496    U3/a_to_g_OBUF[6]_inst_i_21_n_0
    SLICE_X62Y44         LUT6 (Prop_lut6_I0_O)        0.326     5.822 r  U3/a_to_g_OBUF[6]_inst_i_7/O
                         net (fo=1, routed)           0.808     6.630    U3/a_to_g_OBUF[6]_inst_i_7_n_0
    SLICE_X62Y43         LUT6 (Prop_lut6_I1_O)        0.124     6.754 r  U3/a_to_g_OBUF[6]_inst_i_2/O
                         net (fo=7, routed)           0.447     7.201    U3/U5/sel0[3]
    SLICE_X64Y43         LUT4 (Prop_lut4_I2_O)        0.124     7.325 r  U3/a_to_g_OBUF[1]_inst_i_1/O
                         net (fo=1, routed)           2.518     9.843    a_to_g_OBUF[1]
    V5                   OBUF (Prop_obuf_I_O)         3.504    13.347 r  a_to_g_OBUF[1]_inst/O
                         net (fo=0)                   0.000    13.347    a_to_g[1]
    V5                                                                r  a_to_g[1] (OUT)
  -------------------------------------------------------------------    -------------------

Slack:                    inf
  Source:                 U3/dataOut_reg[15]/C
                            (rising edge-triggered cell FDRE)
  Destination:            a_to_g[6]
                            (output port)
  Path Group:             (none)
  Path Type:              Max at Slow Process Corner
  Data Path Delay:        13.345ns  (logic 5.321ns (39.871%)  route 8.024ns (60.129%))
  Logic Levels:           9  (FDRE=1 LUT4=2 LUT5=2 LUT6=3 OBUF=1)

    Location             Delay type                Incr(ns)  Path(ns)    Netlist Resource(s)
  -------------------------------------------------------------------    -------------------
    SLICE_X64Y48         FDRE                         0.000     0.000 r  U3/dataOut_reg[15]/C
    SLICE_X64Y48         FDRE (Prop_fdre_C_Q)         0.518     0.518 r  U3/dataOut_reg[15]/Q
                         net (fo=8, routed)           0.986     1.504    U3/DATA16[15]
    SLICE_X64Y47         LUT6 (Prop_lut6_I2_O)        0.124     1.628 r  U3/a_to_g_OBUF[6]_inst_i_35/O
                         net (fo=9, routed)           1.135     2.763    U3/a_to_g_OBUF[6]_inst_i_35_n_0
    SLICE_X63Y45         LUT5 (Prop_lut5_I2_O)        0.124     2.887 r  U3/a_to_g_OBUF[6]_inst_i_29/O
                         net (fo=5, routed)           0.852     3.739    U3/a_to_g_OBUF[6]_inst_i_29_n_0
    SLICE_X62Y46         LUT5 (Prop_lut5_I0_O)        0.124     3.863 r  U3/a_to_g_OBUF[6]_inst_i_28/O
                         net (fo=3, routed)           0.796     4.658    U3/a_to_g_OBUF[6]_inst_i_28_n_0
    SLICE_X62Y44         LUT4 (Prop_lut4_I0_O)        0.150     4.808 r  U3/a_to_g_OBUF[6]_inst_i_21/O
                         net (fo=1, routed)           0.688     5.496    U3/a_to_g_OBUF[6]_inst_i_21_n_0
    SLICE_X62Y44         LUT6 (Prop_lut6_I0_O)        0.326     5.822 r  U3/a_to_g_OBUF[6]_inst_i_7/O
                         net (fo=1, routed)           0.808     6.630    U3/a_to_g_OBUF[6]_inst_i_7_n_0
    SLICE_X62Y43         LUT6 (Prop_lut6_I1_O)        0.124     6.754 r  U3/a_to_g_OBUF[6]_inst_i_2/O
                         net (fo=7, routed)           0.436     7.190    U3/U5/sel0[3]
    SLICE_X64Y43         LUT4 (Prop_lut4_I0_O)        0.116     7.306 r  U3/a_to_g_OBUF[6]_inst_i_1/O
                         net (fo=1, routed)           2.324     9.630    a_to_g_OBUF[6]
    W7                   OBUF (Prop_obuf_I_O)         3.715    13.345 r  a_to_g_OBUF[6]_inst/O
                         net (fo=0)                   0.000    13.345    a_to_g[6]
    W7                                                                r  a_to_g[6] (OUT)
  -------------------------------------------------------------------    -------------------

Slack:                    inf
  Source:                 U3/dataOut_reg[5]/C
                            (rising edge-triggered cell FDSE)
  Destination:            LEDTER[1]
                            (output port)
  Path Group:             (none)
  Path Type:              Max at Slow Process Corner
  Data Path Delay:        9.401ns  (logic 4.411ns (46.925%)  route 4.989ns (53.075%))
  Logic Levels:           4  (FDSE=1 LUT5=1 LUT6=1 OBUF=1)

    Location             Delay type                Incr(ns)  Path(ns)    Netlist Resource(s)
  -------------------------------------------------------------------    -------------------
    SLICE_X63Y47         FDSE                         0.000     0.000 r  U3/dataOut_reg[5]/C
    SLICE_X63Y47         FDSE (Prop_fdse_C_Q)         0.456     0.456 r  U3/dataOut_reg[5]/Q
                         net (fo=7, routed)           1.755     2.211    U3/DATA16[5]
    SLICE_X63Y47         LUT6 (Prop_lut6_I1_O)        0.124     2.335 f  U3/LEDTER_OBUF[2]_inst_i_1/O
                         net (fo=2, routed)           0.488     2.822    U3/LEDTER_OBUF[2]
    SLICE_X63Y47         LUT5 (Prop_lut5_I4_O)        0.118     2.940 r  U3/LEDTER_OBUF[1]_inst_i_1/O
                         net (fo=1, routed)           2.747     5.687    LEDTER_OBUF[1]
    M1                   OBUF (Prop_obuf_I_O)         3.713     9.401 r  LEDTER_OBUF[1]_inst/O
                         net (fo=0)                   0.000     9.401    LEDTER[1]
    M1                                                                r  LEDTER[1] (OUT)
  -------------------------------------------------------------------    -------------------

Slack:                    inf
  Source:                 U3/dataOut_reg[9]/C
                            (rising edge-triggered cell FDSE)
  Destination:            LEDTER[0]
                            (output port)
  Path Group:             (none)
  Path Type:              Max at Slow Process Corner
  Data Path Delay:        9.221ns  (logic 4.349ns (47.158%)  route 4.873ns (52.842%))
  Logic Levels:           4  (FDSE=1 LUT4=1 LUT6=1 OBUF=1)

    Location             Delay type                Incr(ns)  Path(ns)    Netlist Resource(s)
  -------------------------------------------------------------------    -------------------
    SLICE_X63Y47         FDSE                         0.000     0.000 r  U3/dataOut_reg[9]/C
    SLICE_X63Y47         FDSE (Prop_fdse_C_Q)         0.419     0.419 f  U3/dataOut_reg[9]/Q
                         net (fo=13, routed)          1.155     1.574    U3/DATA16[9]
    SLICE_X63Y45         LUT6 (Prop_lut6_I5_O)        0.296     1.870 f  U3/LEDTER_OBUF[1]_inst_i_2/O
                         net (fo=2, routed)           0.844     2.714    U3/LEDTER_OBUF[1]_inst_i_2_n_0
    SLICE_X63Y47         LUT4 (Prop_lut4_I2_O)        0.124     2.838 r  U3/LEDTER_OBUF[0]_inst_i_1/O
                         net (fo=1, routed)           2.874     5.712    LEDTER_OBUF[0]
    N1                   OBUF (Prop_obuf_I_O)         3.510     9.221 r  LEDTER_OBUF[0]_inst/O
                         net (fo=0)                   0.000     9.221    LEDTER[0]
    N1                                                                r  LEDTER[0] (OUT)
  -------------------------------------------------------------------    -------------------

Slack:                    inf
  Source:                 U3/dataOut_reg[5]/C
                            (rising edge-triggered cell FDSE)
  Destination:            LEDTER[2]
                            (output port)
  Path Group:             (none)
  Path Type:              Max at Slow Process Corner
  Data Path Delay:        8.841ns  (logic 4.092ns (46.286%)  route 4.749ns (53.714%))
  Logic Levels:           3  (FDSE=1 LUT6=1 OBUF=1)

    Location             Delay type                Incr(ns)  Path(ns)    Netlist Resource(s)
  -------------------------------------------------------------------    -------------------
    SLICE_X63Y47         FDSE                         0.000     0.000 r  U3/dataOut_reg[5]/C
    SLICE_X63Y47         FDSE (Prop_fdse_C_Q)         0.456     0.456 f  U3/dataOut_reg[5]/Q
                         net (fo=7, routed)           1.755     2.211    U3/DATA16[5]
    SLICE_X63Y47         LUT6 (Prop_lut6_I1_O)        0.124     2.335 r  U3/LEDTER_OBUF[2]_inst_i_1/O
                         net (fo=2, routed)           2.994     5.329    LEDTER_OBUF[2]
    M3                   OBUF (Prop_obuf_I_O)         3.512     8.841 r  LEDTER_OBUF[2]_inst/O
                         net (fo=0)                   0.000     8.841    LEDTER[2]
    M3                                                                r  LEDTER[2] (OUT)
  -------------------------------------------------------------------    -------------------





Min Delay Paths
--------------------------------------------------------------------------------------
Slack:                    inf
  Source:                 U1/FSM_onehot_state_reg[1]/C
                            (rising edge-triggered cell FDRE)
  Destination:            U1/FSM_onehot_state_reg[2]/D
  Path Group:             (none)
  Path Type:              Min at Fast Process Corner
  Data Path Delay:        0.209ns  (logic 0.141ns (67.433%)  route 0.068ns (32.567%))
  Logic Levels:           1  (FDRE=1)

    Location             Delay type                Incr(ns)  Path(ns)    Netlist Resource(s)
  -------------------------------------------------------------------    -------------------
    SLICE_X57Y42         FDRE                         0.000     0.000 r  U1/FSM_onehot_state_reg[1]/C
    SLICE_X57Y42         FDRE (Prop_fdre_C_Q)         0.141     0.141 r  U1/FSM_onehot_state_reg[1]/Q
                         net (fo=6, routed)           0.068     0.209    U1/FSM_onehot_state_reg_n_0_[1]
    SLICE_X57Y42         FDRE                                         r  U1/FSM_onehot_state_reg[2]/D
  -------------------------------------------------------------------    -------------------

Slack:                    inf
  Source:                 U1/data_reg[28]/C
                            (rising edge-triggered cell FDRE)
  Destination:            U1/dataOut_reg[28]/D
  Path Group:             (none)
  Path Type:              Min at Fast Process Corner
  Data Path Delay:        0.210ns  (logic 0.141ns (67.275%)  route 0.069ns (32.725%))
  Logic Levels:           1  (FDRE=1)

    Location             Delay type                Incr(ns)  Path(ns)    Netlist Resource(s)
  -------------------------------------------------------------------    -------------------
    SLICE_X59Y50         FDRE                         0.000     0.000 r  U1/data_reg[28]/C
    SLICE_X59Y50         FDRE (Prop_fdre_C_Q)         0.141     0.141 r  U1/data_reg[28]/Q
                         net (fo=2, routed)           0.069     0.210    U1/data[28]
    SLICE_X58Y50         FDRE                                         r  U1/dataOut_reg[28]/D
  -------------------------------------------------------------------    -------------------

Slack:                    inf
  Source:                 U3/CRC_val_reg[7]/C
                            (rising edge-triggered cell FDRE)
  Destination:            U3/CRC_val_reg[6]/D
  Path Group:             (none)
  Path Type:              Min at Fast Process Corner
  Data Path Delay:        0.246ns  (logic 0.164ns (66.639%)  route 0.082ns (33.361%))
  Logic Levels:           1  (FDRE=1)

    Location             Delay type                Incr(ns)  Path(ns)    Netlist Resource(s)
  -------------------------------------------------------------------    -------------------
    SLICE_X64Y50         FDRE                         0.000     0.000 r  U3/CRC_val_reg[7]/C
    SLICE_X64Y50         FDRE (Prop_fdre_C_Q)         0.164     0.164 r  U3/CRC_val_reg[7]/Q
                         net (fo=2, routed)           0.082     0.246    U3/CRC_val[7]
    SLICE_X65Y50         FDRE                                         r  U3/CRC_val_reg[6]/D
  -------------------------------------------------------------------    -------------------

Slack:                    inf
  Source:                 U1/data_reg[30]/C
                            (rising edge-triggered cell FDRE)
  Destination:            U1/dataOut_reg[30]/D
  Path Group:             (none)
  Path Type:              Min at Fast Process Corner
  Data Path Delay:        0.255ns  (logic 0.141ns (55.234%)  route 0.114ns (44.766%))
  Logic Levels:           1  (FDRE=1)

    Location             Delay type                Incr(ns)  Path(ns)    Netlist Resource(s)
  -------------------------------------------------------------------    -------------------
    SLICE_X63Y51         FDRE                         0.000     0.000 r  U1/data_reg[30]/C
    SLICE_X63Y51         FDRE (Prop_fdre_C_Q)         0.141     0.141 r  U1/data_reg[30]/Q
                         net (fo=2, routed)           0.114     0.255    U1/data[30]
    SLICE_X63Y50         FDRE                                         r  U1/dataOut_reg[30]/D
  -------------------------------------------------------------------    -------------------

Slack:                    inf
  Source:                 U1/data_reg[18]/C
                            (rising edge-triggered cell FDRE)
  Destination:            U1/dataOut_reg[18]/D
  Path Group:             (none)
  Path Type:              Min at Fast Process Corner
  Data Path Delay:        0.257ns  (logic 0.164ns (63.762%)  route 0.093ns (36.238%))
  Logic Levels:           1  (FDRE=1)

    Location             Delay type                Incr(ns)  Path(ns)    Netlist Resource(s)
  -------------------------------------------------------------------    -------------------
    SLICE_X60Y50         FDRE                         0.000     0.000 r  U1/data_reg[18]/C
    SLICE_X60Y50         FDRE (Prop_fdre_C_Q)         0.164     0.164 r  U1/data_reg[18]/Q
                         net (fo=2, routed)           0.093     0.257    U1/data[18]
    SLICE_X61Y50         FDRE                                         r  U1/dataOut_reg[18]/D
  -------------------------------------------------------------------    -------------------

Slack:                    inf
  Source:                 U1/dataOut_reg[8]/C
                            (rising edge-triggered cell FDRE)
  Destination:            U3/dataOut_reg[8]/D
  Path Group:             (none)
  Path Type:              Min at Fast Process Corner
  Data Path Delay:        0.266ns  (logic 0.141ns (52.945%)  route 0.125ns (47.055%))
  Logic Levels:           1  (FDRE=1)

    Location             Delay type                Incr(ns)  Path(ns)    Netlist Resource(s)
  -------------------------------------------------------------------    -------------------
    SLICE_X63Y49         FDRE                         0.000     0.000 r  U1/dataOut_reg[8]/C
    SLICE_X63Y49         FDRE (Prop_fdre_C_Q)         0.141     0.141 r  U1/dataOut_reg[8]/Q
                         net (fo=3, routed)           0.125     0.266    U3/dataOut_reg[15]_0[8]
    SLICE_X63Y47         FDSE                                         r  U3/dataOut_reg[8]/D
  -------------------------------------------------------------------    -------------------

Slack:                    inf
  Source:                 U1/data_reg[50]/C
                            (rising edge-triggered cell FDRE)
  Destination:            U1/dataOut_reg[50]/D
  Path Group:             (none)
  Path Type:              Min at Fast Process Corner
  Data Path Delay:        0.270ns  (logic 0.141ns (52.246%)  route 0.129ns (47.754%))
  Logic Levels:           1  (FDRE=1)

    Location             Delay type                Incr(ns)  Path(ns)    Netlist Resource(s)
  -------------------------------------------------------------------    -------------------
    SLICE_X62Y52         FDRE                         0.000     0.000 r  U1/data_reg[50]/C
    SLICE_X62Y52         FDRE (Prop_fdre_C_Q)         0.141     0.141 r  U1/data_reg[50]/Q
                         net (fo=2, routed)           0.129     0.270    U1/data[50]
    SLICE_X62Y51         FDRE                                         r  U1/dataOut_reg[50]/D
  -------------------------------------------------------------------    -------------------

Slack:                    inf
  Source:                 U1/data_reg[34]/C
                            (rising edge-triggered cell FDRE)
  Destination:            U1/dataOut_reg[34]/D
  Path Group:             (none)
  Path Type:              Min at Fast Process Corner
  Data Path Delay:        0.275ns  (logic 0.164ns (59.613%)  route 0.111ns (40.387%))
  Logic Levels:           1  (FDRE=1)

    Location             Delay type                Incr(ns)  Path(ns)    Netlist Resource(s)
  -------------------------------------------------------------------    -------------------
    SLICE_X64Y51         FDRE                         0.000     0.000 r  U1/data_reg[34]/C
    SLICE_X64Y51         FDRE (Prop_fdre_C_Q)         0.164     0.164 r  U1/data_reg[34]/Q
                         net (fo=2, routed)           0.111     0.275    U1/data[34]
    SLICE_X63Y50         FDRE                                         r  U1/dataOut_reg[34]/D
  -------------------------------------------------------------------    -------------------

Slack:                    inf
  Source:                 U3/CRC_val_reg[1]/C
                            (rising edge-triggered cell FDRE)
  Destination:            U3/CRC_val_reg[0]/D
  Path Group:             (none)
  Path Type:              Min at Fast Process Corner
  Data Path Delay:        0.279ns  (logic 0.148ns (53.090%)  route 0.131ns (46.910%))
  Logic Levels:           1  (FDRE=1)

    Location             Delay type                Incr(ns)  Path(ns)    Netlist Resource(s)
  -------------------------------------------------------------------    -------------------
    SLICE_X64Y50         FDRE                         0.000     0.000 r  U3/CRC_val_reg[1]/C
    SLICE_X64Y50         FDRE (Prop_fdre_C_Q)         0.148     0.148 r  U3/CRC_val_reg[1]/Q
                         net (fo=2, routed)           0.131     0.279    U3/CRC_val[1]
    SLICE_X64Y50         FDRE                                         r  U3/CRC_val_reg[0]/D
  -------------------------------------------------------------------    -------------------

Slack:                    inf
  Source:                 U3/CRC_val_reg[4]/C
                            (rising edge-triggered cell FDRE)
  Destination:            U3/CRC_val_reg[3]/D
  Path Group:             (none)
  Path Type:              Min at Fast Process Corner
  Data Path Delay:        0.289ns  (logic 0.186ns (64.293%)  route 0.103ns (35.707%))
  Logic Levels:           2  (FDRE=1 LUT2=1)

    Location             Delay type                Incr(ns)  Path(ns)    Netlist Resource(s)
  -------------------------------------------------------------------    -------------------
    SLICE_X65Y50         FDRE                         0.000     0.000 r  U3/CRC_val_reg[4]/C
    SLICE_X65Y50         FDRE (Prop_fdre_C_Q)         0.141     0.141 r  U3/CRC_val_reg[4]/Q
                         net (fo=2, routed)           0.103     0.244    U3/p_1_in3_in
    SLICE_X64Y50         LUT2 (Prop_lut2_I1_O)        0.045     0.289 r  U3/CRC_val[3]_i_1/O
                         net (fo=1, routed)           0.000     0.289    U3/CRC_temp04_out
    SLICE_X64Y50         FDRE                                         r  U3/CRC_val_reg[3]/D
  -------------------------------------------------------------------    -------------------





--------------------------------------------------------------------------------------
Path Group:  (none)
From Clock:  sys_clk_pin
  To Clock:  

Max Delay            13 Endpoints
Min Delay            13 Endpoints
--------------------------------------------------------------------------------------


Max Delay Paths
--------------------------------------------------------------------------------------
Slack:                    inf
  Source:                 bpm_disp_reg[10]/C
                            (rising edge-triggered cell FDRE clocked by sys_clk_pin  {rise@0.000ns fall@5.000ns period=10.000ns})
  Destination:            seg[1]
                            (output port)
  Path Group:             (none)
  Path Type:              Max at Slow Process Corner
  Data Path Delay:        44.347ns  (logic 14.390ns (32.449%)  route 29.957ns (67.551%))
  Logic Levels:           40  (CARRY4=17 LUT2=5 LUT3=3 LUT4=4 LUT5=1 LUT6=9 OBUF=1)
  Clock Uncertainty:      0.025ns  ((TSJ^2 + TIJ^2)^1/2 + DJ) / 2 + PE
    Total System Jitter     (TSJ):    0.050ns
    Total Input Jitter      (TIJ):    0.000ns
    Discrete Jitter          (DJ):    0.000ns
    Phase Error              (PE):    0.000ns

    Location             Delay type                Incr(ns)  Path(ns)    Netlist Resource(s)
  -------------------------------------------------------------------    -------------------
                         (clock sys_clk_pin rise edge)
                                                      0.000     0.000 r  
    W5                                                0.000     0.000 r  clk (IN)
                         net (fo=0)                   0.000     0.000    clk
    W5                   IBUF (Prop_ibuf_I_O)         1.458     1.458 r  clk_IBUF_inst/O
                         net (fo=1, routed)           1.967     3.425    clk_IBUF
    BUFGCTRL_X0Y1        BUFG (Prop_bufg_I_O)         0.096     3.521 r  clk_IBUF_BUFG_inst/O
                         net (fo=236, routed)         1.800     5.321    clk_IBUF_BUFG
    SLICE_X4Y133         FDRE                                         r  bpm_disp_reg[10]/C
  -------------------------------------------------------------------    -------------------
    SLICE_X4Y133         FDRE (Prop_fdre_C_Q)         0.456     5.777 r  bpm_disp_reg[10]/Q
                         net (fo=34, routed)          2.752     8.529    disp_inst/Q[10]
    SLICE_X15Y127        LUT2 (Prop_lut2_I0_O)        0.124     8.653 r  disp_inst/seg_OBUF[6]_inst_i_317/O
                         net (fo=1, routed)           0.000     8.653    disp_inst/seg_OBUF[6]_inst_i_317_n_0
    SLICE_X15Y127        CARRY4 (Prop_carry4_S[1]_CO[3])
                                                      0.550     9.203 r  disp_inst/seg_OBUF[6]_inst_i_200/CO[3]
                         net (fo=1, routed)           0.000     9.203    disp_inst/seg_OBUF[6]_inst_i_200_n_0
    SLICE_X15Y128        CARRY4 (Prop_carry4_CI_O[1])
                                                      0.334     9.537 r  disp_inst/seg_OBUF[6]_inst_i_186/O[1]
                         net (fo=4, routed)           1.101    10.638    disp_inst/seg_OBUF[6]_inst_i_186_n_6
    SLICE_X13Y128        LUT3 (Prop_lut3_I2_O)        0.303    10.941 r  disp_inst/seg_OBUF[6]_inst_i_188/O
                         net (fo=1, routed)           0.670    11.611    disp_inst/seg_OBUF[6]_inst_i_188_n_0
    SLICE_X13Y128        LUT5 (Prop_lut5_I4_O)        0.124    11.735 r  disp_inst/seg_OBUF[6]_inst_i_114/O
                         net (fo=2, routed)           0.786    12.520    disp_inst/seg_OBUF[6]_inst_i_114_n_0
    SLICE_X14Y128        LUT6 (Prop_lut6_I0_O)        0.124    12.644 r  disp_inst/seg_OBUF[6]_inst_i_118/O
                         net (fo=1, routed)           0.000    12.644    disp_inst/seg_OBUF[6]_inst_i_118_n_0
    SLICE_X14Y128        CARRY4 (Prop_carry4_S[0]_CO[3])
                                                      0.513    13.157 r  disp_inst/seg_OBUF[6]_inst_i_70/CO[3]
                         net (fo=1, routed)           0.000    13.157    disp_inst/seg_OBUF[6]_inst_i_70_n_0
    SLICE_X14Y129        CARRY4 (Prop_carry4_CI_O[0])
                                                      0.219    13.376 r  disp_inst/seg_OBUF[6]_inst_i_227/O[0]
                         net (fo=13, routed)          1.618    14.995    disp_inst/seg_OBUF[6]_inst_i_227_n_7
    SLICE_X18Y123        LUT6 (Prop_lut6_I3_O)        0.295    15.290 r  disp_inst/seg_OBUF[6]_inst_i_331/O
                         net (fo=1, routed)           0.000    15.290    disp_inst/seg_OBUF[6]_inst_i_331_n_0
    SLICE_X18Y123        CARRY4 (Prop_carry4_S[3]_CO[3])
                                                      0.401    15.691 r  disp_inst/seg_OBUF[6]_inst_i_218/CO[3]
                         net (fo=1, routed)           0.000    15.691    disp_inst/seg_OBUF[6]_inst_i_218_n_0
    SLICE_X18Y124        CARRY4 (Prop_carry4_CI_O[1])
                                                      0.334    16.025 r  disp_inst/seg_OBUF[6]_inst_i_131/O[1]
                         net (fo=3, routed)           1.163    17.188    disp_inst/seg_OBUF[6]_inst_i_131_n_6
    SLICE_X16Y126        LUT4 (Prop_lut4_I1_O)        0.303    17.491 r  disp_inst/seg_OBUF[6]_inst_i_217/O
                         net (fo=1, routed)           0.000    17.491    disp_inst/seg_OBUF[6]_inst_i_217_n_0
    SLICE_X16Y126        CARRY4 (Prop_carry4_S[0]_CO[3])
                                                      0.532    18.023 r  disp_inst/seg_OBUF[6]_inst_i_128/CO[3]
                         net (fo=1, routed)           0.000    18.023    disp_inst/seg_OBUF[6]_inst_i_128_n_0
    SLICE_X16Y127        CARRY4 (Prop_carry4_CI_CO[0])
                                                      0.271    18.294 r  disp_inst/seg_OBUF[6]_inst_i_73/CO[0]
                         net (fo=32, routed)          1.451    19.744    disp_inst/seg_OBUF[6]_inst_i_73_n_3
    SLICE_X27Y129        LUT3 (Prop_lut3_I2_O)        0.373    20.117 r  disp_inst/seg_OBUF[6]_inst_i_72/O
                         net (fo=3, routed)           0.964    21.081    disp_inst/seg_OBUF[6]_inst_i_72_n_0
    SLICE_X18Y128        LUT6 (Prop_lut6_I0_O)        0.124    21.205 r  disp_inst/seg_OBUF[6]_inst_i_541/O
                         net (fo=5, routed)           0.747    21.953    disp_inst/seg_OBUF[6]_inst_i_541_n_0
    SLICE_X19Y128        LUT2 (Prop_lut2_I0_O)        0.124    22.077 r  disp_inst/seg_OBUF[6]_inst_i_543/O
                         net (fo=36, routed)          1.333    23.410    disp_inst/seg_OBUF[6]_inst_i_543_n_0
    SLICE_X27Y128        LUT2 (Prop_lut2_I0_O)        0.124    23.534 r  disp_inst/seg_OBUF[6]_inst_i_682/O
                         net (fo=1, routed)           0.433    23.967    disp_inst/seg_OBUF[6]_inst_i_682_n_0
    SLICE_X27Y128        LUT6 (Prop_lut6_I0_O)        0.124    24.091 r  disp_inst/seg_OBUF[6]_inst_i_616/O
                         net (fo=2, routed)           0.529    24.620    disp_inst/seg_OBUF[6]_inst_i_616_n_0
    SLICE_X26Y128        CARRY4 (Prop_carry4_DI[1]_CO[3])
                                                      0.507    25.127 r  disp_inst/seg_OBUF[6]_inst_i_621/CO[3]
                         net (fo=1, routed)           0.000    25.127    disp_inst/seg_OBUF[6]_inst_i_621_n_0
    SLICE_X26Y129        CARRY4 (Prop_carry4_CI_CO[3])
                                                      0.114    25.241 r  disp_inst/seg_OBUF[6]_inst_i_513/CO[3]
                         net (fo=1, routed)           0.000    25.241    disp_inst/seg_OBUF[6]_inst_i_513_n_0
    SLICE_X26Y130        CARRY4 (Prop_carry4_CI_CO[3])
                                                      0.114    25.355 f  disp_inst/seg_OBUF[6]_inst_i_357/CO[3]
                         net (fo=45, routed)          1.347    26.702    disp_inst/seg_OBUF[6]_inst_i_357_n_0
    SLICE_X18Y131        LUT6 (Prop_lut6_I0_O)        0.124    26.826 r  disp_inst/seg_OBUF[6]_inst_i_376/O
                         net (fo=2, routed)           0.886    27.712    disp_inst/seg_OBUF[6]_inst_i_376_n_0
    SLICE_X19Y131        LUT4 (Prop_lut4_I0_O)        0.124    27.836 r  disp_inst/seg_OBUF[6]_inst_i_379/O
                         net (fo=1, routed)           0.000    27.836    disp_inst/seg_OBUF[6]_inst_i_379_n_0
    SLICE_X19Y131        CARRY4 (Prop_carry4_S[3]_O[3])
                                                      0.248    28.084 r  disp_inst/seg_OBUF[6]_inst_i_244/O[3]
                         net (fo=5, routed)           1.273    29.358    disp_inst/seg_OBUF[6]_inst_i_244_n_4
    SLICE_X25Y132        LUT3 (Prop_lut3_I1_O)        0.306    29.664 r  disp_inst/seg_OBUF[6]_inst_i_251/O
                         net (fo=1, routed)           1.109    30.773    disp_inst/seg_OBUF[6]_inst_i_251_n_0
    SLICE_X24Y132        LUT6 (Prop_lut6_I0_O)        0.124    30.897 r  disp_inst/seg_OBUF[6]_inst_i_145/O
                         net (fo=1, routed)           0.000    30.897    disp_inst/seg_OBUF[6]_inst_i_145_n_0
    SLICE_X24Y132        CARRY4 (Prop_carry4_S[3]_CO[3])
                                                      0.401    31.298 r  disp_inst/seg_OBUF[6]_inst_i_76/CO[3]
                         net (fo=1, routed)           0.000    31.298    disp_inst/seg_OBUF[6]_inst_i_76_n_0
    SLICE_X24Y133        CARRY4 (Prop_carry4_CI_O[1])
                                                      0.334    31.632 r  disp_inst/seg_OBUF[6]_inst_i_137/O[1]
                         net (fo=2, routed)           0.754    32.386    disp_inst/seg_OBUF[6]_inst_i_137_n_6
    SLICE_X23Y132        LUT2 (Prop_lut2_I0_O)        0.303    32.689 r  disp_inst/seg_OBUF[6]_inst_i_139/O
                         net (fo=1, routed)           0.000    32.689    disp_inst/seg_OBUF[6]_inst_i_139_n_0
    SLICE_X23Y132        CARRY4 (Prop_carry4_S[1]_O[1])
                                                      0.227    32.916 r  disp_inst/seg_OBUF[6]_inst_i_75/O[1]
                         net (fo=1, routed)           0.798    33.715    disp_inst/seg_OBUF[6]_inst_i_75_n_6
    SLICE_X17Y131        LUT2 (Prop_lut2_I1_O)        0.303    34.018 r  disp_inst/seg_OBUF[6]_inst_i_35/O
                         net (fo=1, routed)           0.000    34.018    disp_inst/seg_OBUF[6]_inst_i_35_n_0
    SLICE_X17Y131        CARRY4 (Prop_carry4_S[3]_CO[3])
                                                      0.401    34.419 r  disp_inst/seg_OBUF[6]_inst_i_12/CO[3]
                         net (fo=1, routed)           0.000    34.419    disp_inst/seg_OBUF[6]_inst_i_12_n_0
    SLICE_X17Y132        CARRY4 (Prop_carry4_CI_O[0])
                                                      0.222    34.641 r  disp_inst/seg_OBUF[6]_inst_i_30/O[0]
                         net (fo=3, routed)           1.140    35.781    disp_inst/seg_OBUF[6]_inst_i_30_n_7
    SLICE_X16Y130        LUT4 (Prop_lut4_I0_O)        0.327    36.108 f  disp_inst/seg_OBUF[6]_inst_i_55/O
                         net (fo=3, routed)           0.789    36.897    disp_inst/seg_OBUF[6]_inst_i_55_n_0
    SLICE_X12Y131        LUT6 (Prop_lut6_I5_O)        0.326    37.223 r  disp_inst/seg_OBUF[6]_inst_i_48/O
                         net (fo=1, routed)           0.575    37.798    disp_inst/seg_OBUF[6]_inst_i_48_n_0
    SLICE_X13Y131        LUT6 (Prop_lut6_I0_O)        0.124    37.922 r  disp_inst/seg_OBUF[6]_inst_i_19/O
                         net (fo=1, routed)           0.665    38.587    disp_inst/seg_OBUF[6]_inst_i_19_n_0
    SLICE_X13Y131        LUT6 (Prop_lut6_I5_O)        0.124    38.711 r  disp_inst/seg_OBUF[6]_inst_i_4/O
                         net (fo=7, routed)           0.998    39.709    disp_inst/digit[1]
    SLICE_X12Y129        LUT4 (Prop_lut4_I1_O)        0.150    39.859 r  disp_inst/seg_OBUF[1]_inst_i_1/O
                         net (fo=1, routed)           6.074    45.933    seg_OBUF[1]
    L17                  OBUF (Prop_obuf_I_O)         3.735    49.668 r  seg_OBUF[1]_inst/O
                         net (fo=0)                   0.000    49.668    seg[1]
    L17                                                               r  seg[1] (OUT)
  -------------------------------------------------------------------    -------------------

Slack:                    inf
  Source:                 bpm_disp_reg[10]/C
                            (rising edge-triggered cell FDRE clocked by sys_clk_pin  {rise@0.000ns fall@5.000ns period=10.000ns})
  Destination:            seg[4]
                            (output port)
  Path Group:             (none)
  Path Type:              Max at Slow Process Corner
  Data Path Delay:        44.077ns  (logic 14.418ns (32.710%)  route 29.659ns (67.290%))
  Logic Levels:           40  (CARRY4=17 LUT2=5 LUT3=3 LUT4=4 LUT5=1 LUT6=9 OBUF=1)
  Clock Uncertainty:      0.025ns  ((TSJ^2 + TIJ^2)^1/2 + DJ) / 2 + PE
    Total System Jitter     (TSJ):    0.050ns
    Total Input Jitter      (TIJ):    0.000ns
    Discrete Jitter          (DJ):    0.000ns
    Phase Error              (PE):    0.000ns

    Location             Delay type                Incr(ns)  Path(ns)    Netlist Resource(s)
  -------------------------------------------------------------------    -------------------
                         (clock sys_clk_pin rise edge)
                                                      0.000     0.000 r  
    W5                                                0.000     0.000 r  clk (IN)
                         net (fo=0)                   0.000     0.000    clk
    W5                   IBUF (Prop_ibuf_I_O)         1.458     1.458 r  clk_IBUF_inst/O
                         net (fo=1, routed)           1.967     3.425    clk_IBUF
    BUFGCTRL_X0Y1        BUFG (Prop_bufg_I_O)         0.096     3.521 r  clk_IBUF_BUFG_inst/O
                         net (fo=236, routed)         1.800     5.321    clk_IBUF_BUFG
    SLICE_X4Y133         FDRE                                         r  bpm_disp_reg[10]/C
  -------------------------------------------------------------------    -------------------
    SLICE_X4Y133         FDRE (Prop_fdre_C_Q)         0.456     5.777 r  bpm_disp_reg[10]/Q
                         net (fo=34, routed)          2.752     8.529    disp_inst/Q[10]
    SLICE_X15Y127        LUT2 (Prop_lut2_I0_O)        0.124     8.653 r  disp_inst/seg_OBUF[6]_inst_i_317/O
                         net (fo=1, routed)           0.000     8.653    disp_inst/seg_OBUF[6]_inst_i_317_n_0
    SLICE_X15Y127        CARRY4 (Prop_carry4_S[1]_CO[3])
                                                      0.550     9.203 r  disp_inst/seg_OBUF[6]_inst_i_200/CO[3]
                         net (fo=1, routed)           0.000     9.203    disp_inst/seg_OBUF[6]_inst_i_200_n_0
    SLICE_X15Y128        CARRY4 (Prop_carry4_CI_O[1])
                                                      0.334     9.537 r  disp_inst/seg_OBUF[6]_inst_i_186/O[1]
                         net (fo=4, routed)           1.101    10.638    disp_inst/seg_OBUF[6]_inst_i_186_n_6
    SLICE_X13Y128        LUT3 (Prop_lut3_I2_O)        0.303    10.941 r  disp_inst/seg_OBUF[6]_inst_i_188/O
                         net (fo=1, routed)           0.670    11.611    disp_inst/seg_OBUF[6]_inst_i_188_n_0
    SLICE_X13Y128        LUT5 (Prop_lut5_I4_O)        0.124    11.735 r  disp_inst/seg_OBUF[6]_inst_i_114/O
                         net (fo=2, routed)           0.786    12.520    disp_inst/seg_OBUF[6]_inst_i_114_n_0
    SLICE_X14Y128        LUT6 (Prop_lut6_I0_O)        0.124    12.644 r  disp_inst/seg_OBUF[6]_inst_i_118/O
                         net (fo=1, routed)           0.000    12.644    disp_inst/seg_OBUF[6]_inst_i_118_n_0
    SLICE_X14Y128        CARRY4 (Prop_carry4_S[0]_CO[3])
                                                      0.513    13.157 r  disp_inst/seg_OBUF[6]_inst_i_70/CO[3]
                         net (fo=1, routed)           0.000    13.157    disp_inst/seg_OBUF[6]_inst_i_70_n_0
    SLICE_X14Y129        CARRY4 (Prop_carry4_CI_O[0])
                                                      0.219    13.376 r  disp_inst/seg_OBUF[6]_inst_i_227/O[0]
                         net (fo=13, routed)          1.618    14.995    disp_inst/seg_OBUF[6]_inst_i_227_n_7
    SLICE_X18Y123        LUT6 (Prop_lut6_I3_O)        0.295    15.290 r  disp_inst/seg_OBUF[6]_inst_i_331/O
                         net (fo=1, routed)           0.000    15.290    disp_inst/seg_OBUF[6]_inst_i_331_n_0
    SLICE_X18Y123        CARRY4 (Prop_carry4_S[3]_CO[3])
                                                      0.401    15.691 r  disp_inst/seg_OBUF[6]_inst_i_218/CO[3]
                         net (fo=1, routed)           0.000    15.691    disp_inst/seg_OBUF[6]_inst_i_218_n_0
    SLICE_X18Y124        CARRY4 (Prop_carry4_CI_O[1])
                                                      0.334    16.025 r  disp_inst/seg_OBUF[6]_inst_i_131/O[1]
                         net (fo=3, routed)           1.163    17.188    disp_inst/seg_OBUF[6]_inst_i_131_n_6
    SLICE_X16Y126        LUT4 (Prop_lut4_I1_O)        0.303    17.491 r  disp_inst/seg_OBUF[6]_inst_i_217/O
                         net (fo=1, routed)           0.000    17.491    disp_inst/seg_OBUF[6]_inst_i_217_n_0
    SLICE_X16Y126        CARRY4 (Prop_carry4_S[0]_CO[3])
                                                      0.532    18.023 r  disp_inst/seg_OBUF[6]_inst_i_128/CO[3]
                         net (fo=1, routed)           0.000    18.023    disp_inst/seg_OBUF[6]_inst_i_128_n_0
    SLICE_X16Y127        CARRY4 (Prop_carry4_CI_CO[0])
                                                      0.271    18.294 r  disp_inst/seg_OBUF[6]_inst_i_73/CO[0]
                         net (fo=32, routed)          1.451    19.744    disp_inst/seg_OBUF[6]_inst_i_73_n_3
    SLICE_X27Y129        LUT3 (Prop_lut3_I2_O)        0.373    20.117 r  disp_inst/seg_OBUF[6]_inst_i_72/O
                         net (fo=3, routed)           0.964    21.081    disp_inst/seg_OBUF[6]_inst_i_72_n_0
    SLICE_X18Y128        LUT6 (Prop_lut6_I0_O)        0.124    21.205 r  disp_inst/seg_OBUF[6]_inst_i_541/O
                         net (fo=5, routed)           0.747    21.953    disp_inst/seg_OBUF[6]_inst_i_541_n_0
    SLICE_X19Y128        LUT2 (Prop_lut2_I0_O)        0.124    22.077 r  disp_inst/seg_OBUF[6]_inst_i_543/O
                         net (fo=36, routed)          1.333    23.410    disp_inst/seg_OBUF[6]_inst_i_543_n_0
    SLICE_X27Y128        LUT2 (Prop_lut2_I0_O)        0.124    23.534 r  disp_inst/seg_OBUF[6]_inst_i_682/O
                         net (fo=1, routed)           0.433    23.967    disp_inst/seg_OBUF[6]_inst_i_682_n_0
    SLICE_X27Y128        LUT6 (Prop_lut6_I0_O)        0.124    24.091 r  disp_inst/seg_OBUF[6]_inst_i_616/O
                         net (fo=2, routed)           0.529    24.620    disp_inst/seg_OBUF[6]_inst_i_616_n_0
    SLICE_X26Y128        CARRY4 (Prop_carry4_DI[1]_CO[3])
                                                      0.507    25.127 r  disp_inst/seg_OBUF[6]_inst_i_621/CO[3]
                         net (fo=1, routed)           0.000    25.127    disp_inst/seg_OBUF[6]_inst_i_621_n_0
    SLICE_X26Y129        CARRY4 (Prop_carry4_CI_CO[3])
                                                      0.114    25.241 r  disp_inst/seg_OBUF[6]_inst_i_513/CO[3]
                         net (fo=1, routed)           0.000    25.241    disp_inst/seg_OBUF[6]_inst_i_513_n_0
    SLICE_X26Y130        CARRY4 (Prop_carry4_CI_CO[3])
                                                      0.114    25.355 f  disp_inst/seg_OBUF[6]_inst_i_357/CO[3]
                         net (fo=45, routed)          1.347    26.702    disp_inst/seg_OBUF[6]_inst_i_357_n_0
    SLICE_X18Y131        LUT6 (Prop_lut6_I0_O)        0.124    26.826 r  disp_inst/seg_OBUF[6]_inst_i_376/O
                         net (fo=2, routed)           0.886    27.712    disp_inst/seg_OBUF[6]_inst_i_376_n_0
    SLICE_X19Y131        LUT4 (Prop_lut4_I0_O)        0.124    27.836 r  disp_inst/seg_OBUF[6]_inst_i_379/O
                         net (fo=1, routed)           0.000    27.836    disp_inst/seg_OBUF[6]_inst_i_379_n_0
    SLICE_X19Y131        CARRY4 (Prop_carry4_S[3]_O[3])
                                                      0.248    28.084 r  disp_inst/seg_OBUF[6]_inst_i_244/O[3]
                         net (fo=5, routed)           1.273    29.358    disp_inst/seg_OBUF[6]_inst_i_244_n_4
    SLICE_X25Y132        LUT3 (Prop_lut3_I1_O)        0.306    29.664 r  disp_inst/seg_OBUF[6]_inst_i_251/O
                         net (fo=1, routed)           1.109    30.773    disp_inst/seg_OBUF[6]_inst_i_251_n_0
    SLICE_X24Y132        LUT6 (Prop_lut6_I0_O)        0.124    30.897 r  disp_inst/seg_OBUF[6]_inst_i_145/O
                         net (fo=1, routed)           0.000    30.897    disp_inst/seg_OBUF[6]_inst_i_145_n_0
    SLICE_X24Y132        CARRY4 (Prop_carry4_S[3]_CO[3])
                                                      0.401    31.298 r  disp_inst/seg_OBUF[6]_inst_i_76/CO[3]
                         net (fo=1, routed)           0.000    31.298    disp_inst/seg_OBUF[6]_inst_i_76_n_0
    SLICE_X24Y133        CARRY4 (Prop_carry4_CI_O[1])
                                                      0.334    31.632 r  disp_inst/seg_OBUF[6]_inst_i_137/O[1]
                         net (fo=2, routed)           0.754    32.386    disp_inst/seg_OBUF[6]_inst_i_137_n_6
    SLICE_X23Y132        LUT2 (Prop_lut2_I0_O)        0.303    32.689 r  disp_inst/seg_OBUF[6]_inst_i_139/O
                         net (fo=1, routed)           0.000    32.689    disp_inst/seg_OBUF[6]_inst_i_139_n_0
    SLICE_X23Y132        CARRY4 (Prop_carry4_S[1]_O[1])
                                                      0.227    32.916 r  disp_inst/seg_OBUF[6]_inst_i_75/O[1]
                         net (fo=1, routed)           0.798    33.715    disp_inst/seg_OBUF[6]_inst_i_75_n_6
    SLICE_X17Y131        LUT2 (Prop_lut2_I1_O)        0.303    34.018 r  disp_inst/seg_OBUF[6]_inst_i_35/O
                         net (fo=1, routed)           0.000    34.018    disp_inst/seg_OBUF[6]_inst_i_35_n_0
    SLICE_X17Y131        CARRY4 (Prop_carry4_S[3]_CO[3])
                                                      0.401    34.419 r  disp_inst/seg_OBUF[6]_inst_i_12/CO[3]
                         net (fo=1, routed)           0.000    34.419    disp_inst/seg_OBUF[6]_inst_i_12_n_0
    SLICE_X17Y132        CARRY4 (Prop_carry4_CI_O[0])
                                                      0.222    34.641 r  disp_inst/seg_OBUF[6]_inst_i_30/O[0]
                         net (fo=3, routed)           1.140    35.781    disp_inst/seg_OBUF[6]_inst_i_30_n_7
    SLICE_X16Y130        LUT4 (Prop_lut4_I0_O)        0.327    36.108 f  disp_inst/seg_OBUF[6]_inst_i_55/O
                         net (fo=3, routed)           0.789    36.897    disp_inst/seg_OBUF[6]_inst_i_55_n_0
    SLICE_X12Y131        LUT6 (Prop_lut6_I5_O)        0.326    37.223 r  disp_inst/seg_OBUF[6]_inst_i_48/O
                         net (fo=1, routed)           0.575    37.798    disp_inst/seg_OBUF[6]_inst_i_48_n_0
    SLICE_X13Y131        LUT6 (Prop_lut6_I0_O)        0.124    37.922 r  disp_inst/seg_OBUF[6]_inst_i_19/O
                         net (fo=1, routed)           0.665    38.587    disp_inst/seg_OBUF[6]_inst_i_19_n_0
    SLICE_X13Y131        LUT6 (Prop_lut6_I5_O)        0.124    38.711 r  disp_inst/seg_OBUF[6]_inst_i_4/O
                         net (fo=7, routed)           0.988    39.699    disp_inst/digit[1]
    SLICE_X12Y129        LUT4 (Prop_lut4_I0_O)        0.152    39.851 r  disp_inst/seg_OBUF[4]_inst_i_1/O
                         net (fo=1, routed)           5.786    45.638    seg_OBUF[4]
    K17                  OBUF (Prop_obuf_I_O)         3.761    49.399 r  seg_OBUF[4]_inst/O
                         net (fo=0)                   0.000    49.399    seg[4]
    K17                                                               r  seg[4] (OUT)
  -------------------------------------------------------------------    -------------------

Slack:                    inf
  Source:                 bpm_disp_reg[10]/C
                            (rising edge-triggered cell FDRE clocked by sys_clk_pin  {rise@0.000ns fall@5.000ns period=10.000ns})
  Destination:            seg[2]
                            (output port)
  Path Group:             (none)
  Path Type:              Max at Slow Process Corner
  Data Path Delay:        44.076ns  (logic 14.121ns (32.039%)  route 29.954ns (67.961%))
  Logic Levels:           40  (CARRY4=17 LUT2=5 LUT3=3 LUT4=4 LUT5=1 LUT6=9 OBUF=1)
  Clock Uncertainty:      0.025ns  ((TSJ^2 + TIJ^2)^1/2 + DJ) / 2 + PE
    Total System Jitter     (TSJ):    0.050ns
    Total Input Jitter      (TIJ):    0.000ns
    Discrete Jitter          (DJ):    0.000ns
    Phase Error              (PE):    0.000ns

    Location             Delay type                Incr(ns)  Path(ns)    Netlist Resource(s)
  -------------------------------------------------------------------    -------------------
                         (clock sys_clk_pin rise edge)
                                                      0.000     0.000 r  
    W5                                                0.000     0.000 r  clk (IN)
                         net (fo=0)                   0.000     0.000    clk
    W5                   IBUF (Prop_ibuf_I_O)         1.458     1.458 r  clk_IBUF_inst/O
                         net (fo=1, routed)           1.967     3.425    clk_IBUF
    BUFGCTRL_X0Y1        BUFG (Prop_bufg_I_O)         0.096     3.521 r  clk_IBUF_BUFG_inst/O
                         net (fo=236, routed)         1.800     5.321    clk_IBUF_BUFG
    SLICE_X4Y133         FDRE                                         r  bpm_disp_reg[10]/C
  -------------------------------------------------------------------    -------------------
    SLICE_X4Y133         FDRE (Prop_fdre_C_Q)         0.456     5.777 r  bpm_disp_reg[10]/Q
                         net (fo=34, routed)          2.752     8.529    disp_inst/Q[10]
    SLICE_X15Y127        LUT2 (Prop_lut2_I0_O)        0.124     8.653 r  disp_inst/seg_OBUF[6]_inst_i_317/O
                         net (fo=1, routed)           0.000     8.653    disp_inst/seg_OBUF[6]_inst_i_317_n_0
    SLICE_X15Y127        CARRY4 (Prop_carry4_S[1]_CO[3])
                                                      0.550     9.203 r  disp_inst/seg_OBUF[6]_inst_i_200/CO[3]
                         net (fo=1, routed)           0.000     9.203    disp_inst/seg_OBUF[6]_inst_i_200_n_0
    SLICE_X15Y128        CARRY4 (Prop_carry4_CI_O[1])
                                                      0.334     9.537 r  disp_inst/seg_OBUF[6]_inst_i_186/O[1]
                         net (fo=4, routed)           1.101    10.638    disp_inst/seg_OBUF[6]_inst_i_186_n_6
    SLICE_X13Y128        LUT3 (Prop_lut3_I2_O)        0.303    10.941 r  disp_inst/seg_OBUF[6]_inst_i_188/O
                         net (fo=1, routed)           0.670    11.611    disp_inst/seg_OBUF[6]_inst_i_188_n_0
    SLICE_X13Y128        LUT5 (Prop_lut5_I4_O)        0.124    11.735 r  disp_inst/seg_OBUF[6]_inst_i_114/O
                         net (fo=2, routed)           0.786    12.520    disp_inst/seg_OBUF[6]_inst_i_114_n_0
    SLICE_X14Y128        LUT6 (Prop_lut6_I0_O)        0.124    12.644 r  disp_inst/seg_OBUF[6]_inst_i_118/O
                         net (fo=1, routed)           0.000    12.644    disp_inst/seg_OBUF[6]_inst_i_118_n_0
    SLICE_X14Y128        CARRY4 (Prop_carry4_S[0]_CO[3])
                                                      0.513    13.157 r  disp_inst/seg_OBUF[6]_inst_i_70/CO[3]
                         net (fo=1, routed)           0.000    13.157    disp_inst/seg_OBUF[6]_inst_i_70_n_0
    SLICE_X14Y129        CARRY4 (Prop_carry4_CI_O[0])
                                                      0.219    13.376 r  disp_inst/seg_OBUF[6]_inst_i_227/O[0]
                         net (fo=13, routed)          1.618    14.995    disp_inst/seg_OBUF[6]_inst_i_227_n_7
    SLICE_X18Y123        LUT6 (Prop_lut6_I3_O)        0.295    15.290 r  disp_inst/seg_OBUF[6]_inst_i_331/O
                         net (fo=1, routed)           0.000    15.290    disp_inst/seg_OBUF[6]_inst_i_331_n_0
    SLICE_X18Y123        CARRY4 (Prop_carry4_S[3]_CO[3])
                                                      0.401    15.691 r  disp_inst/seg_OBUF[6]_inst_i_218/CO[3]
                         net (fo=1, routed)           0.000    15.691    disp_inst/seg_OBUF[6]_inst_i_218_n_0
    SLICE_X18Y124        CARRY4 (Prop_carry4_CI_O[1])
                                                      0.334    16.025 r  disp_inst/seg_OBUF[6]_inst_i_131/O[1]
                         net (fo=3, routed)           1.163    17.188    disp_inst/seg_OBUF[6]_inst_i_131_n_6
    SLICE_X16Y126        LUT4 (Prop_lut4_I1_O)        0.303    17.491 r  disp_inst/seg_OBUF[6]_inst_i_217/O
                         net (fo=1, routed)           0.000    17.491    disp_inst/seg_OBUF[6]_inst_i_217_n_0
    SLICE_X16Y126        CARRY4 (Prop_carry4_S[0]_CO[3])
                                                      0.532    18.023 r  disp_inst/seg_OBUF[6]_inst_i_128/CO[3]
                         net (fo=1, routed)           0.000    18.023    disp_inst/seg_OBUF[6]_inst_i_128_n_0
    SLICE_X16Y127        CARRY4 (Prop_carry4_CI_CO[0])
                                                      0.271    18.294 r  disp_inst/seg_OBUF[6]_inst_i_73/CO[0]
                         net (fo=32, routed)          1.451    19.744    disp_inst/seg_OBUF[6]_inst_i_73_n_3
    SLICE_X27Y129        LUT3 (Prop_lut3_I2_O)        0.373    20.117 r  disp_inst/seg_OBUF[6]_inst_i_72/O
                         net (fo=3, routed)           0.964    21.081    disp_inst/seg_OBUF[6]_inst_i_72_n_0
    SLICE_X18Y128        LUT6 (Prop_lut6_I0_O)        0.124    21.205 r  disp_inst/seg_OBUF[6]_inst_i_541/O
                         net (fo=5, routed)           0.747    21.953    disp_inst/seg_OBUF[6]_inst_i_541_n_0
    SLICE_X19Y128        LUT2 (Prop_lut2_I0_O)        0.124    22.077 r  disp_inst/seg_OBUF[6]_inst_i_543/O
                         net (fo=36, routed)          1.333    23.410    disp_inst/seg_OBUF[6]_inst_i_543_n_0
    SLICE_X27Y128        LUT2 (Prop_lut2_I0_O)        0.124    23.534 r  disp_inst/seg_OBUF[6]_inst_i_682/O
                         net (fo=1, routed)           0.433    23.967    disp_inst/seg_OBUF[6]_inst_i_682_n_0
    SLICE_X27Y128        LUT6 (Prop_lut6_I0_O)        0.124    24.091 r  disp_inst/seg_OBUF[6]_inst_i_616/O
                         net (fo=2, routed)           0.529    24.620    disp_inst/seg_OBUF[6]_inst_i_616_n_0
    SLICE_X26Y128        CARRY4 (Prop_carry4_DI[1]_CO[3])
                                                      0.507    25.127 r  disp_inst/seg_OBUF[6]_inst_i_621/CO[3]
                         net (fo=1, routed)           0.000    25.127    disp_inst/seg_OBUF[6]_inst_i_621_n_0
    SLICE_X26Y129        CARRY4 (Prop_carry4_CI_CO[3])
                                                      0.114    25.241 r  disp_inst/seg_OBUF[6]_inst_i_513/CO[3]
                         net (fo=1, routed)           0.000    25.241    disp_inst/seg_OBUF[6]_inst_i_513_n_0
    SLICE_X26Y130        CARRY4 (Prop_carry4_CI_CO[3])
                                                      0.114    25.355 f  disp_inst/seg_OBUF[6]_inst_i_357/CO[3]
                         net (fo=45, routed)          1.347    26.702    disp_inst/seg_OBUF[6]_inst_i_357_n_0
    SLICE_X18Y131        LUT6 (Prop_lut6_I0_O)        0.124    26.826 r  disp_inst/seg_OBUF[6]_inst_i_376/O
                         net (fo=2, routed)           0.886    27.712    disp_inst/seg_OBUF[6]_inst_i_376_n_0
    SLICE_X19Y131        LUT4 (Prop_lut4_I0_O)        0.124    27.836 r  disp_inst/seg_OBUF[6]_inst_i_379/O
                         net (fo=1, routed)           0.000    27.836    disp_inst/seg_OBUF[6]_inst_i_379_n_0
    SLICE_X19Y131        CARRY4 (Prop_carry4_S[3]_O[3])
                                                      0.248    28.084 r  disp_inst/seg_OBUF[6]_inst_i_244/O[3]
                         net (fo=5, routed)           1.273    29.358    disp_inst/seg_OBUF[6]_inst_i_244_n_4
    SLICE_X25Y132        LUT3 (Prop_lut3_I1_O)        0.306    29.664 r  disp_inst/seg_OBUF[6]_inst_i_251/O
                         net (fo=1, routed)           1.109    30.773    disp_inst/seg_OBUF[6]_inst_i_251_n_0
    SLICE_X24Y132        LUT6 (Prop_lut6_I0_O)        0.124    30.897 r  disp_inst/seg_OBUF[6]_inst_i_145/O
                         net (fo=1, routed)           0.000    30.897    disp_inst/seg_OBUF[6]_inst_i_145_n_0
    SLICE_X24Y132        CARRY4 (Prop_carry4_S[3]_CO[3])
                                                      0.401    31.298 r  disp_inst/seg_OBUF[6]_inst_i_76/CO[3]
                         net (fo=1, routed)           0.000    31.298    disp_inst/seg_OBUF[6]_inst_i_76_n_0
    SLICE_X24Y133        CARRY4 (Prop_carry4_CI_O[1])
                                                      0.334    31.632 r  disp_inst/seg_OBUF[6]_inst_i_137/O[1]
                         net (fo=2, routed)           0.754    32.386    disp_inst/seg_OBUF[6]_inst_i_137_n_6
    SLICE_X23Y132        LUT2 (Prop_lut2_I0_O)        0.303    32.689 r  disp_inst/seg_OBUF[6]_inst_i_139/O
                         net (fo=1, routed)           0.000    32.689    disp_inst/seg_OBUF[6]_inst_i_139_n_0
    SLICE_X23Y132        CARRY4 (Prop_carry4_S[1]_O[1])
                                                      0.227    32.916 r  disp_inst/seg_OBUF[6]_inst_i_75/O[1]
                         net (fo=1, routed)           0.798    33.715    disp_inst/seg_OBUF[6]_inst_i_75_n_6
    SLICE_X17Y131        LUT2 (Prop_lut2_I1_O)        0.303    34.018 r  disp_inst/seg_OBUF[6]_inst_i_35/O
                         net (fo=1, routed)           0.000    34.018    disp_inst/seg_OBUF[6]_inst_i_35_n_0
    SLICE_X17Y131        CARRY4 (Prop_carry4_S[3]_CO[3])
                                                      0.401    34.419 r  disp_inst/seg_OBUF[6]_inst_i_12/CO[3]
                         net (fo=1, routed)           0.000    34.419    disp_inst/seg_OBUF[6]_inst_i_12_n_0
    SLICE_X17Y132        CARRY4 (Prop_carry4_CI_O[0])
                                                      0.222    34.641 f  disp_inst/seg_OBUF[6]_inst_i_30/O[0]
                         net (fo=3, routed)           1.140    35.781    disp_inst/seg_OBUF[6]_inst_i_30_n_7
    SLICE_X16Y130        LUT4 (Prop_lut4_I0_O)        0.327    36.108 r  disp_inst/seg_OBUF[6]_inst_i_55/O
                         net (fo=3, routed)           0.789    36.897    disp_inst/seg_OBUF[6]_inst_i_55_n_0
    SLICE_X12Y131        LUT6 (Prop_lut6_I5_O)        0.326    37.223 f  disp_inst/seg_OBUF[6]_inst_i_48/O
                         net (fo=1, routed)           0.575    37.798    disp_inst/seg_OBUF[6]_inst_i_48_n_0
    SLICE_X13Y131        LUT6 (Prop_lut6_I0_O)        0.124    37.922 f  disp_inst/seg_OBUF[6]_inst_i_19/O
                         net (fo=1, routed)           0.665    38.587    disp_inst/seg_OBUF[6]_inst_i_19_n_0
    SLICE_X13Y131        LUT6 (Prop_lut6_I5_O)        0.124    38.711 f  disp_inst/seg_OBUF[6]_inst_i_4/O
                         net (fo=7, routed)           0.988    39.699    disp_inst/digit[1]
    SLICE_X12Y129        LUT4 (Prop_lut4_I1_O)        0.124    39.823 r  disp_inst/seg_OBUF[2]_inst_i_1/O
                         net (fo=1, routed)           6.081    45.905    seg_OBUF[2]
    N17                  OBUF (Prop_obuf_I_O)         3.492    49.397 r  seg_OBUF[2]_inst/O
                         net (fo=0)                   0.000    49.397    seg[2]
    N17                                                               r  seg[2] (OUT)
  -------------------------------------------------------------------    -------------------

Slack:                    inf
  Source:                 bpm_disp_reg[10]/C
                            (rising edge-triggered cell FDRE clocked by sys_clk_pin  {rise@0.000ns fall@5.000ns period=10.000ns})
  Destination:            seg[3]
                            (output port)
  Path Group:             (none)
  Path Type:              Max at Slow Process Corner
  Data Path Delay:        43.972ns  (logic 14.137ns (32.150%)  route 29.835ns (67.850%))
  Logic Levels:           40  (CARRY4=17 LUT2=5 LUT3=3 LUT4=4 LUT5=1 LUT6=9 OBUF=1)
  Clock Uncertainty:      0.025ns  ((TSJ^2 + TIJ^2)^1/2 + DJ) / 2 + PE
    Total System Jitter     (TSJ):    0.050ns
    Total Input Jitter      (TIJ):    0.000ns
    Discrete Jitter          (DJ):    0.000ns
    Phase Error              (PE):    0.000ns

    Location             Delay type                Incr(ns)  Path(ns)    Netlist Resource(s)
  -------------------------------------------------------------------    -------------------
                         (clock sys_clk_pin rise edge)
                                                      0.000     0.000 r  
    W5                                                0.000     0.000 r  clk (IN)
                         net (fo=0)                   0.000     0.000    clk
    W5                   IBUF (Prop_ibuf_I_O)         1.458     1.458 r  clk_IBUF_inst/O
                         net (fo=1, routed)           1.967     3.425    clk_IBUF
    BUFGCTRL_X0Y1        BUFG (Prop_bufg_I_O)         0.096     3.521 r  clk_IBUF_BUFG_inst/O
                         net (fo=236, routed)         1.800     5.321    clk_IBUF_BUFG
    SLICE_X4Y133         FDRE                                         r  bpm_disp_reg[10]/C
  -------------------------------------------------------------------    -------------------
    SLICE_X4Y133         FDRE (Prop_fdre_C_Q)         0.456     5.777 r  bpm_disp_reg[10]/Q
                         net (fo=34, routed)          2.752     8.529    disp_inst/Q[10]
    SLICE_X15Y127        LUT2 (Prop_lut2_I0_O)        0.124     8.653 r  disp_inst/seg_OBUF[6]_inst_i_317/O
                         net (fo=1, routed)           0.000     8.653    disp_inst/seg_OBUF[6]_inst_i_317_n_0
    SLICE_X15Y127        CARRY4 (Prop_carry4_S[1]_CO[3])
                                                      0.550     9.203 r  disp_inst/seg_OBUF[6]_inst_i_200/CO[3]
                         net (fo=1, routed)           0.000     9.203    disp_inst/seg_OBUF[6]_inst_i_200_n_0
    SLICE_X15Y128        CARRY4 (Prop_carry4_CI_O[1])
                                                      0.334     9.537 r  disp_inst/seg_OBUF[6]_inst_i_186/O[1]
                         net (fo=4, routed)           1.101    10.638    disp_inst/seg_OBUF[6]_inst_i_186_n_6
    SLICE_X13Y128        LUT3 (Prop_lut3_I2_O)        0.303    10.941 r  disp_inst/seg_OBUF[6]_inst_i_188/O
                         net (fo=1, routed)           0.670    11.611    disp_inst/seg_OBUF[6]_inst_i_188_n_0
    SLICE_X13Y128        LUT5 (Prop_lut5_I4_O)        0.124    11.735 r  disp_inst/seg_OBUF[6]_inst_i_114/O
                         net (fo=2, routed)           0.786    12.520    disp_inst/seg_OBUF[6]_inst_i_114_n_0
    SLICE_X14Y128        LUT6 (Prop_lut6_I0_O)        0.124    12.644 r  disp_inst/seg_OBUF[6]_inst_i_118/O
                         net (fo=1, routed)           0.000    12.644    disp_inst/seg_OBUF[6]_inst_i_118_n_0
    SLICE_X14Y128        CARRY4 (Prop_carry4_S[0]_CO[3])
                                                      0.513    13.157 r  disp_inst/seg_OBUF[6]_inst_i_70/CO[3]
                         net (fo=1, routed)           0.000    13.157    disp_inst/seg_OBUF[6]_inst_i_70_n_0
    SLICE_X14Y129        CARRY4 (Prop_carry4_CI_O[0])
                                                      0.219    13.376 r  disp_inst/seg_OBUF[6]_inst_i_227/O[0]
                         net (fo=13, routed)          1.618    14.995    disp_inst/seg_OBUF[6]_inst_i_227_n_7
    SLICE_X18Y123        LUT6 (Prop_lut6_I3_O)        0.295    15.290 r  disp_inst/seg_OBUF[6]_inst_i_331/O
                         net (fo=1, routed)           0.000    15.290    disp_inst/seg_OBUF[6]_inst_i_331_n_0
    SLICE_X18Y123        CARRY4 (Prop_carry4_S[3]_CO[3])
                                                      0.401    15.691 r  disp_inst/seg_OBUF[6]_inst_i_218/CO[3]
                         net (fo=1, routed)           0.000    15.691    disp_inst/seg_OBUF[6]_inst_i_218_n_0
    SLICE_X18Y124        CARRY4 (Prop_carry4_CI_O[1])
                                                      0.334    16.025 r  disp_inst/seg_OBUF[6]_inst_i_131/O[1]
                         net (fo=3, routed)           1.163    17.188    disp_inst/seg_OBUF[6]_inst_i_131_n_6
    SLICE_X16Y126        LUT4 (Prop_lut4_I1_O)        0.303    17.491 r  disp_inst/seg_OBUF[6]_inst_i_217/O
                         net (fo=1, routed)           0.000    17.491    disp_inst/seg_OBUF[6]_inst_i_217_n_0
    SLICE_X16Y126        CARRY4 (Prop_carry4_S[0]_CO[3])
                                                      0.532    18.023 r  disp_inst/seg_OBUF[6]_inst_i_128/CO[3]
                         net (fo=1, routed)           0.000    18.023    disp_inst/seg_OBUF[6]_inst_i_128_n_0
    SLICE_X16Y127        CARRY4 (Prop_carry4_CI_CO[0])
                                                      0.271    18.294 r  disp_inst/seg_OBUF[6]_inst_i_73/CO[0]
                         net (fo=32, routed)          1.451    19.744    disp_inst/seg_OBUF[6]_inst_i_73_n_3
    SLICE_X27Y129        LUT3 (Prop_lut3_I2_O)        0.373    20.117 r  disp_inst/seg_OBUF[6]_inst_i_72/O
                         net (fo=3, routed)           0.964    21.081    disp_inst/seg_OBUF[6]_inst_i_72_n_0
    SLICE_X18Y128        LUT6 (Prop_lut6_I0_O)        0.124    21.205 r  disp_inst/seg_OBUF[6]_inst_i_541/O
                         net (fo=5, routed)           0.747    21.953    disp_inst/seg_OBUF[6]_inst_i_541_n_0
    SLICE_X19Y128        LUT2 (Prop_lut2_I0_O)        0.124    22.077 r  disp_inst/seg_OBUF[6]_inst_i_543/O
                         net (fo=36, routed)          1.333    23.410    disp_inst/seg_OBUF[6]_inst_i_543_n_0
    SLICE_X27Y128        LUT2 (Prop_lut2_I0_O)        0.124    23.534 r  disp_inst/seg_OBUF[6]_inst_i_682/O
                         net (fo=1, routed)           0.433    23.967    disp_inst/seg_OBUF[6]_inst_i_682_n_0
    SLICE_X27Y128        LUT6 (Prop_lut6_I0_O)        0.124    24.091 r  disp_inst/seg_OBUF[6]_inst_i_616/O
                         net (fo=2, routed)           0.529    24.620    disp_inst/seg_OBUF[6]_inst_i_616_n_0
    SLICE_X26Y128        CARRY4 (Prop_carry4_DI[1]_CO[3])
                                                      0.507    25.127 r  disp_inst/seg_OBUF[6]_inst_i_621/CO[3]
                         net (fo=1, routed)           0.000    25.127    disp_inst/seg_OBUF[6]_inst_i_621_n_0
    SLICE_X26Y129        CARRY4 (Prop_carry4_CI_CO[3])
                                                      0.114    25.241 r  disp_inst/seg_OBUF[6]_inst_i_513/CO[3]
                         net (fo=1, routed)           0.000    25.241    disp_inst/seg_OBUF[6]_inst_i_513_n_0
    SLICE_X26Y130        CARRY4 (Prop_carry4_CI_CO[3])
                                                      0.114    25.355 f  disp_inst/seg_OBUF[6]_inst_i_357/CO[3]
                         net (fo=45, routed)          1.347    26.702    disp_inst/seg_OBUF[6]_inst_i_357_n_0
    SLICE_X18Y131        LUT6 (Prop_lut6_I0_O)        0.124    26.826 r  disp_inst/seg_OBUF[6]_inst_i_376/O
                         net (fo=2, routed)           0.886    27.712    disp_inst/seg_OBUF[6]_inst_i_376_n_0
    SLICE_X19Y131        LUT4 (Prop_lut4_I0_O)        0.124    27.836 r  disp_inst/seg_OBUF[6]_inst_i_379/O
                         net (fo=1, routed)           0.000    27.836    disp_inst/seg_OBUF[6]_inst_i_379_n_0
    SLICE_X19Y131        CARRY4 (Prop_carry4_S[3]_O[3])
                                                      0.248    28.084 r  disp_inst/seg_OBUF[6]_inst_i_244/O[3]
                         net (fo=5, routed)           1.273    29.358    disp_inst/seg_OBUF[6]_inst_i_244_n_4
    SLICE_X25Y132        LUT3 (Prop_lut3_I1_O)        0.306    29.664 r  disp_inst/seg_OBUF[6]_inst_i_251/O
                         net (fo=1, routed)           1.109    30.773    disp_inst/seg_OBUF[6]_inst_i_251_n_0
    SLICE_X24Y132        LUT6 (Prop_lut6_I0_O)        0.124    30.897 r  disp_inst/seg_OBUF[6]_inst_i_145/O
                         net (fo=1, routed)           0.000    30.897    disp_inst/seg_OBUF[6]_inst_i_145_n_0
    SLICE_X24Y132        CARRY4 (Prop_carry4_S[3]_CO[3])
                                                      0.401    31.298 r  disp_inst/seg_OBUF[6]_inst_i_76/CO[3]
                         net (fo=1, routed)           0.000    31.298    disp_inst/seg_OBUF[6]_inst_i_76_n_0
    SLICE_X24Y133        CARRY4 (Prop_carry4_CI_O[1])
                                                      0.334    31.632 r  disp_inst/seg_OBUF[6]_inst_i_137/O[1]
                         net (fo=2, routed)           0.754    32.386    disp_inst/seg_OBUF[6]_inst_i_137_n_6
    SLICE_X23Y132        LUT2 (Prop_lut2_I0_O)        0.303    32.689 r  disp_inst/seg_OBUF[6]_inst_i_139/O
                         net (fo=1, routed)           0.000    32.689    disp_inst/seg_OBUF[6]_inst_i_139_n_0
    SLICE_X23Y132        CARRY4 (Prop_carry4_S[1]_O[1])
                                                      0.227    32.916 r  disp_inst/seg_OBUF[6]_inst_i_75/O[1]
                         net (fo=1, routed)           0.798    33.715    disp_inst/seg_OBUF[6]_inst_i_75_n_6
    SLICE_X17Y131        LUT2 (Prop_lut2_I1_O)        0.303    34.018 r  disp_inst/seg_OBUF[6]_inst_i_35/O
                         net (fo=1, routed)           0.000    34.018    disp_inst/seg_OBUF[6]_inst_i_35_n_0
    SLICE_X17Y131        CARRY4 (Prop_carry4_S[3]_CO[3])
                                                      0.401    34.419 r  disp_inst/seg_OBUF[6]_inst_i_12/CO[3]
                         net (fo=1, routed)           0.000    34.419    disp_inst/seg_OBUF[6]_inst_i_12_n_0
    SLICE_X17Y132        CARRY4 (Prop_carry4_CI_O[0])
                                                      0.222    34.641 r  disp_inst/seg_OBUF[6]_inst_i_30/O[0]
                         net (fo=3, routed)           1.140    35.781    disp_inst/seg_OBUF[6]_inst_i_30_n_7
    SLICE_X16Y130        LUT4 (Prop_lut4_I0_O)        0.327    36.108 f  disp_inst/seg_OBUF[6]_inst_i_55/O
                         net (fo=3, routed)           0.981    37.089    disp_inst/seg_OBUF[6]_inst_i_55_n_0
    SLICE_X13Y131        LUT6 (Prop_lut6_I2_O)        0.326    37.415 r  disp_inst/seg_OBUF[6]_inst_i_56/O
                         net (fo=1, routed)           0.990    38.404    disp_inst/seg_OBUF[6]_inst_i_56_n_0
    SLICE_X12Y130        LUT6 (Prop_lut6_I0_O)        0.124    38.528 r  disp_inst/seg_OBUF[6]_inst_i_24/O
                         net (fo=1, routed)           0.161    38.689    disp_inst/seg_OBUF[6]_inst_i_24_n_0
    SLICE_X12Y130        LUT6 (Prop_lut6_I5_O)        0.124    38.813 r  disp_inst/seg_OBUF[6]_inst_i_5/O
                         net (fo=7, routed)           0.828    39.641    disp_inst/digit[2]
    SLICE_X12Y129        LUT4 (Prop_lut4_I3_O)        0.124    39.765 r  disp_inst/seg_OBUF[3]_inst_i_1/O
                         net (fo=1, routed)           6.021    45.785    seg_OBUF[3]
    M18                  OBUF (Prop_obuf_I_O)         3.508    49.293 r  seg_OBUF[3]_inst/O
                         net (fo=0)                   0.000    49.293    seg[3]
    M18                                                               r  seg[3] (OUT)
  -------------------------------------------------------------------    -------------------

Slack:                    inf
  Source:                 bpm_disp_reg[10]/C
                            (rising edge-triggered cell FDRE clocked by sys_clk_pin  {rise@0.000ns fall@5.000ns period=10.000ns})
  Destination:            seg[5]
                            (output port)
  Path Group:             (none)
  Path Type:              Max at Slow Process Corner
  Data Path Delay:        43.477ns  (logic 14.148ns (32.541%)  route 29.329ns (67.459%))
  Logic Levels:           40  (CARRY4=17 LUT2=5 LUT3=3 LUT4=4 LUT5=1 LUT6=9 OBUF=1)
  Clock Uncertainty:      0.025ns  ((TSJ^2 + TIJ^2)^1/2 + DJ) / 2 + PE
    Total System Jitter     (TSJ):    0.050ns
    Total Input Jitter      (TIJ):    0.000ns
    Discrete Jitter          (DJ):    0.000ns
    Phase Error              (PE):    0.000ns

    Location             Delay type                Incr(ns)  Path(ns)    Netlist Resource(s)
  -------------------------------------------------------------------    -------------------
                         (clock sys_clk_pin rise edge)
                                                      0.000     0.000 r  
    W5                                                0.000     0.000 r  clk (IN)
                         net (fo=0)                   0.000     0.000    clk
    W5                   IBUF (Prop_ibuf_I_O)         1.458     1.458 r  clk_IBUF_inst/O
                         net (fo=1, routed)           1.967     3.425    clk_IBUF
    BUFGCTRL_X0Y1        BUFG (Prop_bufg_I_O)         0.096     3.521 r  clk_IBUF_BUFG_inst/O
                         net (fo=236, routed)         1.800     5.321    clk_IBUF_BUFG
    SLICE_X4Y133         FDRE                                         r  bpm_disp_reg[10]/C
  -------------------------------------------------------------------    -------------------
    SLICE_X4Y133         FDRE (Prop_fdre_C_Q)         0.456     5.777 r  bpm_disp_reg[10]/Q
                         net (fo=34, routed)          2.752     8.529    disp_inst/Q[10]
    SLICE_X15Y127        LUT2 (Prop_lut2_I0_O)        0.124     8.653 r  disp_inst/seg_OBUF[6]_inst_i_317/O
                         net (fo=1, routed)           0.000     8.653    disp_inst/seg_OBUF[6]_inst_i_317_n_0
    SLICE_X15Y127        CARRY4 (Prop_carry4_S[1]_CO[3])
                                                      0.550     9.203 r  disp_inst/seg_OBUF[6]_inst_i_200/CO[3]
                         net (fo=1, routed)           0.000     9.203    disp_inst/seg_OBUF[6]_inst_i_200_n_0
    SLICE_X15Y128        CARRY4 (Prop_carry4_CI_O[1])
                                                      0.334     9.537 r  disp_inst/seg_OBUF[6]_inst_i_186/O[1]
                         net (fo=4, routed)           1.101    10.638    disp_inst/seg_OBUF[6]_inst_i_186_n_6
    SLICE_X13Y128        LUT3 (Prop_lut3_I2_O)        0.303    10.941 r  disp_inst/seg_OBUF[6]_inst_i_188/O
                         net (fo=1, routed)           0.670    11.611    disp_inst/seg_OBUF[6]_inst_i_188_n_0
    SLICE_X13Y128        LUT5 (Prop_lut5_I4_O)        0.124    11.735 r  disp_inst/seg_OBUF[6]_inst_i_114/O
                         net (fo=2, routed)           0.786    12.520    disp_inst/seg_OBUF[6]_inst_i_114_n_0
    SLICE_X14Y128        LUT6 (Prop_lut6_I0_O)        0.124    12.644 r  disp_inst/seg_OBUF[6]_inst_i_118/O
                         net (fo=1, routed)           0.000    12.644    disp_inst/seg_OBUF[6]_inst_i_118_n_0
    SLICE_X14Y128        CARRY4 (Prop_carry4_S[0]_CO[3])
                                                      0.513    13.157 r  disp_inst/seg_OBUF[6]_inst_i_70/CO[3]
                         net (fo=1, routed)           0.000    13.157    disp_inst/seg_OBUF[6]_inst_i_70_n_0
    SLICE_X14Y129        CARRY4 (Prop_carry4_CI_O[0])
                                                      0.219    13.376 r  disp_inst/seg_OBUF[6]_inst_i_227/O[0]
                         net (fo=13, routed)          1.618    14.995    disp_inst/seg_OBUF[6]_inst_i_227_n_7
    SLICE_X18Y123        LUT6 (Prop_lut6_I3_O)        0.295    15.290 r  disp_inst/seg_OBUF[6]_inst_i_331/O
                         net (fo=1, routed)           0.000    15.290    disp_inst/seg_OBUF[6]_inst_i_331_n_0
    SLICE_X18Y123        CARRY4 (Prop_carry4_S[3]_CO[3])
                                                      0.401    15.691 r  disp_inst/seg_OBUF[6]_inst_i_218/CO[3]
                         net (fo=1, routed)           0.000    15.691    disp_inst/seg_OBUF[6]_inst_i_218_n_0
    SLICE_X18Y124        CARRY4 (Prop_carry4_CI_O[1])
                                                      0.334    16.025 r  disp_inst/seg_OBUF[6]_inst_i_131/O[1]
                         net (fo=3, routed)           1.163    17.188    disp_inst/seg_OBUF[6]_inst_i_131_n_6
    SLICE_X16Y126        LUT4 (Prop_lut4_I1_O)        0.303    17.491 r  disp_inst/seg_OBUF[6]_inst_i_217/O
                         net (fo=1, routed)           0.000    17.491    disp_inst/seg_OBUF[6]_inst_i_217_n_0
    SLICE_X16Y126        CARRY4 (Prop_carry4_S[0]_CO[3])
                                                      0.532    18.023 r  disp_inst/seg_OBUF[6]_inst_i_128/CO[3]
                         net (fo=1, routed)           0.000    18.023    disp_inst/seg_OBUF[6]_inst_i_128_n_0
    SLICE_X16Y127        CARRY4 (Prop_carry4_CI_CO[0])
                                                      0.271    18.294 r  disp_inst/seg_OBUF[6]_inst_i_73/CO[0]
                         net (fo=32, routed)          1.451    19.744    disp_inst/seg_OBUF[6]_inst_i_73_n_3
    SLICE_X27Y129        LUT3 (Prop_lut3_I2_O)        0.373    20.117 r  disp_inst/seg_OBUF[6]_inst_i_72/O
                         net (fo=3, routed)           0.964    21.081    disp_inst/seg_OBUF[6]_inst_i_72_n_0
    SLICE_X18Y128        LUT6 (Prop_lut6_I0_O)        0.124    21.205 r  disp_inst/seg_OBUF[6]_inst_i_541/O
                         net (fo=5, routed)           0.747    21.953    disp_inst/seg_OBUF[6]_inst_i_541_n_0
    SLICE_X19Y128        LUT2 (Prop_lut2_I0_O)        0.124    22.077 r  disp_inst/seg_OBUF[6]_inst_i_543/O
                         net (fo=36, routed)          1.333    23.410    disp_inst/seg_OBUF[6]_inst_i_543_n_0
    SLICE_X27Y128        LUT2 (Prop_lut2_I0_O)        0.124    23.534 r  disp_inst/seg_OBUF[6]_inst_i_682/O
                         net (fo=1, routed)           0.433    23.967    disp_inst/seg_OBUF[6]_inst_i_682_n_0
    SLICE_X27Y128        LUT6 (Prop_lut6_I0_O)        0.124    24.091 r  disp_inst/seg_OBUF[6]_inst_i_616/O
                         net (fo=2, routed)           0.529    24.620    disp_inst/seg_OBUF[6]_inst_i_616_n_0
    SLICE_X26Y128        CARRY4 (Prop_carry4_DI[1]_CO[3])
                                                      0.507    25.127 r  disp_inst/seg_OBUF[6]_inst_i_621/CO[3]
                         net (fo=1, routed)           0.000    25.127    disp_inst/seg_OBUF[6]_inst_i_621_n_0
    SLICE_X26Y129        CARRY4 (Prop_carry4_CI_CO[3])
                                                      0.114    25.241 r  disp_inst/seg_OBUF[6]_inst_i_513/CO[3]
                         net (fo=1, routed)           0.000    25.241    disp_inst/seg_OBUF[6]_inst_i_513_n_0
    SLICE_X26Y130        CARRY4 (Prop_carry4_CI_CO[3])
                                                      0.114    25.355 f  disp_inst/seg_OBUF[6]_inst_i_357/CO[3]
                         net (fo=45, routed)          1.347    26.702    disp_inst/seg_OBUF[6]_inst_i_357_n_0
    SLICE_X18Y131        LUT6 (Prop_lut6_I0_O)        0.124    26.826 r  disp_inst/seg_OBUF[6]_inst_i_376/O
                         net (fo=2, routed)           0.886    27.712    disp_inst/seg_OBUF[6]_inst_i_376_n_0
    SLICE_X19Y131        LUT4 (Prop_lut4_I0_O)        0.124    27.836 r  disp_inst/seg_OBUF[6]_inst_i_379/O
                         net (fo=1, routed)           0.000    27.836    disp_inst/seg_OBUF[6]_inst_i_379_n_0
    SLICE_X19Y131        CARRY4 (Prop_carry4_S[3]_O[3])
                                                      0.248    28.084 r  disp_inst/seg_OBUF[6]_inst_i_244/O[3]
                         net (fo=5, routed)           1.273    29.358    disp_inst/seg_OBUF[6]_inst_i_244_n_4
    SLICE_X25Y132        LUT3 (Prop_lut3_I1_O)        0.306    29.664 r  disp_inst/seg_OBUF[6]_inst_i_251/O
                         net (fo=1, routed)           1.109    30.773    disp_inst/seg_OBUF[6]_inst_i_251_n_0
    SLICE_X24Y132        LUT6 (Prop_lut6_I0_O)        0.124    30.897 r  disp_inst/seg_OBUF[6]_inst_i_145/O
                         net (fo=1, routed)           0.000    30.897    disp_inst/seg_OBUF[6]_inst_i_145_n_0
    SLICE_X24Y132        CARRY4 (Prop_carry4_S[3]_CO[3])
                                                      0.401    31.298 r  disp_inst/seg_OBUF[6]_inst_i_76/CO[3]
                         net (fo=1, routed)           0.000    31.298    disp_inst/seg_OBUF[6]_inst_i_76_n_0
    SLICE_X24Y133        CARRY4 (Prop_carry4_CI_O[1])
                                                      0.334    31.632 r  disp_inst/seg_OBUF[6]_inst_i_137/O[1]
                         net (fo=2, routed)           0.754    32.386    disp_inst/seg_OBUF[6]_inst_i_137_n_6
    SLICE_X23Y132        LUT2 (Prop_lut2_I0_O)        0.303    32.689 r  disp_inst/seg_OBUF[6]_inst_i_139/O
                         net (fo=1, routed)           0.000    32.689    disp_inst/seg_OBUF[6]_inst_i_139_n_0
    SLICE_X23Y132        CARRY4 (Prop_carry4_S[1]_O[1])
                                                      0.227    32.916 r  disp_inst/seg_OBUF[6]_inst_i_75/O[1]
                         net (fo=1, routed)           0.798    33.715    disp_inst/seg_OBUF[6]_inst_i_75_n_6
    SLICE_X17Y131        LUT2 (Prop_lut2_I1_O)        0.303    34.018 r  disp_inst/seg_OBUF[6]_inst_i_35/O
                         net (fo=1, routed)           0.000    34.018    disp_inst/seg_OBUF[6]_inst_i_35_n_0
    SLICE_X17Y131        CARRY4 (Prop_carry4_S[3]_CO[3])
                                                      0.401    34.419 r  disp_inst/seg_OBUF[6]_inst_i_12/CO[3]
                         net (fo=1, routed)           0.000    34.419    disp_inst/seg_OBUF[6]_inst_i_12_n_0
    SLICE_X17Y132        CARRY4 (Prop_carry4_CI_O[0])
                                                      0.222    34.641 r  disp_inst/seg_OBUF[6]_inst_i_30/O[0]
                         net (fo=3, routed)           1.140    35.781    disp_inst/seg_OBUF[6]_inst_i_30_n_7
    SLICE_X16Y130        LUT4 (Prop_lut4_I0_O)        0.327    36.108 f  disp_inst/seg_OBUF[6]_inst_i_55/O
                         net (fo=3, routed)           0.981    37.089    disp_inst/seg_OBUF[6]_inst_i_55_n_0
    SLICE_X13Y131        LUT6 (Prop_lut6_I2_O)        0.326    37.415 r  disp_inst/seg_OBUF[6]_inst_i_56/O
                         net (fo=1, routed)           0.990    38.404    disp_inst/seg_OBUF[6]_inst_i_56_n_0
    SLICE_X12Y130        LUT6 (Prop_lut6_I0_O)        0.124    38.528 r  disp_inst/seg_OBUF[6]_inst_i_24/O
                         net (fo=1, routed)           0.161    38.689    disp_inst/seg_OBUF[6]_inst_i_24_n_0
    SLICE_X12Y130        LUT6 (Prop_lut6_I5_O)        0.124    38.813 r  disp_inst/seg_OBUF[6]_inst_i_5/O
                         net (fo=7, routed)           0.608    39.421    disp_inst/digit[2]
    SLICE_X12Y129        LUT4 (Prop_lut4_I3_O)        0.124    39.545 r  disp_inst/seg_OBUF[5]_inst_i_1/O
                         net (fo=1, routed)           5.734    45.279    seg_OBUF[5]
    M19                  OBUF (Prop_obuf_I_O)         3.519    48.798 r  seg_OBUF[5]_inst/O
                         net (fo=0)                   0.000    48.798    seg[5]
    M19                                                               r  seg[5] (OUT)
  -------------------------------------------------------------------    -------------------

Slack:                    inf
  Source:                 bpm_disp_reg[10]/C
                            (rising edge-triggered cell FDRE clocked by sys_clk_pin  {rise@0.000ns fall@5.000ns period=10.000ns})
  Destination:            seg[6]
                            (output port)
  Path Group:             (none)
  Path Type:              Max at Slow Process Corner
  Data Path Delay:        42.863ns  (logic 14.379ns (33.547%)  route 28.484ns (66.453%))
  Logic Levels:           40  (CARRY4=17 LUT2=5 LUT3=3 LUT4=4 LUT5=1 LUT6=9 OBUF=1)
  Clock Uncertainty:      0.025ns  ((TSJ^2 + TIJ^2)^1/2 + DJ) / 2 + PE
    Total System Jitter     (TSJ):    0.050ns
    Total Input Jitter      (TIJ):    0.000ns
    Discrete Jitter          (DJ):    0.000ns
    Phase Error              (PE):    0.000ns

    Location             Delay type                Incr(ns)  Path(ns)    Netlist Resource(s)
  -------------------------------------------------------------------    -------------------
                         (clock sys_clk_pin rise edge)
                                                      0.000     0.000 r  
    W5                                                0.000     0.000 r  clk (IN)
                         net (fo=0)                   0.000     0.000    clk
    W5                   IBUF (Prop_ibuf_I_O)         1.458     1.458 r  clk_IBUF_inst/O
                         net (fo=1, routed)           1.967     3.425    clk_IBUF
    BUFGCTRL_X0Y1        BUFG (Prop_bufg_I_O)         0.096     3.521 r  clk_IBUF_BUFG_inst/O
                         net (fo=236, routed)         1.800     5.321    clk_IBUF_BUFG
    SLICE_X4Y133         FDRE                                         r  bpm_disp_reg[10]/C
  -------------------------------------------------------------------    -------------------
    SLICE_X4Y133         FDRE (Prop_fdre_C_Q)         0.456     5.777 r  bpm_disp_reg[10]/Q
                         net (fo=34, routed)          2.752     8.529    disp_inst/Q[10]
    SLICE_X15Y127        LUT2 (Prop_lut2_I0_O)        0.124     8.653 r  disp_inst/seg_OBUF[6]_inst_i_317/O
                         net (fo=1, routed)           0.000     8.653    disp_inst/seg_OBUF[6]_inst_i_317_n_0
    SLICE_X15Y127        CARRY4 (Prop_carry4_S[1]_CO[3])
                                                      0.550     9.203 r  disp_inst/seg_OBUF[6]_inst_i_200/CO[3]
                         net (fo=1, routed)           0.000     9.203    disp_inst/seg_OBUF[6]_inst_i_200_n_0
    SLICE_X15Y128        CARRY4 (Prop_carry4_CI_O[1])
                                                      0.334     9.537 r  disp_inst/seg_OBUF[6]_inst_i_186/O[1]
                         net (fo=4, routed)           1.101    10.638    disp_inst/seg_OBUF[6]_inst_i_186_n_6
    SLICE_X13Y128        LUT3 (Prop_lut3_I2_O)        0.303    10.941 r  disp_inst/seg_OBUF[6]_inst_i_188/O
                         net (fo=1, routed)           0.670    11.611    disp_inst/seg_OBUF[6]_inst_i_188_n_0
    SLICE_X13Y128        LUT5 (Prop_lut5_I4_O)        0.124    11.735 r  disp_inst/seg_OBUF[6]_inst_i_114/O
                         net (fo=2, routed)           0.786    12.520    disp_inst/seg_OBUF[6]_inst_i_114_n_0
    SLICE_X14Y128        LUT6 (Prop_lut6_I0_O)        0.124    12.644 r  disp_inst/seg_OBUF[6]_inst_i_118/O
                         net (fo=1, routed)           0.000    12.644    disp_inst/seg_OBUF[6]_inst_i_118_n_0
    SLICE_X14Y128        CARRY4 (Prop_carry4_S[0]_CO[3])
                                                      0.513    13.157 r  disp_inst/seg_OBUF[6]_inst_i_70/CO[3]
                         net (fo=1, routed)           0.000    13.157    disp_inst/seg_OBUF[6]_inst_i_70_n_0
    SLICE_X14Y129        CARRY4 (Prop_carry4_CI_O[0])
                                                      0.219    13.376 r  disp_inst/seg_OBUF[6]_inst_i_227/O[0]
                         net (fo=13, routed)          1.618    14.995    disp_inst/seg_OBUF[6]_inst_i_227_n_7
    SLICE_X18Y123        LUT6 (Prop_lut6_I3_O)        0.295    15.290 r  disp_inst/seg_OBUF[6]_inst_i_331/O
                         net (fo=1, routed)           0.000    15.290    disp_inst/seg_OBUF[6]_inst_i_331_n_0
    SLICE_X18Y123        CARRY4 (Prop_carry4_S[3]_CO[3])
                                                      0.401    15.691 r  disp_inst/seg_OBUF[6]_inst_i_218/CO[3]
                         net (fo=1, routed)           0.000    15.691    disp_inst/seg_OBUF[6]_inst_i_218_n_0
    SLICE_X18Y124        CARRY4 (Prop_carry4_CI_O[1])
                                                      0.334    16.025 r  disp_inst/seg_OBUF[6]_inst_i_131/O[1]
                         net (fo=3, routed)           1.163    17.188    disp_inst/seg_OBUF[6]_inst_i_131_n_6
    SLICE_X16Y126        LUT4 (Prop_lut4_I1_O)        0.303    17.491 r  disp_inst/seg_OBUF[6]_inst_i_217/O
                         net (fo=1, routed)           0.000    17.491    disp_inst/seg_OBUF[6]_inst_i_217_n_0
    SLICE_X16Y126        CARRY4 (Prop_carry4_S[0]_CO[3])
                                                      0.532    18.023 r  disp_inst/seg_OBUF[6]_inst_i_128/CO[3]
                         net (fo=1, routed)           0.000    18.023    disp_inst/seg_OBUF[6]_inst_i_128_n_0
    SLICE_X16Y127        CARRY4 (Prop_carry4_CI_CO[0])
                                                      0.271    18.294 r  disp_inst/seg_OBUF[6]_inst_i_73/CO[0]
                         net (fo=32, routed)          1.451    19.744    disp_inst/seg_OBUF[6]_inst_i_73_n_3
    SLICE_X27Y129        LUT3 (Prop_lut3_I2_O)        0.373    20.117 r  disp_inst/seg_OBUF[6]_inst_i_72/O
                         net (fo=3, routed)           0.964    21.081    disp_inst/seg_OBUF[6]_inst_i_72_n_0
    SLICE_X18Y128        LUT6 (Prop_lut6_I0_O)        0.124    21.205 r  disp_inst/seg_OBUF[6]_inst_i_541/O
                         net (fo=5, routed)           0.747    21.953    disp_inst/seg_OBUF[6]_inst_i_541_n_0
    SLICE_X19Y128        LUT2 (Prop_lut2_I0_O)        0.124    22.077 r  disp_inst/seg_OBUF[6]_inst_i_543/O
                         net (fo=36, routed)          1.333    23.410    disp_inst/seg_OBUF[6]_inst_i_543_n_0
    SLICE_X27Y128        LUT2 (Prop_lut2_I0_O)        0.124    23.534 r  disp_inst/seg_OBUF[6]_inst_i_682/O
                         net (fo=1, routed)           0.433    23.967    disp_inst/seg_OBUF[6]_inst_i_682_n_0
    SLICE_X27Y128        LUT6 (Prop_lut6_I0_O)        0.124    24.091 r  disp_inst/seg_OBUF[6]_inst_i_616/O
                         net (fo=2, routed)           0.529    24.620    disp_inst/seg_OBUF[6]_inst_i_616_n_0
    SLICE_X26Y128        CARRY4 (Prop_carry4_DI[1]_CO[3])
                                                      0.507    25.127 r  disp_inst/seg_OBUF[6]_inst_i_621/CO[3]
                         net (fo=1, routed)           0.000    25.127    disp_inst/seg_OBUF[6]_inst_i_621_n_0
    SLICE_X26Y129        CARRY4 (Prop_carry4_CI_CO[3])
                                                      0.114    25.241 r  disp_inst/seg_OBUF[6]_inst_i_513/CO[3]
                         net (fo=1, routed)           0.000    25.241    disp_inst/seg_OBUF[6]_inst_i_513_n_0
    SLICE_X26Y130        CARRY4 (Prop_carry4_CI_CO[3])
                                                      0.114    25.355 f  disp_inst/seg_OBUF[6]_inst_i_357/CO[3]
                         net (fo=45, routed)          1.347    26.702    disp_inst/seg_OBUF[6]_inst_i_357_n_0
    SLICE_X18Y131        LUT6 (Prop_lut6_I0_O)        0.124    26.826 r  disp_inst/seg_OBUF[6]_inst_i_376/O
                         net (fo=2, routed)           0.886    27.712    disp_inst/seg_OBUF[6]_inst_i_376_n_0
    SLICE_X19Y131        LUT4 (Prop_lut4_I0_O)        0.124    27.836 r  disp_inst/seg_OBUF[6]_inst_i_379/O
                         net (fo=1, routed)           0.000    27.836    disp_inst/seg_OBUF[6]_inst_i_379_n_0
    SLICE_X19Y131        CARRY4 (Prop_carry4_S[3]_O[3])
                                                      0.248    28.084 r  disp_inst/seg_OBUF[6]_inst_i_244/O[3]
                         net (fo=5, routed)           1.273    29.358    disp_inst/seg_OBUF[6]_inst_i_244_n_4
    SLICE_X25Y132        LUT3 (Prop_lut3_I1_O)        0.306    29.664 r  disp_inst/seg_OBUF[6]_inst_i_251/O
                         net (fo=1, routed)           1.109    30.773    disp_inst/seg_OBUF[6]_inst_i_251_n_0
    SLICE_X24Y132        LUT6 (Prop_lut6_I0_O)        0.124    30.897 r  disp_inst/seg_OBUF[6]_inst_i_145/O
                         net (fo=1, routed)           0.000    30.897    disp_inst/seg_OBUF[6]_inst_i_145_n_0
    SLICE_X24Y132        CARRY4 (Prop_carry4_S[3]_CO[3])
                                                      0.401    31.298 r  disp_inst/seg_OBUF[6]_inst_i_76/CO[3]
                         net (fo=1, routed)           0.000    31.298    disp_inst/seg_OBUF[6]_inst_i_76_n_0
    SLICE_X24Y133        CARRY4 (Prop_carry4_CI_O[1])
                                                      0.334    31.632 r  disp_inst/seg_OBUF[6]_inst_i_137/O[1]
                         net (fo=2, routed)           0.754    32.386    disp_inst/seg_OBUF[6]_inst_i_137_n_6
    SLICE_X23Y132        LUT2 (Prop_lut2_I0_O)        0.303    32.689 r  disp_inst/seg_OBUF[6]_inst_i_139/O
                         net (fo=1, routed)           0.000    32.689    disp_inst/seg_OBUF[6]_inst_i_139_n_0
    SLICE_X23Y132        CARRY4 (Prop_carry4_S[1]_O[1])
                                                      0.227    32.916 r  disp_inst/seg_OBUF[6]_inst_i_75/O[1]
                         net (fo=1, routed)           0.798    33.715    disp_inst/seg_OBUF[6]_inst_i_75_n_6
    SLICE_X17Y131        LUT2 (Prop_lut2_I1_O)        0.303    34.018 r  disp_inst/seg_OBUF[6]_inst_i_35/O
                         net (fo=1, routed)           0.000    34.018    disp_inst/seg_OBUF[6]_inst_i_35_n_0
    SLICE_X17Y131        CARRY4 (Prop_carry4_S[3]_CO[3])
                                                      0.401    34.419 r  disp_inst/seg_OBUF[6]_inst_i_12/CO[3]
                         net (fo=1, routed)           0.000    34.419    disp_inst/seg_OBUF[6]_inst_i_12_n_0
    SLICE_X17Y132        CARRY4 (Prop_carry4_CI_O[0])
                                                      0.222    34.641 r  disp_inst/seg_OBUF[6]_inst_i_30/O[0]
                         net (fo=3, routed)           1.140    35.781    disp_inst/seg_OBUF[6]_inst_i_30_n_7
    SLICE_X16Y130        LUT4 (Prop_lut4_I0_O)        0.327    36.108 f  disp_inst/seg_OBUF[6]_inst_i_55/O
                         net (fo=3, routed)           0.981    37.089    disp_inst/seg_OBUF[6]_inst_i_55_n_0
    SLICE_X13Y131        LUT6 (Prop_lut6_I2_O)        0.326    37.415 r  disp_inst/seg_OBUF[6]_inst_i_56/O
                         net (fo=1, routed)           0.990    38.404    disp_inst/seg_OBUF[6]_inst_i_56_n_0
    SLICE_X12Y130        LUT6 (Prop_lut6_I0_O)        0.124    38.528 r  disp_inst/seg_OBUF[6]_inst_i_24/O
                         net (fo=1, routed)           0.161    38.689    disp_inst/seg_OBUF[6]_inst_i_24_n_0
    SLICE_X12Y130        LUT6 (Prop_lut6_I5_O)        0.124    38.813 r  disp_inst/seg_OBUF[6]_inst_i_5/O
                         net (fo=7, routed)           0.608    39.421    disp_inst/digit[2]
    SLICE_X12Y129        LUT4 (Prop_lut4_I3_O)        0.153    39.574 r  disp_inst/seg_OBUF[6]_inst_i_1/O
                         net (fo=1, routed)           4.889    44.463    seg_OBUF[6]
    P18                  OBUF (Prop_obuf_I_O)         3.721    48.184 r  seg_OBUF[6]_inst/O
                         net (fo=0)                   0.000    48.184    seg[6]
    P18                                                               r  seg[6] (OUT)
  -------------------------------------------------------------------    -------------------

Slack:                    inf
  Source:                 bpm_disp_reg[10]/C
                            (rising edge-triggered cell FDRE clocked by sys_clk_pin  {rise@0.000ns fall@5.000ns period=10.000ns})
  Destination:            seg[0]
                            (output port)
  Path Group:             (none)
  Path Type:              Max at Slow Process Corner
  Data Path Delay:        42.278ns  (logic 14.126ns (33.412%)  route 28.152ns (66.588%))
  Logic Levels:           40  (CARRY4=17 LUT2=5 LUT3=3 LUT4=4 LUT5=1 LUT6=9 OBUF=1)
  Clock Uncertainty:      0.025ns  ((TSJ^2 + TIJ^2)^1/2 + DJ) / 2 + PE
    Total System Jitter     (TSJ):    0.050ns
    Total Input Jitter      (TIJ):    0.000ns
    Discrete Jitter          (DJ):    0.000ns
    Phase Error              (PE):    0.000ns

    Location             Delay type                Incr(ns)  Path(ns)    Netlist Resource(s)
  -------------------------------------------------------------------    -------------------
                         (clock sys_clk_pin rise edge)
                                                      0.000     0.000 r  
    W5                                                0.000     0.000 r  clk (IN)
                         net (fo=0)                   0.000     0.000    clk
    W5                   IBUF (Prop_ibuf_I_O)         1.458     1.458 r  clk_IBUF_inst/O
                         net (fo=1, routed)           1.967     3.425    clk_IBUF
    BUFGCTRL_X0Y1        BUFG (Prop_bufg_I_O)         0.096     3.521 r  clk_IBUF_BUFG_inst/O
                         net (fo=236, routed)         1.800     5.321    clk_IBUF_BUFG
    SLICE_X4Y133         FDRE                                         r  bpm_disp_reg[10]/C
  -------------------------------------------------------------------    -------------------
    SLICE_X4Y133         FDRE (Prop_fdre_C_Q)         0.456     5.777 r  bpm_disp_reg[10]/Q
                         net (fo=34, routed)          2.752     8.529    disp_inst/Q[10]
    SLICE_X15Y127        LUT2 (Prop_lut2_I0_O)        0.124     8.653 r  disp_inst/seg_OBUF[6]_inst_i_317/O
                         net (fo=1, routed)           0.000     8.653    disp_inst/seg_OBUF[6]_inst_i_317_n_0
    SLICE_X15Y127        CARRY4 (Prop_carry4_S[1]_CO[3])
                                                      0.550     9.203 r  disp_inst/seg_OBUF[6]_inst_i_200/CO[3]
                         net (fo=1, routed)           0.000     9.203    disp_inst/seg_OBUF[6]_inst_i_200_n_0
    SLICE_X15Y128        CARRY4 (Prop_carry4_CI_O[1])
                                                      0.334     9.537 r  disp_inst/seg_OBUF[6]_inst_i_186/O[1]
                         net (fo=4, routed)           1.101    10.638    disp_inst/seg_OBUF[6]_inst_i_186_n_6
    SLICE_X13Y128        LUT3 (Prop_lut3_I2_O)        0.303    10.941 r  disp_inst/seg_OBUF[6]_inst_i_188/O
                         net (fo=1, routed)           0.670    11.611    disp_inst/seg_OBUF[6]_inst_i_188_n_0
    SLICE_X13Y128        LUT5 (Prop_lut5_I4_O)        0.124    11.735 r  disp_inst/seg_OBUF[6]_inst_i_114/O
                         net (fo=2, routed)           0.786    12.520    disp_inst/seg_OBUF[6]_inst_i_114_n_0
    SLICE_X14Y128        LUT6 (Prop_lut6_I0_O)        0.124    12.644 r  disp_inst/seg_OBUF[6]_inst_i_118/O
                         net (fo=1, routed)           0.000    12.644    disp_inst/seg_OBUF[6]_inst_i_118_n_0
    SLICE_X14Y128        CARRY4 (Prop_carry4_S[0]_CO[3])
                                                      0.513    13.157 r  disp_inst/seg_OBUF[6]_inst_i_70/CO[3]
                         net (fo=1, routed)           0.000    13.157    disp_inst/seg_OBUF[6]_inst_i_70_n_0
    SLICE_X14Y129        CARRY4 (Prop_carry4_CI_O[0])
                                                      0.219    13.376 r  disp_inst/seg_OBUF[6]_inst_i_227/O[0]
                         net (fo=13, routed)          1.618    14.995    disp_inst/seg_OBUF[6]_inst_i_227_n_7
    SLICE_X18Y123        LUT6 (Prop_lut6_I3_O)        0.295    15.290 r  disp_inst/seg_OBUF[6]_inst_i_331/O
                         net (fo=1, routed)           0.000    15.290    disp_inst/seg_OBUF[6]_inst_i_331_n_0
    SLICE_X18Y123        CARRY4 (Prop_carry4_S[3]_CO[3])
                                                      0.401    15.691 r  disp_inst/seg_OBUF[6]_inst_i_218/CO[3]
                         net (fo=1, routed)           0.000    15.691    disp_inst/seg_OBUF[6]_inst_i_218_n_0
    SLICE_X18Y124        CARRY4 (Prop_carry4_CI_O[1])
                                                      0.334    16.025 r  disp_inst/seg_OBUF[6]_inst_i_131/O[1]
                         net (fo=3, routed)           1.163    17.188    disp_inst/seg_OBUF[6]_inst_i_131_n_6
    SLICE_X16Y126        LUT4 (Prop_lut4_I1_O)        0.303    17.491 r  disp_inst/seg_OBUF[6]_inst_i_217/O
                         net (fo=1, routed)           0.000    17.491    disp_inst/seg_OBUF[6]_inst_i_217_n_0
    SLICE_X16Y126        CARRY4 (Prop_carry4_S[0]_CO[3])
                                                      0.532    18.023 r  disp_inst/seg_OBUF[6]_inst_i_128/CO[3]
                         net (fo=1, routed)           0.000    18.023    disp_inst/seg_OBUF[6]_inst_i_128_n_0
    SLICE_X16Y127        CARRY4 (Prop_carry4_CI_CO[0])
                                                      0.271    18.294 r  disp_inst/seg_OBUF[6]_inst_i_73/CO[0]
                         net (fo=32, routed)          1.451    19.744    disp_inst/seg_OBUF[6]_inst_i_73_n_3
    SLICE_X27Y129        LUT3 (Prop_lut3_I2_O)        0.373    20.117 r  disp_inst/seg_OBUF[6]_inst_i_72/O
                         net (fo=3, routed)           0.964    21.081    disp_inst/seg_OBUF[6]_inst_i_72_n_0
    SLICE_X18Y128        LUT6 (Prop_lut6_I0_O)        0.124    21.205 r  disp_inst/seg_OBUF[6]_inst_i_541/O
                         net (fo=5, routed)           0.747    21.953    disp_inst/seg_OBUF[6]_inst_i_541_n_0
    SLICE_X19Y128        LUT2 (Prop_lut2_I0_O)        0.124    22.077 r  disp_inst/seg_OBUF[6]_inst_i_543/O
                         net (fo=36, routed)          1.333    23.410    disp_inst/seg_OBUF[6]_inst_i_543_n_0
    SLICE_X27Y128        LUT2 (Prop_lut2_I0_O)        0.124    23.534 r  disp_inst/seg_OBUF[6]_inst_i_682/O
                         net (fo=1, routed)           0.433    23.967    disp_inst/seg_OBUF[6]_inst_i_682_n_0
    SLICE_X27Y128        LUT6 (Prop_lut6_I0_O)        0.124    24.091 r  disp_inst/seg_OBUF[6]_inst_i_616/O
                         net (fo=2, routed)           0.529    24.620    disp_inst/seg_OBUF[6]_inst_i_616_n_0
    SLICE_X26Y128        CARRY4 (Prop_carry4_DI[1]_CO[3])
                                                      0.507    25.127 r  disp_inst/seg_OBUF[6]_inst_i_621/CO[3]
                         net (fo=1, routed)           0.000    25.127    disp_inst/seg_OBUF[6]_inst_i_621_n_0
    SLICE_X26Y129        CARRY4 (Prop_carry4_CI_CO[3])
                                                      0.114    25.241 r  disp_inst/seg_OBUF[6]_inst_i_513/CO[3]
                         net (fo=1, routed)           0.000    25.241    disp_inst/seg_OBUF[6]_inst_i_513_n_0
    SLICE_X26Y130        CARRY4 (Prop_carry4_CI_CO[3])
                                                      0.114    25.355 f  disp_inst/seg_OBUF[6]_inst_i_357/CO[3]
                         net (fo=45, routed)          1.347    26.702    disp_inst/seg_OBUF[6]_inst_i_357_n_0
    SLICE_X18Y131        LUT6 (Prop_lut6_I0_O)        0.124    26.826 r  disp_inst/seg_OBUF[6]_inst_i_376/O
                         net (fo=2, routed)           0.886    27.712    disp_inst/seg_OBUF[6]_inst_i_376_n_0
    SLICE_X19Y131        LUT4 (Prop_lut4_I0_O)        0.124    27.836 r  disp_inst/seg_OBUF[6]_inst_i_379/O
                         net (fo=1, routed)           0.000    27.836    disp_inst/seg_OBUF[6]_inst_i_379_n_0
    SLICE_X19Y131        CARRY4 (Prop_carry4_S[3]_O[3])
                                                      0.248    28.084 r  disp_inst/seg_OBUF[6]_inst_i_244/O[3]
                         net (fo=5, routed)           1.273    29.358    disp_inst/seg_OBUF[6]_inst_i_244_n_4
    SLICE_X25Y132        LUT3 (Prop_lut3_I1_O)        0.306    29.664 r  disp_inst/seg_OBUF[6]_inst_i_251/O
                         net (fo=1, routed)           1.109    30.773    disp_inst/seg_OBUF[6]_inst_i_251_n_0
    SLICE_X24Y132        LUT6 (Prop_lut6_I0_O)        0.124    30.897 r  disp_inst/seg_OBUF[6]_inst_i_145/O
                         net (fo=1, routed)           0.000    30.897    disp_inst/seg_OBUF[6]_inst_i_145_n_0
    SLICE_X24Y132        CARRY4 (Prop_carry4_S[3]_CO[3])
                                                      0.401    31.298 r  disp_inst/seg_OBUF[6]_inst_i_76/CO[3]
                         net (fo=1, routed)           0.000    31.298    disp_inst/seg_OBUF[6]_inst_i_76_n_0
    SLICE_X24Y133        CARRY4 (Prop_carry4_CI_O[1])
                                                      0.334    31.632 r  disp_inst/seg_OBUF[6]_inst_i_137/O[1]
                         net (fo=2, routed)           0.754    32.386    disp_inst/seg_OBUF[6]_inst_i_137_n_6
    SLICE_X23Y132        LUT2 (Prop_lut2_I0_O)        0.303    32.689 r  disp_inst/seg_OBUF[6]_inst_i_139/O
                         net (fo=1, routed)           0.000    32.689    disp_inst/seg_OBUF[6]_inst_i_139_n_0
    SLICE_X23Y132        CARRY4 (Prop_carry4_S[1]_O[1])
                                                      0.227    32.916 r  disp_inst/seg_OBUF[6]_inst_i_75/O[1]
                         net (fo=1, routed)           0.798    33.715    disp_inst/seg_OBUF[6]_inst_i_75_n_6
    SLICE_X17Y131        LUT2 (Prop_lut2_I1_O)        0.303    34.018 r  disp_inst/seg_OBUF[6]_inst_i_35/O
                         net (fo=1, routed)           0.000    34.018    disp_inst/seg_OBUF[6]_inst_i_35_n_0
    SLICE_X17Y131        CARRY4 (Prop_carry4_S[3]_CO[3])
                                                      0.401    34.419 r  disp_inst/seg_OBUF[6]_inst_i_12/CO[3]
                         net (fo=1, routed)           0.000    34.419    disp_inst/seg_OBUF[6]_inst_i_12_n_0
    SLICE_X17Y132        CARRY4 (Prop_carry4_CI_O[0])
                                                      0.222    34.641 r  disp_inst/seg_OBUF[6]_inst_i_30/O[0]
                         net (fo=3, routed)           1.140    35.781    disp_inst/seg_OBUF[6]_inst_i_30_n_7
    SLICE_X16Y130        LUT4 (Prop_lut4_I0_O)        0.327    36.108 f  disp_inst/seg_OBUF[6]_inst_i_55/O
                         net (fo=3, routed)           0.789    36.897    disp_inst/seg_OBUF[6]_inst_i_55_n_0
    SLICE_X12Y131        LUT6 (Prop_lut6_I5_O)        0.326    37.223 r  disp_inst/seg_OBUF[6]_inst_i_48/O
                         net (fo=1, routed)           0.575    37.798    disp_inst/seg_OBUF[6]_inst_i_48_n_0
    SLICE_X13Y131        LUT6 (Prop_lut6_I0_O)        0.124    37.922 r  disp_inst/seg_OBUF[6]_inst_i_19/O
                         net (fo=1, routed)           0.665    38.587    disp_inst/seg_OBUF[6]_inst_i_19_n_0
    SLICE_X13Y131        LUT6 (Prop_lut6_I5_O)        0.124    38.711 r  disp_inst/seg_OBUF[6]_inst_i_4/O
                         net (fo=7, routed)           0.998    39.709    disp_inst/digit[1]
    SLICE_X12Y129        LUT4 (Prop_lut4_I0_O)        0.124    39.833 r  disp_inst/seg_OBUF[0]_inst_i_1/O
                         net (fo=1, routed)           4.269    44.102    seg_OBUF[0]
    P17                  OBUF (Prop_obuf_I_O)         3.497    47.599 r  seg_OBUF[0]_inst/O
                         net (fo=0)                   0.000    47.599    seg[0]
    P17                                                               r  seg[0] (OUT)
  -------------------------------------------------------------------    -------------------

Slack:                    inf
  Source:                 disp_inst/sel_reg[0]/C
                            (rising edge-triggered cell FDRE clocked by sys_clk_pin  {rise@0.000ns fall@5.000ns period=10.000ns})
  Destination:            an_pulso[1]
                            (output port)
  Path Group:             (none)
  Path Type:              Max at Slow Process Corner
  Data Path Delay:        9.937ns  (logic 4.088ns (41.141%)  route 5.849ns (58.859%))
  Logic Levels:           2  (LUT2=1 OBUF=1)
  Clock Uncertainty:      0.025ns  ((TSJ^2 + TIJ^2)^1/2 + DJ) / 2 + PE
    Total System Jitter     (TSJ):    0.050ns
    Total Input Jitter      (TIJ):    0.000ns
    Discrete Jitter          (DJ):    0.000ns
    Phase Error              (PE):    0.000ns

    Location             Delay type                Incr(ns)  Path(ns)    Netlist Resource(s)
  -------------------------------------------------------------------    -------------------
                         (clock sys_clk_pin rise edge)
                                                      0.000     0.000 r  
    W5                                                0.000     0.000 r  clk (IN)
                         net (fo=0)                   0.000     0.000    clk
    W5                   IBUF (Prop_ibuf_I_O)         1.458     1.458 r  clk_IBUF_inst/O
                         net (fo=1, routed)           1.967     3.425    clk_IBUF
    BUFGCTRL_X0Y1        BUFG (Prop_bufg_I_O)         0.096     3.521 r  clk_IBUF_BUFG_inst/O
                         net (fo=236, routed)         1.798     5.319    disp_inst/clk_IBUF_BUFG
    SLICE_X0Y131         FDRE                                         r  disp_inst/sel_reg[0]/C
  -------------------------------------------------------------------    -------------------
    SLICE_X0Y131         FDRE (Prop_fdre_C_Q)         0.456     5.775 f  disp_inst/sel_reg[0]/Q
                         net (fo=16, routed)          1.484     7.259    disp_inst/sel[0]
    SLICE_X14Y130        LUT2 (Prop_lut2_I1_O)        0.124     7.383 r  disp_inst/an_pulso_OBUF[1]_inst_i_1/O
                         net (fo=3, routed)           4.365    11.748    an_pulso_OBUF[1]
    J2                   OBUF (Prop_obuf_I_O)         3.508    15.256 r  an_pulso_OBUF[1]_inst/O
                         net (fo=0)                   0.000    15.256    an_pulso[1]
    J2                                                                r  an_pulso[1] (OUT)
  -------------------------------------------------------------------    -------------------

Slack:                    inf
  Source:                 disp_inst/sel_reg[0]/C
                            (rising edge-triggered cell FDRE clocked by sys_clk_pin  {rise@0.000ns fall@5.000ns period=10.000ns})
  Destination:            an_pulso[2]
                            (output port)
  Path Group:             (none)
  Path Type:              Max at Slow Process Corner
  Data Path Delay:        9.893ns  (logic 4.300ns (43.465%)  route 5.593ns (56.535%))
  Logic Levels:           2  (LUT2=1 OBUF=1)
  Clock Uncertainty:      0.025ns  ((TSJ^2 + TIJ^2)^1/2 + DJ) / 2 + PE
    Total System Jitter     (TSJ):    0.050ns
    Total Input Jitter      (TIJ):    0.000ns
    Discrete Jitter          (DJ):    0.000ns
    Phase Error              (PE):    0.000ns

    Location             Delay type                Incr(ns)  Path(ns)    Netlist Resource(s)
  -------------------------------------------------------------------    -------------------
                         (clock sys_clk_pin rise edge)
                                                      0.000     0.000 r  
    W5                                                0.000     0.000 r  clk (IN)
                         net (fo=0)                   0.000     0.000    clk
    W5                   IBUF (Prop_ibuf_I_O)         1.458     1.458 r  clk_IBUF_inst/O
                         net (fo=1, routed)           1.967     3.425    clk_IBUF
    BUFGCTRL_X0Y1        BUFG (Prop_bufg_I_O)         0.096     3.521 r  clk_IBUF_BUFG_inst/O
                         net (fo=236, routed)         1.798     5.319    disp_inst/clk_IBUF_BUFG
    SLICE_X0Y131         FDRE                                         r  disp_inst/sel_reg[0]/C
  -------------------------------------------------------------------    -------------------
    SLICE_X0Y131         FDRE (Prop_fdre_C_Q)         0.456     5.775 r  disp_inst/sel_reg[0]/Q
                         net (fo=16, routed)          1.484     7.259    disp_inst/sel[0]
    SLICE_X14Y130        LUT2 (Prop_lut2_I0_O)        0.150     7.409 r  disp_inst/an_pulso_OBUF[2]_inst_i_1/O
                         net (fo=2, routed)           4.109    11.518    an_pulso_OBUF[2]
    G2                   OBUF (Prop_obuf_I_O)         3.694    15.212 r  an_pulso_OBUF[2]_inst/O
                         net (fo=0)                   0.000    15.212    an_pulso[2]
    G2                                                                r  an_pulso[2] (OUT)
  -------------------------------------------------------------------    -------------------

Slack:                    inf
  Source:                 disp_inst/sel_reg[1]/C
                            (rising edge-triggered cell FDRE clocked by sys_clk_pin  {rise@0.000ns fall@5.000ns period=10.000ns})
  Destination:            an_pulso[0]
                            (output port)
  Path Group:             (none)
  Path Type:              Max at Slow Process Corner
  Data Path Delay:        9.762ns  (logic 4.096ns (41.957%)  route 5.666ns (58.043%))
  Logic Levels:           2  (LUT2=1 OBUF=1)
  Clock Uncertainty:      0.025ns  ((TSJ^2 + TIJ^2)^1/2 + DJ) / 2 + PE
    Total System Jitter     (TSJ):    0.050ns
    Total Input Jitter      (TIJ):    0.000ns
    Discrete Jitter          (DJ):    0.000ns
    Phase Error              (PE):    0.000ns

    Location             Delay type                Incr(ns)  Path(ns)    Netlist Resource(s)
  -------------------------------------------------------------------    -------------------
                         (clock sys_clk_pin rise edge)
                                                      0.000     0.000 r  
    W5                                                0.000     0.000 r  clk (IN)
                         net (fo=0)                   0.000     0.000    clk
    W5                   IBUF (Prop_ibuf_I_O)         1.458     1.458 r  clk_IBUF_inst/O
                         net (fo=1, routed)           1.967     3.425    clk_IBUF
    BUFGCTRL_X0Y1        BUFG (Prop_bufg_I_O)         0.096     3.521 r  clk_IBUF_BUFG_inst/O
                         net (fo=236, routed)         1.798     5.319    disp_inst/clk_IBUF_BUFG
    SLICE_X0Y131         FDRE                                         r  disp_inst/sel_reg[1]/C
  -------------------------------------------------------------------    -------------------
    SLICE_X0Y131         FDRE (Prop_fdre_C_Q)         0.456     5.775 r  disp_inst/sel_reg[1]/Q
                         net (fo=16, routed)          1.305     7.080    disp_inst/sel[1]
    SLICE_X14Y131        LUT2 (Prop_lut2_I0_O)        0.124     7.204 r  disp_inst/an_pulso_OBUF[0]_inst_i_1/O
                         net (fo=1, routed)           4.362    11.566    an_pulso_OBUF[0]
    L2                   OBUF (Prop_obuf_I_O)         3.516    15.082 r  an_pulso_OBUF[0]_inst/O
                         net (fo=0)                   0.000    15.082    an_pulso[0]
    L2                                                                r  an_pulso[0] (OUT)
  -------------------------------------------------------------------    -------------------





Min Delay Paths
--------------------------------------------------------------------------------------
Slack:                    inf
  Source:                 adc_inst/ad_clk_r_reg/C
                            (rising edge-triggered cell FDRE clocked by sys_clk_pin  {rise@0.000ns fall@5.000ns period=10.000ns})
  Destination:            ad_clk_o
                            (output port)
  Path Group:             (none)
  Path Type:              Min at Fast Process Corner
  Data Path Delay:        1.703ns  (logic 1.345ns (79.010%)  route 0.357ns (20.990%))
  Logic Levels:           1  (OBUF=1)
  Clock Uncertainty:      0.025ns  ((TSJ^2 + TIJ^2)^1/2 + DJ) / 2 + PE
    Total System Jitter     (TSJ):    0.050ns
    Total Input Jitter      (TIJ):    0.000ns
    Discrete Jitter          (DJ):    0.000ns
    Phase Error              (PE):    0.000ns

    Location             Delay type                Incr(ns)  Path(ns)    Netlist Resource(s)
  -------------------------------------------------------------------    -------------------
                         (clock sys_clk_pin rise edge)
                                                      0.000     0.000 r  
    W5                                                0.000     0.000 r  clk (IN)
                         net (fo=0)                   0.000     0.000    clk
    W5                   IBUF (Prop_ibuf_I_O)         0.226     0.226 r  clk_IBUF_inst/O
                         net (fo=1, routed)           0.631     0.858    clk_IBUF
    BUFGCTRL_X0Y1        BUFG (Prop_bufg_I_O)         0.026     0.884 r  clk_IBUF_BUFG_inst/O
                         net (fo=236, routed)         0.665     1.549    adc_inst/clk_IBUF_BUFG
    SLICE_X0Y122         FDRE                                         r  adc_inst/ad_clk_r_reg/C
  -------------------------------------------------------------------    -------------------
    SLICE_X0Y122         FDRE (Prop_fdre_C_Q)         0.141     1.690 r  adc_inst/ad_clk_r_reg/Q
                         net (fo=6, routed)           0.357     2.047    ad_clk_o_OBUF
    B16                  OBUF (Prop_obuf_I_O)         1.204     3.251 r  ad_clk_o_OBUF_inst/O
                         net (fo=0)                   0.000     3.251    ad_clk_o
    B16                                                               r  ad_clk_o (OUT)
  -------------------------------------------------------------------    -------------------

Slack:                    inf
  Source:                 adc_inst/cnt_reg[2]/C
                            (rising edge-triggered cell FDRE clocked by sys_clk_pin  {rise@0.000ns fall@5.000ns period=10.000ns})
  Destination:            ad_din_o
                            (output port)
  Path Group:             (none)
  Path Type:              Min at Fast Process Corner
  Data Path Delay:        1.957ns  (logic 1.412ns (72.123%)  route 0.546ns (27.877%))
  Logic Levels:           2  (LUT4=1 OBUF=1)
  Clock Uncertainty:      0.025ns  ((TSJ^2 + TIJ^2)^1/2 + DJ) / 2 + PE
    Total System Jitter     (TSJ):    0.050ns
    Total Input Jitter      (TIJ):    0.000ns
    Discrete Jitter          (DJ):    0.000ns
    Phase Error              (PE):    0.000ns

    Location             Delay type                Incr(ns)  Path(ns)    Netlist Resource(s)
  -------------------------------------------------------------------    -------------------
                         (clock sys_clk_pin rise edge)
                                                      0.000     0.000 r  
    W5                                                0.000     0.000 r  clk (IN)
                         net (fo=0)                   0.000     0.000    clk
    W5                   IBUF (Prop_ibuf_I_O)         0.226     0.226 r  clk_IBUF_inst/O
                         net (fo=1, routed)           0.631     0.858    clk_IBUF
    BUFGCTRL_X0Y1        BUFG (Prop_bufg_I_O)         0.026     0.884 r  clk_IBUF_BUFG_inst/O
                         net (fo=236, routed)         0.662     1.546    adc_inst/clk_IBUF_BUFG
    SLICE_X1Y124         FDRE                                         r  adc_inst/cnt_reg[2]/C
  -------------------------------------------------------------------    -------------------
    SLICE_X1Y124         FDRE (Prop_fdre_C_Q)         0.141     1.687 r  adc_inst/cnt_reg[2]/Q
                         net (fo=4, routed)           0.093     1.779    adc_inst/cnt_reg_n_0_[2]
    SLICE_X0Y124         LUT4 (Prop_lut4_I3_O)        0.045     1.824 r  adc_inst/ad_din_o_OBUF_inst_i_1/O
                         net (fo=1, routed)           0.453     2.277    ad_din_o_OBUF
    B15                  OBUF (Prop_obuf_I_O)         1.226     3.503 r  ad_din_o_OBUF_inst/O
                         net (fo=0)                   0.000     3.503    ad_din_o
    B15                                                               r  ad_din_o (OUT)
  -------------------------------------------------------------------    -------------------

Slack:                    inf
  Source:                 adc_inst/FSM_onehot_state_reg[4]/C
                            (rising edge-triggered cell FDRE clocked by sys_clk_pin  {rise@0.000ns fall@5.000ns period=10.000ns})
  Destination:            ad_ncs_o
                            (output port)
  Path Group:             (none)
  Path Type:              Min at Fast Process Corner
  Data Path Delay:        2.106ns  (logic 1.430ns (67.903%)  route 0.676ns (32.097%))
  Logic Levels:           2  (LUT2=1 OBUF=1)
  Clock Uncertainty:      0.025ns  ((TSJ^2 + TIJ^2)^1/2 + DJ) / 2 + PE
    Total System Jitter     (TSJ):    0.050ns
    Total Input Jitter      (TIJ):    0.000ns
    Discrete Jitter          (DJ):    0.000ns
    Phase Error              (PE):    0.000ns

    Location             Delay type                Incr(ns)  Path(ns)    Netlist Resource(s)
  -------------------------------------------------------------------    -------------------
                         (clock sys_clk_pin rise edge)
                                                      0.000     0.000 r  
    W5                                                0.000     0.000 r  clk (IN)
                         net (fo=0)                   0.000     0.000    clk
    W5                   IBUF (Prop_ibuf_I_O)         0.226     0.226 r  clk_IBUF_inst/O
                         net (fo=1, routed)           0.631     0.858    clk_IBUF
    BUFGCTRL_X0Y1        BUFG (Prop_bufg_I_O)         0.026     0.884 r  clk_IBUF_BUFG_inst/O
                         net (fo=236, routed)         0.662     1.546    adc_inst/clk_IBUF_BUFG
    SLICE_X2Y124         FDRE                                         r  adc_inst/FSM_onehot_state_reg[4]/C
  -------------------------------------------------------------------    -------------------
    SLICE_X2Y124         FDRE (Prop_fdre_C_Q)         0.164     1.710 r  adc_inst/FSM_onehot_state_reg[4]/Q
                         net (fo=1, routed)           0.094     1.804    adc_inst/FSM_onehot_state_reg_n_0_[4]
    SLICE_X1Y124         LUT2 (Prop_lut2_I0_O)        0.045     1.849 r  adc_inst/ad_ncs_o_OBUF_inst_i_1/O
                         net (fo=1, routed)           0.582     2.431    ad_ncs_o_OBUF
    A14                  OBUF (Prop_obuf_I_O)         1.221     3.651 r  ad_ncs_o_OBUF_inst/O
                         net (fo=0)                   0.000     3.651    ad_ncs_o
    A14                                                               r  ad_ncs_o (OUT)
  -------------------------------------------------------------------    -------------------

Slack:                    inf
  Source:                 disp_inst/sel_reg[0]/C
                            (rising edge-triggered cell FDRE clocked by sys_clk_pin  {rise@0.000ns fall@5.000ns period=10.000ns})
  Destination:            an_pulso[0]
                            (output port)
  Path Group:             (none)
  Path Type:              Min at Fast Process Corner
  Data Path Delay:        3.524ns  (logic 1.403ns (39.811%)  route 2.121ns (60.190%))
  Logic Levels:           2  (LUT2=1 OBUF=1)
  Clock Uncertainty:      0.025ns  ((TSJ^2 + TIJ^2)^1/2 + DJ) / 2 + PE
    Total System Jitter     (TSJ):    0.050ns
    Total Input Jitter      (TIJ):    0.000ns
    Discrete Jitter          (DJ):    0.000ns
    Phase Error              (PE):    0.000ns

    Location             Delay type                Incr(ns)  Path(ns)    Netlist Resource(s)
  -------------------------------------------------------------------    -------------------
                         (clock sys_clk_pin rise edge)
                                                      0.000     0.000 r  
    W5                                                0.000     0.000 r  clk (IN)
                         net (fo=0)                   0.000     0.000    clk
    W5                   IBUF (Prop_ibuf_I_O)         0.226     0.226 r  clk_IBUF_inst/O
                         net (fo=1, routed)           0.631     0.858    clk_IBUF
    BUFGCTRL_X0Y1        BUFG (Prop_bufg_I_O)         0.026     0.884 r  clk_IBUF_BUFG_inst/O
                         net (fo=236, routed)         0.668     1.552    disp_inst/clk_IBUF_BUFG
    SLICE_X0Y131         FDRE                                         r  disp_inst/sel_reg[0]/C
  -------------------------------------------------------------------    -------------------
    SLICE_X0Y131         FDRE (Prop_fdre_C_Q)         0.141     1.693 r  disp_inst/sel_reg[0]/Q
                         net (fo=16, routed)          0.562     2.254    disp_inst/sel[0]
    SLICE_X14Y131        LUT2 (Prop_lut2_I1_O)        0.045     2.299 r  disp_inst/an_pulso_OBUF[0]_inst_i_1/O
                         net (fo=1, routed)           1.560     3.859    an_pulso_OBUF[0]
    L2                   OBUF (Prop_obuf_I_O)         1.217     5.076 r  an_pulso_OBUF[0]_inst/O
                         net (fo=0)                   0.000     5.076    an_pulso[0]
    L2                                                                r  an_pulso[0] (OUT)
  -------------------------------------------------------------------    -------------------

Slack:                    inf
  Source:                 disp_inst/sel_reg[1]/C
                            (rising edge-triggered cell FDRE clocked by sys_clk_pin  {rise@0.000ns fall@5.000ns period=10.000ns})
  Destination:            an_pulso[2]
                            (output port)
  Path Group:             (none)
  Path Type:              Min at Fast Process Corner
  Data Path Delay:        3.549ns  (logic 1.441ns (40.606%)  route 2.108ns (59.394%))
  Logic Levels:           2  (LUT2=1 OBUF=1)
  Clock Uncertainty:      0.025ns  ((TSJ^2 + TIJ^2)^1/2 + DJ) / 2 + PE
    Total System Jitter     (TSJ):    0.050ns
    Total Input Jitter      (TIJ):    0.000ns
    Discrete Jitter          (DJ):    0.000ns
    Phase Error              (PE):    0.000ns

    Location             Delay type                Incr(ns)  Path(ns)    Netlist Resource(s)
  -------------------------------------------------------------------    -------------------
                         (clock sys_clk_pin rise edge)
                                                      0.000     0.000 r  
    W5                                                0.000     0.000 r  clk (IN)
                         net (fo=0)                   0.000     0.000    clk
    W5                   IBUF (Prop_ibuf_I_O)         0.226     0.226 r  clk_IBUF_inst/O
                         net (fo=1, routed)           0.631     0.858    clk_IBUF
    BUFGCTRL_X0Y1        BUFG (Prop_bufg_I_O)         0.026     0.884 r  clk_IBUF_BUFG_inst/O
                         net (fo=236, routed)         0.668     1.552    disp_inst/clk_IBUF_BUFG
    SLICE_X0Y131         FDRE                                         r  disp_inst/sel_reg[1]/C
  -------------------------------------------------------------------    -------------------
    SLICE_X0Y131         FDRE (Prop_fdre_C_Q)         0.141     1.693 f  disp_inst/sel_reg[1]/Q
                         net (fo=16, routed)          0.634     2.327    disp_inst/sel[1]
    SLICE_X14Y130        LUT2 (Prop_lut2_I1_O)        0.043     2.370 r  disp_inst/an_pulso_OBUF[2]_inst_i_1/O
                         net (fo=2, routed)           1.474     3.844    an_pulso_OBUF[2]
    G2                   OBUF (Prop_obuf_I_O)         1.257     5.101 r  an_pulso_OBUF[2]_inst/O
                         net (fo=0)                   0.000     5.101    an_pulso[2]
    G2                                                                r  an_pulso[2] (OUT)
  -------------------------------------------------------------------    -------------------

Slack:                    inf
  Source:                 disp_inst/sel_reg[1]/C
                            (rising edge-triggered cell FDRE clocked by sys_clk_pin  {rise@0.000ns fall@5.000ns period=10.000ns})
  Destination:            an_pulso[1]
                            (output port)
  Path Group:             (none)
  Path Type:              Min at Fast Process Corner
  Data Path Delay:        3.580ns  (logic 1.395ns (38.970%)  route 2.185ns (61.030%))
  Logic Levels:           2  (LUT2=1 OBUF=1)
  Clock Uncertainty:      0.025ns  ((TSJ^2 + TIJ^2)^1/2 + DJ) / 2 + PE
    Total System Jitter     (TSJ):    0.050ns
    Total Input Jitter      (TIJ):    0.000ns
    Discrete Jitter          (DJ):    0.000ns
    Phase Error              (PE):    0.000ns

    Location             Delay type                Incr(ns)  Path(ns)    Netlist Resource(s)
  -------------------------------------------------------------------    -------------------
                         (clock sys_clk_pin rise edge)
                                                      0.000     0.000 r  
    W5                                                0.000     0.000 r  clk (IN)
                         net (fo=0)                   0.000     0.000    clk
    W5                   IBUF (Prop_ibuf_I_O)         0.226     0.226 r  clk_IBUF_inst/O
                         net (fo=1, routed)           0.631     0.858    clk_IBUF
    BUFGCTRL_X0Y1        BUFG (Prop_bufg_I_O)         0.026     0.884 r  clk_IBUF_BUFG_inst/O
                         net (fo=236, routed)         0.668     1.552    disp_inst/clk_IBUF_BUFG
    SLICE_X0Y131         FDRE                                         r  disp_inst/sel_reg[1]/C
  -------------------------------------------------------------------    -------------------
    SLICE_X0Y131         FDRE (Prop_fdre_C_Q)         0.141     1.693 r  disp_inst/sel_reg[1]/Q
                         net (fo=16, routed)          0.634     2.327    disp_inst/sel[1]
    SLICE_X14Y130        LUT2 (Prop_lut2_I0_O)        0.045     2.372 r  disp_inst/an_pulso_OBUF[1]_inst_i_1/O
                         net (fo=3, routed)           1.551     3.923    an_pulso_OBUF[1]
    J2                   OBUF (Prop_obuf_I_O)         1.209     5.132 r  an_pulso_OBUF[1]_inst/O
                         net (fo=0)                   0.000     5.132    an_pulso[1]
    J2                                                                r  an_pulso[1] (OUT)
  -------------------------------------------------------------------    -------------------

Slack:                    inf
  Source:                 disp_inst/sel_reg[1]/C
                            (rising edge-triggered cell FDRE clocked by sys_clk_pin  {rise@0.000ns fall@5.000ns period=10.000ns})
  Destination:            seg[0]
                            (output port)
  Path Group:             (none)
  Path Type:              Min at Fast Process Corner
  Data Path Delay:        3.625ns  (logic 1.429ns (39.416%)  route 2.196ns (60.584%))
  Logic Levels:           3  (LUT4=1 LUT6=1 OBUF=1)
  Clock Uncertainty:      0.025ns  ((TSJ^2 + TIJ^2)^1/2 + DJ) / 2 + PE
    Total System Jitter     (TSJ):    0.050ns
    Total Input Jitter      (TIJ):    0.000ns
    Discrete Jitter          (DJ):    0.000ns
    Phase Error              (PE):    0.000ns

    Location             Delay type                Incr(ns)  Path(ns)    Netlist Resource(s)
  -------------------------------------------------------------------    -------------------
                         (clock sys_clk_pin rise edge)
                                                      0.000     0.000 r  
    W5                                                0.000     0.000 r  clk (IN)
                         net (fo=0)                   0.000     0.000    clk
    W5                   IBUF (Prop_ibuf_I_O)         0.226     0.226 r  clk_IBUF_inst/O
                         net (fo=1, routed)           0.631     0.858    clk_IBUF
    BUFGCTRL_X0Y1        BUFG (Prop_bufg_I_O)         0.026     0.884 r  clk_IBUF_BUFG_inst/O
                         net (fo=236, routed)         0.668     1.552    disp_inst/clk_IBUF_BUFG
    SLICE_X0Y131         FDRE                                         r  disp_inst/sel_reg[1]/C
  -------------------------------------------------------------------    -------------------
    SLICE_X0Y131         FDRE (Prop_fdre_C_Q)         0.141     1.693 r  disp_inst/sel_reg[1]/Q
                         net (fo=16, routed)          0.409     2.102    disp_inst/sel[1]
    SLICE_X12Y131        LUT6 (Prop_lut6_I2_O)        0.045     2.147 r  disp_inst/seg_OBUF[6]_inst_i_3/O
                         net (fo=7, routed)           0.372     2.519    disp_inst/digit[0]
    SLICE_X12Y129        LUT4 (Prop_lut4_I2_O)        0.045     2.564 r  disp_inst/seg_OBUF[0]_inst_i_1/O
                         net (fo=1, routed)           1.415     3.979    seg_OBUF[0]
    P17                  OBUF (Prop_obuf_I_O)         1.198     5.177 r  seg_OBUF[0]_inst/O
                         net (fo=0)                   0.000     5.177    seg[0]
    P17                                                               r  seg[0] (OUT)
  -------------------------------------------------------------------    -------------------

Slack:                    inf
  Source:                 disp_inst/sel_reg[1]/C
                            (rising edge-triggered cell FDRE clocked by sys_clk_pin  {rise@0.000ns fall@5.000ns period=10.000ns})
  Destination:            seg[6]
                            (output port)
  Path Group:             (none)
  Path Type:              Min at Fast Process Corner
  Data Path Delay:        3.860ns  (logic 1.512ns (39.168%)  route 2.348ns (60.832%))
  Logic Levels:           3  (LUT4=1 LUT6=1 OBUF=1)
  Clock Uncertainty:      0.025ns  ((TSJ^2 + TIJ^2)^1/2 + DJ) / 2 + PE
    Total System Jitter     (TSJ):    0.050ns
    Total Input Jitter      (TIJ):    0.000ns
    Discrete Jitter          (DJ):    0.000ns
    Phase Error              (PE):    0.000ns

    Location             Delay type                Incr(ns)  Path(ns)    Netlist Resource(s)
  -------------------------------------------------------------------    -------------------
                         (clock sys_clk_pin rise edge)
                                                      0.000     0.000 r  
    W5                                                0.000     0.000 r  clk (IN)
                         net (fo=0)                   0.000     0.000    clk
    W5                   IBUF (Prop_ibuf_I_O)         0.226     0.226 r  clk_IBUF_inst/O
                         net (fo=1, routed)           0.631     0.858    clk_IBUF
    BUFGCTRL_X0Y1        BUFG (Prop_bufg_I_O)         0.026     0.884 r  clk_IBUF_BUFG_inst/O
                         net (fo=236, routed)         0.668     1.552    disp_inst/clk_IBUF_BUFG
    SLICE_X0Y131         FDRE                                         r  disp_inst/sel_reg[1]/C
  -------------------------------------------------------------------    -------------------
    SLICE_X0Y131         FDRE (Prop_fdre_C_Q)         0.141     1.693 f  disp_inst/sel_reg[1]/Q
                         net (fo=16, routed)          0.409     2.102    disp_inst/sel[1]
    SLICE_X12Y131        LUT6 (Prop_lut6_I2_O)        0.045     2.147 f  disp_inst/seg_OBUF[6]_inst_i_3/O
                         net (fo=7, routed)           0.239     2.386    disp_inst/digit[0]
    SLICE_X12Y129        LUT4 (Prop_lut4_I1_O)        0.043     2.429 r  disp_inst/seg_OBUF[6]_inst_i_1/O
                         net (fo=1, routed)           1.700     4.129    seg_OBUF[6]
    P18                  OBUF (Prop_obuf_I_O)         1.283     5.412 r  seg_OBUF[6]_inst/O
                         net (fo=0)                   0.000     5.412    seg[6]
    P18                                                               r  seg[6] (OUT)
  -------------------------------------------------------------------    -------------------

Slack:                    inf
  Source:                 disp_inst/sel_reg[1]/C
                            (rising edge-triggered cell FDRE clocked by sys_clk_pin  {rise@0.000ns fall@5.000ns period=10.000ns})
  Destination:            seg[5]
                            (output port)
  Path Group:             (none)
  Path Type:              Min at Fast Process Corner
  Data Path Delay:        4.314ns  (logic 1.451ns (33.635%)  route 2.863ns (66.365%))
  Logic Levels:           3  (LUT4=1 LUT6=1 OBUF=1)
  Clock Uncertainty:      0.025ns  ((TSJ^2 + TIJ^2)^1/2 + DJ) / 2 + PE
    Total System Jitter     (TSJ):    0.050ns
    Total Input Jitter      (TIJ):    0.000ns
    Discrete Jitter          (DJ):    0.000ns
    Phase Error              (PE):    0.000ns

    Location             Delay type                Incr(ns)  Path(ns)    Netlist Resource(s)
  -------------------------------------------------------------------    -------------------
                         (clock sys_clk_pin rise edge)
                                                      0.000     0.000 r  
    W5                                                0.000     0.000 r  clk (IN)
                         net (fo=0)                   0.000     0.000    clk
    W5                   IBUF (Prop_ibuf_I_O)         0.226     0.226 r  clk_IBUF_inst/O
                         net (fo=1, routed)           0.631     0.858    clk_IBUF
    BUFGCTRL_X0Y1        BUFG (Prop_bufg_I_O)         0.026     0.884 r  clk_IBUF_BUFG_inst/O
                         net (fo=236, routed)         0.668     1.552    disp_inst/clk_IBUF_BUFG
    SLICE_X0Y131         FDRE                                         r  disp_inst/sel_reg[1]/C
  -------------------------------------------------------------------    -------------------
    SLICE_X0Y131         FDRE (Prop_fdre_C_Q)         0.141     1.693 f  disp_inst/sel_reg[1]/Q
                         net (fo=16, routed)          0.409     2.102    disp_inst/sel[1]
    SLICE_X12Y131        LUT6 (Prop_lut6_I2_O)        0.045     2.147 f  disp_inst/seg_OBUF[6]_inst_i_3/O
                         net (fo=7, routed)           0.239     2.386    disp_inst/digit[0]
    SLICE_X12Y129        LUT4 (Prop_lut4_I1_O)        0.045     2.431 r  disp_inst/seg_OBUF[5]_inst_i_1/O
                         net (fo=1, routed)           2.214     4.645    seg_OBUF[5]
    M19                  OBUF (Prop_obuf_I_O)         1.220     5.865 r  seg_OBUF[5]_inst/O
                         net (fo=0)                   0.000     5.865    seg[5]
    M19                                                               r  seg[5] (OUT)
  -------------------------------------------------------------------    -------------------

Slack:                    inf
  Source:                 disp_inst/sel_reg[1]/C
                            (rising edge-triggered cell FDRE clocked by sys_clk_pin  {rise@0.000ns fall@5.000ns period=10.000ns})
  Destination:            seg[3]
                            (output port)
  Path Group:             (none)
  Path Type:              Min at Fast Process Corner
  Data Path Delay:        4.393ns  (logic 1.440ns (32.779%)  route 2.953ns (67.221%))
  Logic Levels:           3  (LUT4=1 LUT6=1 OBUF=1)
  Clock Uncertainty:      0.025ns  ((TSJ^2 + TIJ^2)^1/2 + DJ) / 2 + PE
    Total System Jitter     (TSJ):    0.050ns
    Total Input Jitter      (TIJ):    0.000ns
    Discrete Jitter          (DJ):    0.000ns
    Phase Error              (PE):    0.000ns

    Location             Delay type                Incr(ns)  Path(ns)    Netlist Resource(s)
  -------------------------------------------------------------------    -------------------
                         (clock sys_clk_pin rise edge)
                                                      0.000     0.000 r  
    W5                                                0.000     0.000 r  clk (IN)
                         net (fo=0)                   0.000     0.000    clk
    W5                   IBUF (Prop_ibuf_I_O)         0.226     0.226 r  clk_IBUF_inst/O
                         net (fo=1, routed)           0.631     0.858    clk_IBUF
    BUFGCTRL_X0Y1        BUFG (Prop_bufg_I_O)         0.026     0.884 r  clk_IBUF_BUFG_inst/O
                         net (fo=236, routed)         0.668     1.552    disp_inst/clk_IBUF_BUFG
    SLICE_X0Y131         FDRE                                         r  disp_inst/sel_reg[1]/C
  -------------------------------------------------------------------    -------------------
    SLICE_X0Y131         FDRE (Prop_fdre_C_Q)         0.141     1.693 r  disp_inst/sel_reg[1]/Q
                         net (fo=16, routed)          0.409     2.102    disp_inst/sel[1]
    SLICE_X12Y131        LUT6 (Prop_lut6_I2_O)        0.045     2.147 r  disp_inst/seg_OBUF[6]_inst_i_3/O
                         net (fo=7, routed)           0.199     2.346    disp_inst/digit[0]
    SLICE_X12Y129        LUT4 (Prop_lut4_I1_O)        0.045     2.391 r  disp_inst/seg_OBUF[3]_inst_i_1/O
                         net (fo=1, routed)           2.345     4.736    seg_OBUF[3]
    M18                  OBUF (Prop_obuf_I_O)         1.209     5.945 r  seg_OBUF[3]_inst/O
                         net (fo=0)                   0.000     5.945    seg[3]
    M18                                                               r  seg[3] (OUT)
  -------------------------------------------------------------------    -------------------





--------------------------------------------------------------------------------------
Path Group:  (none)
From Clock:  
  To Clock:  sys_clk_pin

Max Delay           218 Endpoints
Min Delay           218 Endpoints
--------------------------------------------------------------------------------------


Max Delay Paths
--------------------------------------------------------------------------------------
Slack:                    inf
  Source:                 rst
                            (input port)
  Destination:            clkdiv_inst/count_reg[0]/R
                            (rising edge-triggered cell FDRE clocked by sys_clk_pin  {rise@0.000ns fall@5.000ns period=10.000ns})
  Path Group:             (none)
  Path Type:              Setup (Max at Slow Process Corner)
  Data Path Delay:        7.811ns  (logic 1.565ns (20.040%)  route 6.245ns (79.959%))
  Logic Levels:           2  (IBUF=1 LUT6=1)
  Clock Path Skew:        5.014ns (DCD - SCD + CPR)
    Destination Clock Delay (DCD):    5.014ns
    Source Clock Delay      (SCD):    0.000ns
    Clock Pessimism Removal (CPR):    0.000ns
  Clock Uncertainty:      0.025ns  ((TSJ^2 + TIJ^2)^1/2 + DJ) / 2 + PE
    Total System Jitter     (TSJ):    0.050ns
    Total Input Jitter      (TIJ):    0.000ns
    Discrete Jitter          (DJ):    0.000ns
    Phase Error              (PE):    0.000ns

    Location             Delay type                Incr(ns)  Path(ns)    Netlist Resource(s)
  -------------------------------------------------------------------    -------------------
    U18                                               0.000     0.000 r  rst (IN)
                         net (fo=0)                   0.000     0.000    rst
    U18                  IBUF (Prop_ibuf_I_O)         1.441     1.441 r  rst_IBUF_inst/O
                         net (fo=179, routed)         5.608     7.049    clkdiv_inst/rst_IBUF
    SLICE_X2Y120         LUT6 (Prop_lut6_I0_O)        0.124     7.173 r  clkdiv_inst/count[7]_i_1/O
                         net (fo=8, routed)           0.638     7.811    clkdiv_inst/count[7]_i_1_n_0
    SLICE_X2Y118         FDRE                                         r  clkdiv_inst/count_reg[0]/R
  -------------------------------------------------------------------    -------------------

                         (clock sys_clk_pin rise edge)
                                                      0.000     0.000 r  
    W5                                                0.000     0.000 r  clk (IN)
                         net (fo=0)                   0.000     0.000    clk
    W5                   IBUF (Prop_ibuf_I_O)         1.388     1.388 r  clk_IBUF_inst/O
                         net (fo=1, routed)           1.862     3.250    clk_IBUF
    BUFGCTRL_X0Y1        BUFG (Prop_bufg_I_O)         0.091     3.341 r  clk_IBUF_BUFG_inst/O
                         net (fo=236, routed)         1.673     5.014    clkdiv_inst/clk_IBUF_BUFG
    SLICE_X2Y118         FDRE                                         r  clkdiv_inst/count_reg[0]/C

Slack:                    inf
  Source:                 rst
                            (input port)
  Destination:            clkdiv_inst/count_reg[3]/R
                            (rising edge-triggered cell FDRE clocked by sys_clk_pin  {rise@0.000ns fall@5.000ns period=10.000ns})
  Path Group:             (none)
  Path Type:              Setup (Max at Slow Process Corner)
  Data Path Delay:        7.811ns  (logic 1.565ns (20.040%)  route 6.245ns (79.959%))
  Logic Levels:           2  (IBUF=1 LUT6=1)
  Clock Path Skew:        5.014ns (DCD - SCD + CPR)
    Destination Clock Delay (DCD):    5.014ns
    Source Clock Delay      (SCD):    0.000ns
    Clock Pessimism Removal (CPR):    0.000ns
  Clock Uncertainty:      0.025ns  ((TSJ^2 + TIJ^2)^1/2 + DJ) / 2 + PE
    Total System Jitter     (TSJ):    0.050ns
    Total Input Jitter      (TIJ):    0.000ns
    Discrete Jitter          (DJ):    0.000ns
    Phase Error              (PE):    0.000ns

    Location             Delay type                Incr(ns)  Path(ns)    Netlist Resource(s)
  -------------------------------------------------------------------    -------------------
    U18                                               0.000     0.000 r  rst (IN)
                         net (fo=0)                   0.000     0.000    rst
    U18                  IBUF (Prop_ibuf_I_O)         1.441     1.441 r  rst_IBUF_inst/O
                         net (fo=179, routed)         5.608     7.049    clkdiv_inst/rst_IBUF
    SLICE_X2Y120         LUT6 (Prop_lut6_I0_O)        0.124     7.173 r  clkdiv_inst/count[7]_i_1/O
                         net (fo=8, routed)           0.638     7.811    clkdiv_inst/count[7]_i_1_n_0
    SLICE_X2Y118         FDRE                                         r  clkdiv_inst/count_reg[3]/R
  -------------------------------------------------------------------    -------------------

                         (clock sys_clk_pin rise edge)
                                                      0.000     0.000 r  
    W5                                                0.000     0.000 r  clk (IN)
                         net (fo=0)                   0.000     0.000    clk
    W5                   IBUF (Prop_ibuf_I_O)         1.388     1.388 r  clk_IBUF_inst/O
                         net (fo=1, routed)           1.862     3.250    clk_IBUF
    BUFGCTRL_X0Y1        BUFG (Prop_bufg_I_O)         0.091     3.341 r  clk_IBUF_BUFG_inst/O
                         net (fo=236, routed)         1.673     5.014    clkdiv_inst/clk_IBUF_BUFG
    SLICE_X2Y118         FDRE                                         r  clkdiv_inst/count_reg[3]/C

Slack:                    inf
  Source:                 rst
                            (input port)
  Destination:            clkdiv_inst/count_reg[4]/R
                            (rising edge-triggered cell FDRE clocked by sys_clk_pin  {rise@0.000ns fall@5.000ns period=10.000ns})
  Path Group:             (none)
  Path Type:              Setup (Max at Slow Process Corner)
  Data Path Delay:        7.811ns  (logic 1.565ns (20.040%)  route 6.245ns (79.959%))
  Logic Levels:           2  (IBUF=1 LUT6=1)
  Clock Path Skew:        5.014ns (DCD - SCD + CPR)
    Destination Clock Delay (DCD):    5.014ns
    Source Clock Delay      (SCD):    0.000ns
    Clock Pessimism Removal (CPR):    0.000ns
  Clock Uncertainty:      0.025ns  ((TSJ^2 + TIJ^2)^1/2 + DJ) / 2 + PE
    Total System Jitter     (TSJ):    0.050ns
    Total Input Jitter      (TIJ):    0.000ns
    Discrete Jitter          (DJ):    0.000ns
    Phase Error              (PE):    0.000ns

    Location             Delay type                Incr(ns)  Path(ns)    Netlist Resource(s)
  -------------------------------------------------------------------    -------------------
    U18                                               0.000     0.000 r  rst (IN)
                         net (fo=0)                   0.000     0.000    rst
    U18                  IBUF (Prop_ibuf_I_O)         1.441     1.441 r  rst_IBUF_inst/O
                         net (fo=179, routed)         5.608     7.049    clkdiv_inst/rst_IBUF
    SLICE_X2Y120         LUT6 (Prop_lut6_I0_O)        0.124     7.173 r  clkdiv_inst/count[7]_i_1/O
                         net (fo=8, routed)           0.638     7.811    clkdiv_inst/count[7]_i_1_n_0
    SLICE_X2Y118         FDRE                                         r  clkdiv_inst/count_reg[4]/R
  -------------------------------------------------------------------    -------------------

                         (clock sys_clk_pin rise edge)
                                                      0.000     0.000 r  
    W5                                                0.000     0.000 r  clk (IN)
                         net (fo=0)                   0.000     0.000    clk
    W5                   IBUF (Prop_ibuf_I_O)         1.388     1.388 r  clk_IBUF_inst/O
                         net (fo=1, routed)           1.862     3.250    clk_IBUF
    BUFGCTRL_X0Y1        BUFG (Prop_bufg_I_O)         0.091     3.341 r  clk_IBUF_BUFG_inst/O
                         net (fo=236, routed)         1.673     5.014    clkdiv_inst/clk_IBUF_BUFG
    SLICE_X2Y118         FDRE                                         r  clkdiv_inst/count_reg[4]/C

Slack:                    inf
  Source:                 rst
                            (input port)
  Destination:            clkdiv_inst/count_reg[5]/R
                            (rising edge-triggered cell FDRE clocked by sys_clk_pin  {rise@0.000ns fall@5.000ns period=10.000ns})
  Path Group:             (none)
  Path Type:              Setup (Max at Slow Process Corner)
  Data Path Delay:        7.811ns  (logic 1.565ns (20.040%)  route 6.245ns (79.959%))
  Logic Levels:           2  (IBUF=1 LUT6=1)
  Clock Path Skew:        5.014ns (DCD - SCD + CPR)
    Destination Clock Delay (DCD):    5.014ns
    Source Clock Delay      (SCD):    0.000ns
    Clock Pessimism Removal (CPR):    0.000ns
  Clock Uncertainty:      0.025ns  ((TSJ^2 + TIJ^2)^1/2 + DJ) / 2 + PE
    Total System Jitter     (TSJ):    0.050ns
    Total Input Jitter      (TIJ):    0.000ns
    Discrete Jitter          (DJ):    0.000ns
    Phase Error              (PE):    0.000ns

    Location             Delay type                Incr(ns)  Path(ns)    Netlist Resource(s)
  -------------------------------------------------------------------    -------------------
    U18                                               0.000     0.000 r  rst (IN)
                         net (fo=0)                   0.000     0.000    rst
    U18                  IBUF (Prop_ibuf_I_O)         1.441     1.441 r  rst_IBUF_inst/O
                         net (fo=179, routed)         5.608     7.049    clkdiv_inst/rst_IBUF
    SLICE_X2Y120         LUT6 (Prop_lut6_I0_O)        0.124     7.173 r  clkdiv_inst/count[7]_i_1/O
                         net (fo=8, routed)           0.638     7.811    clkdiv_inst/count[7]_i_1_n_0
    SLICE_X2Y118         FDRE                                         r  clkdiv_inst/count_reg[5]/R
  -------------------------------------------------------------------    -------------------

                         (clock sys_clk_pin rise edge)
                                                      0.000     0.000 r  
    W5                                                0.000     0.000 r  clk (IN)
                         net (fo=0)                   0.000     0.000    clk
    W5                   IBUF (Prop_ibuf_I_O)         1.388     1.388 r  clk_IBUF_inst/O
                         net (fo=1, routed)           1.862     3.250    clk_IBUF
    BUFGCTRL_X0Y1        BUFG (Prop_bufg_I_O)         0.091     3.341 r  clk_IBUF_BUFG_inst/O
                         net (fo=236, routed)         1.673     5.014    clkdiv_inst/clk_IBUF_BUFG
    SLICE_X2Y118         FDRE                                         r  clkdiv_inst/count_reg[5]/C

Slack:                    inf
  Source:                 rst
                            (input port)
  Destination:            bpm_disp_reg[11]/R
                            (rising edge-triggered cell FDRE clocked by sys_clk_pin  {rise@0.000ns fall@5.000ns period=10.000ns})
  Path Group:             (none)
  Path Type:              Setup (Max at Slow Process Corner)
  Data Path Delay:        7.809ns  (logic 1.441ns (18.457%)  route 6.368ns (81.543%))
  Logic Levels:           1  (IBUF=1)
  Clock Path Skew:        5.017ns (DCD - SCD + CPR)
    Destination Clock Delay (DCD):    5.017ns
    Source Clock Delay      (SCD):    0.000ns
    Clock Pessimism Removal (CPR):    0.000ns
  Clock Uncertainty:      0.025ns  ((TSJ^2 + TIJ^2)^1/2 + DJ) / 2 + PE
    Total System Jitter     (TSJ):    0.050ns
    Total Input Jitter      (TIJ):    0.000ns
    Discrete Jitter          (DJ):    0.000ns
    Phase Error              (PE):    0.000ns

    Location             Delay type                Incr(ns)  Path(ns)    Netlist Resource(s)
  -------------------------------------------------------------------    -------------------
    U18                                               0.000     0.000 r  rst (IN)
                         net (fo=0)                   0.000     0.000    rst
    U18                  IBUF (Prop_ibuf_I_O)         1.441     1.441 r  rst_IBUF_inst/O
                         net (fo=179, routed)         6.368     7.809    rst_IBUF
    SLICE_X6Y134         FDRE                                         r  bpm_disp_reg[11]/R
  -------------------------------------------------------------------    -------------------

                         (clock sys_clk_pin rise edge)
                                                      0.000     0.000 r  
    W5                                                0.000     0.000 r  clk (IN)
                         net (fo=0)                   0.000     0.000    clk
    W5                   IBUF (Prop_ibuf_I_O)         1.388     1.388 r  clk_IBUF_inst/O
                         net (fo=1, routed)           1.862     3.250    clk_IBUF
    BUFGCTRL_X0Y1        BUFG (Prop_bufg_I_O)         0.091     3.341 r  clk_IBUF_BUFG_inst/O
                         net (fo=236, routed)         1.676     5.017    clk_IBUF_BUFG
    SLICE_X6Y134         FDRE                                         r  bpm_disp_reg[11]/C

Slack:                    inf
  Source:                 rst
                            (input port)
  Destination:            bpm_disp_reg[15]/R
                            (rising edge-triggered cell FDRE clocked by sys_clk_pin  {rise@0.000ns fall@5.000ns period=10.000ns})
  Path Group:             (none)
  Path Type:              Setup (Max at Slow Process Corner)
  Data Path Delay:        7.809ns  (logic 1.441ns (18.457%)  route 6.368ns (81.543%))
  Logic Levels:           1  (IBUF=1)
  Clock Path Skew:        5.017ns (DCD - SCD + CPR)
    Destination Clock Delay (DCD):    5.017ns
    Source Clock Delay      (SCD):    0.000ns
    Clock Pessimism Removal (CPR):    0.000ns
  Clock Uncertainty:      0.025ns  ((TSJ^2 + TIJ^2)^1/2 + DJ) / 2 + PE
    Total System Jitter     (TSJ):    0.050ns
    Total Input Jitter      (TIJ):    0.000ns
    Discrete Jitter          (DJ):    0.000ns
    Phase Error              (PE):    0.000ns

    Location             Delay type                Incr(ns)  Path(ns)    Netlist Resource(s)
  -------------------------------------------------------------------    -------------------
    U18                                               0.000     0.000 r  rst (IN)
                         net (fo=0)                   0.000     0.000    rst
    U18                  IBUF (Prop_ibuf_I_O)         1.441     1.441 r  rst_IBUF_inst/O
                         net (fo=179, routed)         6.368     7.809    rst_IBUF
    SLICE_X6Y134         FDRE                                         r  bpm_disp_reg[15]/R
  -------------------------------------------------------------------    -------------------

                         (clock sys_clk_pin rise edge)
                                                      0.000     0.000 r  
    W5                                                0.000     0.000 r  clk (IN)
                         net (fo=0)                   0.000     0.000    clk
    W5                   IBUF (Prop_ibuf_I_O)         1.388     1.388 r  clk_IBUF_inst/O
                         net (fo=1, routed)           1.862     3.250    clk_IBUF
    BUFGCTRL_X0Y1        BUFG (Prop_bufg_I_O)         0.091     3.341 r  clk_IBUF_BUFG_inst/O
                         net (fo=236, routed)         1.676     5.017    clk_IBUF_BUFG
    SLICE_X6Y134         FDRE                                         r  bpm_disp_reg[15]/C

Slack:                    inf
  Source:                 rst
                            (input port)
  Destination:            bpm_disp_reg[0]/R
                            (rising edge-triggered cell FDRE clocked by sys_clk_pin  {rise@0.000ns fall@5.000ns period=10.000ns})
  Path Group:             (none)
  Path Type:              Setup (Max at Slow Process Corner)
  Data Path Delay:        7.759ns  (logic 1.441ns (18.576%)  route 6.318ns (81.424%))
  Logic Levels:           1  (IBUF=1)
  Clock Path Skew:        5.017ns (DCD - SCD + CPR)
    Destination Clock Delay (DCD):    5.017ns
    Source Clock Delay      (SCD):    0.000ns
    Clock Pessimism Removal (CPR):    0.000ns
  Clock Uncertainty:      0.025ns  ((TSJ^2 + TIJ^2)^1/2 + DJ) / 2 + PE
    Total System Jitter     (TSJ):    0.050ns
    Total Input Jitter      (TIJ):    0.000ns
    Discrete Jitter          (DJ):    0.000ns
    Phase Error              (PE):    0.000ns

    Location             Delay type                Incr(ns)  Path(ns)    Netlist Resource(s)
  -------------------------------------------------------------------    -------------------
    U18                                               0.000     0.000 r  rst (IN)
                         net (fo=0)                   0.000     0.000    rst
    U18                  IBUF (Prop_ibuf_I_O)         1.441     1.441 r  rst_IBUF_inst/O
                         net (fo=179, routed)         6.318     7.759    rst_IBUF
    SLICE_X5Y134         FDRE                                         r  bpm_disp_reg[0]/R
  -------------------------------------------------------------------    -------------------

                         (clock sys_clk_pin rise edge)
                                                      0.000     0.000 r  
    W5                                                0.000     0.000 r  clk (IN)
                         net (fo=0)                   0.000     0.000    clk
    W5                   IBUF (Prop_ibuf_I_O)         1.388     1.388 r  clk_IBUF_inst/O
                         net (fo=1, routed)           1.862     3.250    clk_IBUF
    BUFGCTRL_X0Y1        BUFG (Prop_bufg_I_O)         0.091     3.341 r  clk_IBUF_BUFG_inst/O
                         net (fo=236, routed)         1.676     5.017    clk_IBUF_BUFG
    SLICE_X5Y134         FDRE                                         r  bpm_disp_reg[0]/C

Slack:                    inf
  Source:                 rst
                            (input port)
  Destination:            bpm_disp_reg[12]/R
                            (rising edge-triggered cell FDRE clocked by sys_clk_pin  {rise@0.000ns fall@5.000ns period=10.000ns})
  Path Group:             (none)
  Path Type:              Setup (Max at Slow Process Corner)
  Data Path Delay:        7.759ns  (logic 1.441ns (18.576%)  route 6.318ns (81.424%))
  Logic Levels:           1  (IBUF=1)
  Clock Path Skew:        5.017ns (DCD - SCD + CPR)
    Destination Clock Delay (DCD):    5.017ns
    Source Clock Delay      (SCD):    0.000ns
    Clock Pessimism Removal (CPR):    0.000ns
  Clock Uncertainty:      0.025ns  ((TSJ^2 + TIJ^2)^1/2 + DJ) / 2 + PE
    Total System Jitter     (TSJ):    0.050ns
    Total Input Jitter      (TIJ):    0.000ns
    Discrete Jitter          (DJ):    0.000ns
    Phase Error              (PE):    0.000ns

    Location             Delay type                Incr(ns)  Path(ns)    Netlist Resource(s)
  -------------------------------------------------------------------    -------------------
    U18                                               0.000     0.000 r  rst (IN)
                         net (fo=0)                   0.000     0.000    rst
    U18                  IBUF (Prop_ibuf_I_O)         1.441     1.441 r  rst_IBUF_inst/O
                         net (fo=179, routed)         6.318     7.759    rst_IBUF
    SLICE_X5Y134         FDRE                                         r  bpm_disp_reg[12]/R
  -------------------------------------------------------------------    -------------------

                         (clock sys_clk_pin rise edge)
                                                      0.000     0.000 r  
    W5                                                0.000     0.000 r  clk (IN)
                         net (fo=0)                   0.000     0.000    clk
    W5                   IBUF (Prop_ibuf_I_O)         1.388     1.388 r  clk_IBUF_inst/O
                         net (fo=1, routed)           1.862     3.250    clk_IBUF
    BUFGCTRL_X0Y1        BUFG (Prop_bufg_I_O)         0.091     3.341 r  clk_IBUF_BUFG_inst/O
                         net (fo=236, routed)         1.676     5.017    clk_IBUF_BUFG
    SLICE_X5Y134         FDRE                                         r  bpm_disp_reg[12]/C

Slack:                    inf
  Source:                 rst
                            (input port)
  Destination:            bpm_disp_reg[13]/R
                            (rising edge-triggered cell FDRE clocked by sys_clk_pin  {rise@0.000ns fall@5.000ns period=10.000ns})
  Path Group:             (none)
  Path Type:              Setup (Max at Slow Process Corner)
  Data Path Delay:        7.759ns  (logic 1.441ns (18.576%)  route 6.318ns (81.424%))
  Logic Levels:           1  (IBUF=1)
  Clock Path Skew:        5.017ns (DCD - SCD + CPR)
    Destination Clock Delay (DCD):    5.017ns
    Source Clock Delay      (SCD):    0.000ns
    Clock Pessimism Removal (CPR):    0.000ns
  Clock Uncertainty:      0.025ns  ((TSJ^2 + TIJ^2)^1/2 + DJ) / 2 + PE
    Total System Jitter     (TSJ):    0.050ns
    Total Input Jitter      (TIJ):    0.000ns
    Discrete Jitter          (DJ):    0.000ns
    Phase Error              (PE):    0.000ns

    Location             Delay type                Incr(ns)  Path(ns)    Netlist Resource(s)
  -------------------------------------------------------------------    -------------------
    U18                                               0.000     0.000 r  rst (IN)
                         net (fo=0)                   0.000     0.000    rst
    U18                  IBUF (Prop_ibuf_I_O)         1.441     1.441 r  rst_IBUF_inst/O
                         net (fo=179, routed)         6.318     7.759    rst_IBUF
    SLICE_X5Y134         FDRE                                         r  bpm_disp_reg[13]/R
  -------------------------------------------------------------------    -------------------

                         (clock sys_clk_pin rise edge)
                                                      0.000     0.000 r  
    W5                                                0.000     0.000 r  clk (IN)
                         net (fo=0)                   0.000     0.000    clk
    W5                   IBUF (Prop_ibuf_I_O)         1.388     1.388 r  clk_IBUF_inst/O
                         net (fo=1, routed)           1.862     3.250    clk_IBUF
    BUFGCTRL_X0Y1        BUFG (Prop_bufg_I_O)         0.091     3.341 r  clk_IBUF_BUFG_inst/O
                         net (fo=236, routed)         1.676     5.017    clk_IBUF_BUFG
    SLICE_X5Y134         FDRE                                         r  bpm_disp_reg[13]/C

Slack:                    inf
  Source:                 rst
                            (input port)
  Destination:            bpm_disp_reg[14]/R
                            (rising edge-triggered cell FDRE clocked by sys_clk_pin  {rise@0.000ns fall@5.000ns period=10.000ns})
  Path Group:             (none)
  Path Type:              Setup (Max at Slow Process Corner)
  Data Path Delay:        7.759ns  (logic 1.441ns (18.576%)  route 6.318ns (81.424%))
  Logic Levels:           1  (IBUF=1)
  Clock Path Skew:        5.017ns (DCD - SCD + CPR)
    Destination Clock Delay (DCD):    5.017ns
    Source Clock Delay      (SCD):    0.000ns
    Clock Pessimism Removal (CPR):    0.000ns
  Clock Uncertainty:      0.025ns  ((TSJ^2 + TIJ^2)^1/2 + DJ) / 2 + PE
    Total System Jitter     (TSJ):    0.050ns
    Total Input Jitter      (TIJ):    0.000ns
    Discrete Jitter          (DJ):    0.000ns
    Phase Error              (PE):    0.000ns

    Location             Delay type                Incr(ns)  Path(ns)    Netlist Resource(s)
  -------------------------------------------------------------------    -------------------
    U18                                               0.000     0.000 r  rst (IN)
                         net (fo=0)                   0.000     0.000    rst
    U18                  IBUF (Prop_ibuf_I_O)         1.441     1.441 r  rst_IBUF_inst/O
                         net (fo=179, routed)         6.318     7.759    rst_IBUF
    SLICE_X5Y134         FDRE                                         r  bpm_disp_reg[14]/R
  -------------------------------------------------------------------    -------------------

                         (clock sys_clk_pin rise edge)
                                                      0.000     0.000 r  
    W5                                                0.000     0.000 r  clk (IN)
                         net (fo=0)                   0.000     0.000    clk
    W5                   IBUF (Prop_ibuf_I_O)         1.388     1.388 r  clk_IBUF_inst/O
                         net (fo=1, routed)           1.862     3.250    clk_IBUF
    BUFGCTRL_X0Y1        BUFG (Prop_bufg_I_O)         0.091     3.341 r  clk_IBUF_BUFG_inst/O
                         net (fo=236, routed)         1.676     5.017    clk_IBUF_BUFG
    SLICE_X5Y134         FDRE                                         r  bpm_disp_reg[14]/C





Min Delay Paths
--------------------------------------------------------------------------------------
Slack:                    inf
  Source:                 ad_dout_i
                            (input port)
  Destination:            adc_inst/data_r_reg[0]/D
                            (rising edge-triggered cell FDRE clocked by sys_clk_pin  {rise@0.000ns fall@5.000ns period=10.000ns})
  Path Group:             (none)
  Path Type:              Hold (Min at Fast Process Corner)
  Data Path Delay:        0.633ns  (logic 0.225ns (35.552%)  route 0.408ns (64.448%))
  Logic Levels:           1  (IBUF=1)
  Clock Path Skew:        2.067ns (DCD - SCD - CPR)
    Destination Clock Delay (DCD):    2.067ns
    Source Clock Delay      (SCD):    0.000ns
    Clock Pessimism Removal (CPR):    -0.000ns

    Location             Delay type                Incr(ns)  Path(ns)    Netlist Resource(s)
  -------------------------------------------------------------------    -------------------
    A16                                               0.000     0.000 r  ad_dout_i (IN)
                         net (fo=0)                   0.000     0.000    ad_dout_i
    A16                  IBUF (Prop_ibuf_I_O)         0.225     0.225 r  ad_dout_i_IBUF_inst/O
                         net (fo=1, routed)           0.408     0.633    adc_inst/ad_dout_i
    SLICE_X1Y120         FDRE                                         r  adc_inst/data_r_reg[0]/D
  -------------------------------------------------------------------    -------------------

                         (clock sys_clk_pin rise edge)
                                                      0.000     0.000 r  
    W5                                                0.000     0.000 r  clk (IN)
                         net (fo=0)                   0.000     0.000    clk
    W5                   IBUF (Prop_ibuf_I_O)         0.414     0.414 r  clk_IBUF_inst/O
                         net (fo=1, routed)           0.685     1.099    clk_IBUF
    BUFGCTRL_X0Y1        BUFG (Prop_bufg_I_O)         0.029     1.128 r  clk_IBUF_BUFG_inst/O
                         net (fo=236, routed)         0.939     2.067    adc_inst/clk_IBUF_BUFG
    SLICE_X1Y120         FDRE                                         r  adc_inst/data_r_reg[0]/C

Slack:                    inf
  Source:                 rst
                            (input port)
  Destination:            pulse_inst/ibi_buffer_reg[0][10]/R
                            (rising edge-triggered cell FDRE clocked by sys_clk_pin  {rise@0.000ns fall@5.000ns period=10.000ns})
  Path Group:             (none)
  Path Type:              Hold (Min at Fast Process Corner)
  Data Path Delay:        1.270ns  (logic 0.210ns (16.503%)  route 1.060ns (83.497%))
  Logic Levels:           1  (IBUF=1)
  Clock Path Skew:        1.986ns (DCD - SCD - CPR)
    Destination Clock Delay (DCD):    1.986ns
    Source Clock Delay      (SCD):    0.000ns
    Clock Pessimism Removal (CPR):    -0.000ns

    Location             Delay type                Incr(ns)  Path(ns)    Netlist Resource(s)
  -------------------------------------------------------------------    -------------------
    U18                                               0.000     0.000 r  rst (IN)
                         net (fo=0)                   0.000     0.000    rst
    U18                  IBUF (Prop_ibuf_I_O)         0.210     0.210 r  rst_IBUF_inst/O
                         net (fo=179, routed)         1.060     1.270    pulse_inst/rst_IBUF
    SLICE_X1Y85          FDRE                                         r  pulse_inst/ibi_buffer_reg[0][10]/R
  -------------------------------------------------------------------    -------------------

                         (clock sys_clk_pin rise edge)
                                                      0.000     0.000 r  
    W5                                                0.000     0.000 r  clk (IN)
                         net (fo=0)                   0.000     0.000    clk
    W5                   IBUF (Prop_ibuf_I_O)         0.414     0.414 r  clk_IBUF_inst/O
                         net (fo=1, routed)           0.685     1.099    clk_IBUF
    BUFGCTRL_X0Y1        BUFG (Prop_bufg_I_O)         0.029     1.128 r  clk_IBUF_BUFG_inst/O
                         net (fo=236, routed)         0.858     1.986    pulse_inst/clk_IBUF_BUFG
    SLICE_X1Y85          FDRE                                         r  pulse_inst/ibi_buffer_reg[0][10]/C

Slack:                    inf
  Source:                 rst
                            (input port)
  Destination:            pulse_inst/ibi_buffer_reg[0][11]/R
                            (rising edge-triggered cell FDRE clocked by sys_clk_pin  {rise@0.000ns fall@5.000ns period=10.000ns})
  Path Group:             (none)
  Path Type:              Hold (Min at Fast Process Corner)
  Data Path Delay:        1.270ns  (logic 0.210ns (16.503%)  route 1.060ns (83.497%))
  Logic Levels:           1  (IBUF=1)
  Clock Path Skew:        1.986ns (DCD - SCD - CPR)
    Destination Clock Delay (DCD):    1.986ns
    Source Clock Delay      (SCD):    0.000ns
    Clock Pessimism Removal (CPR):    -0.000ns

    Location             Delay type                Incr(ns)  Path(ns)    Netlist Resource(s)
  -------------------------------------------------------------------    -------------------
    U18                                               0.000     0.000 r  rst (IN)
                         net (fo=0)                   0.000     0.000    rst
    U18                  IBUF (Prop_ibuf_I_O)         0.210     0.210 r  rst_IBUF_inst/O
                         net (fo=179, routed)         1.060     1.270    pulse_inst/rst_IBUF
    SLICE_X1Y85          FDRE                                         r  pulse_inst/ibi_buffer_reg[0][11]/R
  -------------------------------------------------------------------    -------------------

                         (clock sys_clk_pin rise edge)
                                                      0.000     0.000 r  
    W5                                                0.000     0.000 r  clk (IN)
                         net (fo=0)                   0.000     0.000    clk
    W5                   IBUF (Prop_ibuf_I_O)         0.414     0.414 r  clk_IBUF_inst/O
                         net (fo=1, routed)           0.685     1.099    clk_IBUF
    BUFGCTRL_X0Y1        BUFG (Prop_bufg_I_O)         0.029     1.128 r  clk_IBUF_BUFG_inst/O
                         net (fo=236, routed)         0.858     1.986    pulse_inst/clk_IBUF_BUFG
    SLICE_X1Y85          FDRE                                         r  pulse_inst/ibi_buffer_reg[0][11]/C

Slack:                    inf
  Source:                 rst
                            (input port)
  Destination:            pulse_inst/ibi_buffer_reg[0][8]/R
                            (rising edge-triggered cell FDRE clocked by sys_clk_pin  {rise@0.000ns fall@5.000ns period=10.000ns})
  Path Group:             (none)
  Path Type:              Hold (Min at Fast Process Corner)
  Data Path Delay:        1.270ns  (logic 0.210ns (16.503%)  route 1.060ns (83.497%))
  Logic Levels:           1  (IBUF=1)
  Clock Path Skew:        1.986ns (DCD - SCD - CPR)
    Destination Clock Delay (DCD):    1.986ns
    Source Clock Delay      (SCD):    0.000ns
    Clock Pessimism Removal (CPR):    -0.000ns

    Location             Delay type                Incr(ns)  Path(ns)    Netlist Resource(s)
  -------------------------------------------------------------------    -------------------
    U18                                               0.000     0.000 r  rst (IN)
                         net (fo=0)                   0.000     0.000    rst
    U18                  IBUF (Prop_ibuf_I_O)         0.210     0.210 r  rst_IBUF_inst/O
                         net (fo=179, routed)         1.060     1.270    pulse_inst/rst_IBUF
    SLICE_X1Y85          FDRE                                         r  pulse_inst/ibi_buffer_reg[0][8]/R
  -------------------------------------------------------------------    -------------------

                         (clock sys_clk_pin rise edge)
                                                      0.000     0.000 r  
    W5                                                0.000     0.000 r  clk (IN)
                         net (fo=0)                   0.000     0.000    clk
    W5                   IBUF (Prop_ibuf_I_O)         0.414     0.414 r  clk_IBUF_inst/O
                         net (fo=1, routed)           0.685     1.099    clk_IBUF
    BUFGCTRL_X0Y1        BUFG (Prop_bufg_I_O)         0.029     1.128 r  clk_IBUF_BUFG_inst/O
                         net (fo=236, routed)         0.858     1.986    pulse_inst/clk_IBUF_BUFG
    SLICE_X1Y85          FDRE                                         r  pulse_inst/ibi_buffer_reg[0][8]/C

Slack:                    inf
  Source:                 rst
                            (input port)
  Destination:            pulse_inst/ibi_buffer_reg[0][9]/R
                            (rising edge-triggered cell FDRE clocked by sys_clk_pin  {rise@0.000ns fall@5.000ns period=10.000ns})
  Path Group:             (none)
  Path Type:              Hold (Min at Fast Process Corner)
  Data Path Delay:        1.270ns  (logic 0.210ns (16.503%)  route 1.060ns (83.497%))
  Logic Levels:           1  (IBUF=1)
  Clock Path Skew:        1.986ns (DCD - SCD - CPR)
    Destination Clock Delay (DCD):    1.986ns
    Source Clock Delay      (SCD):    0.000ns
    Clock Pessimism Removal (CPR):    -0.000ns

    Location             Delay type                Incr(ns)  Path(ns)    Netlist Resource(s)
  -------------------------------------------------------------------    -------------------
    U18                                               0.000     0.000 r  rst (IN)
                         net (fo=0)                   0.000     0.000    rst
    U18                  IBUF (Prop_ibuf_I_O)         0.210     0.210 r  rst_IBUF_inst/O
                         net (fo=179, routed)         1.060     1.270    pulse_inst/rst_IBUF
    SLICE_X1Y85          FDRE                                         r  pulse_inst/ibi_buffer_reg[0][9]/R
  -------------------------------------------------------------------    -------------------

                         (clock sys_clk_pin rise edge)
                                                      0.000     0.000 r  
    W5                                                0.000     0.000 r  clk (IN)
                         net (fo=0)                   0.000     0.000    clk
    W5                   IBUF (Prop_ibuf_I_O)         0.414     0.414 r  clk_IBUF_inst/O
                         net (fo=1, routed)           0.685     1.099    clk_IBUF
    BUFGCTRL_X0Y1        BUFG (Prop_bufg_I_O)         0.029     1.128 r  clk_IBUF_BUFG_inst/O
                         net (fo=236, routed)         0.858     1.986    pulse_inst/clk_IBUF_BUFG
    SLICE_X1Y85          FDRE                                         r  pulse_inst/ibi_buffer_reg[0][9]/C

Slack:                    inf
  Source:                 rst
                            (input port)
  Destination:            pulse_inst/sample_counter_reg[4]/R
                            (rising edge-triggered cell FDRE clocked by sys_clk_pin  {rise@0.000ns fall@5.000ns period=10.000ns})
  Path Group:             (none)
  Path Type:              Hold (Min at Fast Process Corner)
  Data Path Delay:        1.274ns  (logic 0.210ns (16.447%)  route 1.064ns (83.553%))
  Logic Levels:           1  (IBUF=1)
  Clock Path Skew:        1.986ns (DCD - SCD - CPR)
    Destination Clock Delay (DCD):    1.986ns
    Source Clock Delay      (SCD):    0.000ns
    Clock Pessimism Removal (CPR):    -0.000ns

    Location             Delay type                Incr(ns)  Path(ns)    Netlist Resource(s)
  -------------------------------------------------------------------    -------------------
    U18                                               0.000     0.000 r  rst (IN)
                         net (fo=0)                   0.000     0.000    rst
    U18                  IBUF (Prop_ibuf_I_O)         0.210     0.210 r  rst_IBUF_inst/O
                         net (fo=179, routed)         1.064     1.274    pulse_inst/rst_IBUF
    SLICE_X0Y85          FDRE                                         r  pulse_inst/sample_counter_reg[4]/R
  -------------------------------------------------------------------    -------------------

                         (clock sys_clk_pin rise edge)
                                                      0.000     0.000 r  
    W5                                                0.000     0.000 r  clk (IN)
                         net (fo=0)                   0.000     0.000    clk
    W5                   IBUF (Prop_ibuf_I_O)         0.414     0.414 r  clk_IBUF_inst/O
                         net (fo=1, routed)           0.685     1.099    clk_IBUF
    BUFGCTRL_X0Y1        BUFG (Prop_bufg_I_O)         0.029     1.128 r  clk_IBUF_BUFG_inst/O
                         net (fo=236, routed)         0.858     1.986    pulse_inst/clk_IBUF_BUFG
    SLICE_X0Y85          FDRE                                         r  pulse_inst/sample_counter_reg[4]/C

Slack:                    inf
  Source:                 rst
                            (input port)
  Destination:            pulse_inst/sample_counter_reg[5]/R
                            (rising edge-triggered cell FDRE clocked by sys_clk_pin  {rise@0.000ns fall@5.000ns period=10.000ns})
  Path Group:             (none)
  Path Type:              Hold (Min at Fast Process Corner)
  Data Path Delay:        1.274ns  (logic 0.210ns (16.447%)  route 1.064ns (83.553%))
  Logic Levels:           1  (IBUF=1)
  Clock Path Skew:        1.986ns (DCD - SCD - CPR)
    Destination Clock Delay (DCD):    1.986ns
    Source Clock Delay      (SCD):    0.000ns
    Clock Pessimism Removal (CPR):    -0.000ns

    Location             Delay type                Incr(ns)  Path(ns)    Netlist Resource(s)
  -------------------------------------------------------------------    -------------------
    U18                                               0.000     0.000 r  rst (IN)
                         net (fo=0)                   0.000     0.000    rst
    U18                  IBUF (Prop_ibuf_I_O)         0.210     0.210 r  rst_IBUF_inst/O
                         net (fo=179, routed)         1.064     1.274    pulse_inst/rst_IBUF
    SLICE_X0Y85          FDRE                                         r  pulse_inst/sample_counter_reg[5]/R
  -------------------------------------------------------------------    -------------------

                         (clock sys_clk_pin rise edge)
                                                      0.000     0.000 r  
    W5                                                0.000     0.000 r  clk (IN)
                         net (fo=0)                   0.000     0.000    clk
    W5                   IBUF (Prop_ibuf_I_O)         0.414     0.414 r  clk_IBUF_inst/O
                         net (fo=1, routed)           0.685     1.099    clk_IBUF
    BUFGCTRL_X0Y1        BUFG (Prop_bufg_I_O)         0.029     1.128 r  clk_IBUF_BUFG_inst/O
                         net (fo=236, routed)         0.858     1.986    pulse_inst/clk_IBUF_BUFG
    SLICE_X0Y85          FDRE                                         r  pulse_inst/sample_counter_reg[5]/C

Slack:                    inf
  Source:                 rst
                            (input port)
  Destination:            pulse_inst/sample_counter_reg[6]/R
                            (rising edge-triggered cell FDRE clocked by sys_clk_pin  {rise@0.000ns fall@5.000ns period=10.000ns})
  Path Group:             (none)
  Path Type:              Hold (Min at Fast Process Corner)
  Data Path Delay:        1.274ns  (logic 0.210ns (16.447%)  route 1.064ns (83.553%))
  Logic Levels:           1  (IBUF=1)
  Clock Path Skew:        1.986ns (DCD - SCD - CPR)
    Destination Clock Delay (DCD):    1.986ns
    Source Clock Delay      (SCD):    0.000ns
    Clock Pessimism Removal (CPR):    -0.000ns

    Location             Delay type                Incr(ns)  Path(ns)    Netlist Resource(s)
  -------------------------------------------------------------------    -------------------
    U18                                               0.000     0.000 r  rst (IN)
                         net (fo=0)                   0.000     0.000    rst
    U18                  IBUF (Prop_ibuf_I_O)         0.210     0.210 r  rst_IBUF_inst/O
                         net (fo=179, routed)         1.064     1.274    pulse_inst/rst_IBUF
    SLICE_X0Y85          FDRE                                         r  pulse_inst/sample_counter_reg[6]/R
  -------------------------------------------------------------------    -------------------

                         (clock sys_clk_pin rise edge)
                                                      0.000     0.000 r  
    W5                                                0.000     0.000 r  clk (IN)
                         net (fo=0)                   0.000     0.000    clk
    W5                   IBUF (Prop_ibuf_I_O)         0.414     0.414 r  clk_IBUF_inst/O
                         net (fo=1, routed)           0.685     1.099    clk_IBUF
    BUFGCTRL_X0Y1        BUFG (Prop_bufg_I_O)         0.029     1.128 r  clk_IBUF_BUFG_inst/O
                         net (fo=236, routed)         0.858     1.986    pulse_inst/clk_IBUF_BUFG
    SLICE_X0Y85          FDRE                                         r  pulse_inst/sample_counter_reg[6]/C

Slack:                    inf
  Source:                 rst
                            (input port)
  Destination:            pulse_inst/sample_counter_reg[7]/R
                            (rising edge-triggered cell FDRE clocked by sys_clk_pin  {rise@0.000ns fall@5.000ns period=10.000ns})
  Path Group:             (none)
  Path Type:              Hold (Min at Fast Process Corner)
  Data Path Delay:        1.274ns  (logic 0.210ns (16.447%)  route 1.064ns (83.553%))
  Logic Levels:           1  (IBUF=1)
  Clock Path Skew:        1.986ns (DCD - SCD - CPR)
    Destination Clock Delay (DCD):    1.986ns
    Source Clock Delay      (SCD):    0.000ns
    Clock Pessimism Removal (CPR):    -0.000ns

    Location             Delay type                Incr(ns)  Path(ns)    Netlist Resource(s)
  -------------------------------------------------------------------    -------------------
    U18                                               0.000     0.000 r  rst (IN)
                         net (fo=0)                   0.000     0.000    rst
    U18                  IBUF (Prop_ibuf_I_O)         0.210     0.210 r  rst_IBUF_inst/O
                         net (fo=179, routed)         1.064     1.274    pulse_inst/rst_IBUF
    SLICE_X0Y85          FDRE                                         r  pulse_inst/sample_counter_reg[7]/R
  -------------------------------------------------------------------    -------------------

                         (clock sys_clk_pin rise edge)
                                                      0.000     0.000 r  
    W5                                                0.000     0.000 r  clk (IN)
                         net (fo=0)                   0.000     0.000    clk
    W5                   IBUF (Prop_ibuf_I_O)         0.414     0.414 r  clk_IBUF_inst/O
                         net (fo=1, routed)           0.685     1.099    clk_IBUF
    BUFGCTRL_X0Y1        BUFG (Prop_bufg_I_O)         0.029     1.128 r  clk_IBUF_BUFG_inst/O
                         net (fo=236, routed)         0.858     1.986    pulse_inst/clk_IBUF_BUFG
    SLICE_X0Y85          FDRE                                         r  pulse_inst/sample_counter_reg[7]/C

Slack:                    inf
  Source:                 rst
                            (input port)
  Destination:            pulse_inst/ibi_buffer_reg[2][13]/R
                            (rising edge-triggered cell FDRE clocked by sys_clk_pin  {rise@0.000ns fall@5.000ns period=10.000ns})
  Path Group:             (none)
  Path Type:              Hold (Min at Fast Process Corner)
  Data Path Delay:        1.288ns  (logic 0.210ns (16.272%)  route 1.078ns (83.728%))
  Logic Levels:           1  (IBUF=1)
  Clock Path Skew:        1.983ns (DCD - SCD - CPR)
    Destination Clock Delay (DCD):    1.983ns
    Source Clock Delay      (SCD):    0.000ns
    Clock Pessimism Removal (CPR):    -0.000ns

    Location             Delay type                Incr(ns)  Path(ns)    Netlist Resource(s)
  -------------------------------------------------------------------    -------------------
    U18                                               0.000     0.000 r  rst (IN)
                         net (fo=0)                   0.000     0.000    rst
    U18                  IBUF (Prop_ibuf_I_O)         0.210     0.210 r  rst_IBUF_inst/O
                         net (fo=179, routed)         1.078     1.288    pulse_inst/rst_IBUF
    SLICE_X5Y84          FDRE                                         r  pulse_inst/ibi_buffer_reg[2][13]/R
  -------------------------------------------------------------------    -------------------

                         (clock sys_clk_pin rise edge)
                                                      0.000     0.000 r  
    W5                                                0.000     0.000 r  clk (IN)
                         net (fo=0)                   0.000     0.000    clk
    W5                   IBUF (Prop_ibuf_I_O)         0.414     0.414 r  clk_IBUF_inst/O
                         net (fo=1, routed)           0.685     1.099    clk_IBUF
    BUFGCTRL_X0Y1        BUFG (Prop_bufg_I_O)         0.029     1.128 r  clk_IBUF_BUFG_inst/O
                         net (fo=236, routed)         0.855     1.983    pulse_inst/clk_IBUF_BUFG
    SLICE_X5Y84          FDRE                                         r  pulse_inst/ibi_buffer_reg[2][13]/C





